sample_name	osd_id	hardware	cfd_hardware	flight_final	gravity_key	organ_final	cfd_scale	gravity_g	g_bl_mol_m2_s	delta_mm	sherwood	dC_CO2_mean_bl	o2_excess_ppm_bl	u_max	Ra_H2O	dC_H2O_mean	dC_H2O_peak	dC_CO2_mean	dC_CO2_peak	dC_O2_mean	dC_O2_peak	surf_dC_H2O_hw	surf_dC_CO2_hw	dishmean_CO2_hw	carbon_12h_pct_earth	A_start_umol_m2_s	A_end_umol_m2_s	net_assimilation_pct	co2_drawdown_mean_ppm	co2_drawdown_peak_ppm	o2_buildup_mean_ppm	enclosure_type	co2_depletion_min	co2_stress_hr	o2_hypoxia_days	earth_equiv_fan_cm_s	has_forced_airflow	fan_cm_s
Atha_WS-0_Col-0_Hypocotyl_FLT_Rep1	OSD-7	APEX-TAGES	BRIC	FLT	ug	hypocotyl	leaf	0.0	0.494	1.35	11.1	-0.326	5.1	0.0	0	0.231	0.263	-0.326	-0.373	0.215	0.245	0.245	0.312	-0.103	1.0	3.82	0.0	97.9	7.8	8.9	5.1	sealed	7.0	9.4	6.5	2.8	0	0.0
Atha_WS-0_Col-0_Hypocotyl_FLT_Rep2	OSD-7	APEX-TAGES	BRIC	FLT	ug	hypocotyl	leaf	0.0	0.494	1.35	11.1	-0.326	5.1	0.0	0	0.231	0.263	-0.326	-0.373	0.215	0.245	0.245	0.312	-0.103	1.0	3.82	0.0	97.9	7.8	8.9	5.1	sealed	7.0	9.4	6.5	2.8	0	0.0
Atha_WS-0_Col-0_Hypocotyl_FLT_Rep3	OSD-7	APEX-TAGES	BRIC	FLT	ug	hypocotyl	leaf	0.0	0.494	1.35	11.1	-0.326	5.1	0.0	0	0.231	0.263	-0.326	-0.373	0.215	0.245	0.245	0.312	-0.103	1.0	3.82	0.0	97.9	7.8	8.9	5.1	sealed	7.0	9.4	6.5	2.8	0	0.0
Atha_WS-0_Col-0_Hypocotyl_FLT_Rep4	OSD-7	APEX-TAGES	BRIC	FLT	ug	hypocotyl	leaf	0.0	0.494	1.35	11.1	-0.326	5.1	0.0	0	0.231	0.263	-0.326	-0.373	0.215	0.245	0.245	0.312	-0.103	1.0	3.82	0.0	97.9	7.8	8.9	5.1	sealed	7.0	9.4	6.5	2.8	0	0.0
Atha_WS-0_Col-0_Hypocotyl_FLT_Rep5	OSD-7	APEX-TAGES	BRIC	FLT	ug	hypocotyl	leaf	0.0	0.494	1.35	11.1	-0.326	5.1	0.0	0	0.231	0.263	-0.326	-0.373	0.215	0.245	0.245	0.312	-0.103	1.0	3.82	0.0	97.9	7.8	8.9	5.1	sealed	7.0	9.4	6.5	2.8	0	0.0
Atha_WS-0_Col-0_Hypocotyl_GC_Rep1	OSD-7	APEX-TAGES	BRIC	GC	earth	hypocotyl	leaf	9.81	1.0	0.67	22.5	-0.161	2.7	0.0461	14000	0.128	0.188	-0.161	-0.246	0.113	0.169	0.128	-0.161	0.0	100.0			98.9	3.8	5.9	2.7	sealed				2.8	0	0.0
Atha_WS-0_Col-0_Hypocotyl_GC_Rep2	OSD-7	APEX-TAGES	BRIC	GC	earth	hypocotyl	leaf	9.81	1.0	0.67	22.5	-0.161	2.7	0.0461	14000	0.128	0.188	-0.161	-0.246	0.113	0.169	0.128	-0.161	0.0	100.0			98.9	3.8	5.9	2.7	sealed				2.8	0	0.0
Atha_WS-0_Col-0_Hypocotyl_GC_Rep3	OSD-7	APEX-TAGES	BRIC	GC	earth	hypocotyl	leaf	9.81	1.0	0.67	22.5	-0.161	2.7	0.0461	14000	0.128	0.188	-0.161	-0.246	0.113	0.169	0.128	-0.161	0.0	100.0			98.9	3.8	5.9	2.7	sealed				2.8	0	0.0
Atha_WS-0_Col-0_Hypocotyl_GC_Rep4	OSD-7	APEX-TAGES	BRIC	GC	earth	hypocotyl	leaf	9.81	1.0	0.67	22.5	-0.161	2.7	0.0461	14000	0.128	0.188	-0.161	-0.246	0.113	0.169	0.128	-0.161	0.0	100.0			98.9	3.8	5.9	2.7	sealed				2.8	0	0.0
Atha_WS-0_Col-0_Hypocotyl_GC_Rep5	OSD-7	APEX-TAGES	BRIC	GC	earth	hypocotyl	leaf	9.81	1.0	0.67	22.5	-0.161	2.7	0.0461	14000	0.128	0.188	-0.161	-0.246	0.113	0.169	0.128	-0.161	0.0	100.0			98.9	3.8	5.9	2.7	sealed				2.8	0	0.0
Atha_WS-0_Col-0_Root_FLT_Rep1	OSD-7	APEX-TAGES	BRIC	FLT	ug	root	leaf	0.0	0.494	1.35	11.1	-0.326	5.1	0.0	0	0.231	0.263	-0.326	-0.373	0.215	0.245	0.245	0.312	-0.103	1.0	3.82	0.0	97.9	7.8	8.9	5.1	sealed	7.0	9.4	6.5	2.8	0	0.0
Atha_WS-0_Col-0_Root_FLT_Rep2	OSD-7	APEX-TAGES	BRIC	FLT	ug	root	leaf	0.0	0.494	1.35	11.1	-0.326	5.1	0.0	0	0.231	0.263	-0.326	-0.373	0.215	0.245	0.245	0.312	-0.103	1.0	3.82	0.0	97.9	7.8	8.9	5.1	sealed	7.0	9.4	6.5	2.8	0	0.0
Atha_WS-0_Col-0_Root_FLT_Rep3	OSD-7	APEX-TAGES	BRIC	FLT	ug	root	leaf	0.0	0.494	1.35	11.1	-0.326	5.1	0.0	0	0.231	0.263	-0.326	-0.373	0.215	0.245	0.245	0.312	-0.103	1.0	3.82	0.0	97.9	7.8	8.9	5.1	sealed	7.0	9.4	6.5	2.8	0	0.0
Atha_WS-0_Col-0_Root_FLT_Rep4	OSD-7	APEX-TAGES	BRIC	FLT	ug	root	leaf	0.0	0.494	1.35	11.1	-0.326	5.1	0.0	0	0.231	0.263	-0.326	-0.373	0.215	0.245	0.245	0.312	-0.103	1.0	3.82	0.0	97.9	7.8	8.9	5.1	sealed	7.0	9.4	6.5	2.8	0	0.0
Atha_WS-0_Col-0_Root_FLT_Rep5	OSD-7	APEX-TAGES	BRIC	FLT	ug	root	leaf	0.0	0.494	1.35	11.1	-0.326	5.1	0.0	0	0.231	0.263	-0.326	-0.373	0.215	0.245	0.245	0.312	-0.103	1.0	3.82	0.0	97.9	7.8	8.9	5.1	sealed	7.0	9.4	6.5	2.8	0	0.0
Atha_WS-0_Col-0_Root_GC_Rep1	OSD-7	APEX-TAGES	BRIC	GC	earth	root	leaf	9.81	1.0	0.67	22.5	-0.161	2.7	0.0461	14000	0.128	0.188	-0.161	-0.246	0.113	0.169	0.128	-0.161	0.0	100.0			98.9	3.8	5.9	2.7	sealed				2.8	0	0.0
Atha_WS-0_Col-0_Root_GC_Rep2	OSD-7	APEX-TAGES	BRIC	GC	earth	root	leaf	9.81	1.0	0.67	22.5	-0.161	2.7	0.0461	14000	0.128	0.188	-0.161	-0.246	0.113	0.169	0.128	-0.161	0.0	100.0			98.9	3.8	5.9	2.7	sealed				2.8	0	0.0
Atha_WS-0_Col-0_Root_GC_Rep3	OSD-7	APEX-TAGES	BRIC	GC	earth	root	leaf	9.81	1.0	0.67	22.5	-0.161	2.7	0.0461	14000	0.128	0.188	-0.161	-0.246	0.113	0.169	0.128	-0.161	0.0	100.0			98.9	3.8	5.9	2.7	sealed				2.8	0	0.0
Atha_WS-0_Col-0_Root_GC_Rep4	OSD-7	APEX-TAGES	BRIC	GC	earth	root	leaf	9.81	1.0	0.67	22.5	-0.161	2.7	0.0461	14000	0.128	0.188	-0.161	-0.246	0.113	0.169	0.128	-0.161	0.0	100.0			98.9	3.8	5.9	2.7	sealed				2.8	0	0.0
Atha_WS-0_Col-0_Root_GC_Rep5	OSD-7	APEX-TAGES	BRIC	GC	earth	root	leaf	9.81	1.0	0.67	22.5	-0.161	2.7	0.0461	14000	0.128	0.188	-0.161	-0.246	0.113	0.169	0.128	-0.161	0.0	100.0			98.9	3.8	5.9	2.7	sealed				2.8	0	0.0
Atha_WS-0_Col-0_Shoot_FLT_Rep1	OSD-7	APEX-TAGES	BRIC	FLT	ug	shoot	leaf	0.0	0.494	1.35	11.1	-0.326	5.1	0.0	0	0.231	0.263	-0.326	-0.373	0.215	0.245	0.245	0.312	-0.103	1.0	3.82	0.0	97.9	7.8	8.9	5.1	sealed	7.0	9.4	6.5	2.8	0	0.0
Atha_WS-0_Col-0_Shoot_FLT_Rep2	OSD-7	APEX-TAGES	BRIC	FLT	ug	shoot	leaf	0.0	0.494	1.35	11.1	-0.326	5.1	0.0	0	0.231	0.263	-0.326	-0.373	0.215	0.245	0.245	0.312	-0.103	1.0	3.82	0.0	97.9	7.8	8.9	5.1	sealed	7.0	9.4	6.5	2.8	0	0.0
Atha_WS-0_Col-0_Shoot_FLT_Rep3	OSD-7	APEX-TAGES	BRIC	FLT	ug	shoot	leaf	0.0	0.494	1.35	11.1	-0.326	5.1	0.0	0	0.231	0.263	-0.326	-0.373	0.215	0.245	0.245	0.312	-0.103	1.0	3.82	0.0	97.9	7.8	8.9	5.1	sealed	7.0	9.4	6.5	2.8	0	0.0
Atha_WS-0_Col-0_Shoot_FLT_Rep4	OSD-7	APEX-TAGES	BRIC	FLT	ug	shoot	leaf	0.0	0.494	1.35	11.1	-0.326	5.1	0.0	0	0.231	0.263	-0.326	-0.373	0.215	0.245	0.245	0.312	-0.103	1.0	3.82	0.0	97.9	7.8	8.9	5.1	sealed	7.0	9.4	6.5	2.8	0	0.0
Atha_WS-0_Col-0_Shoot_FLT_Rep5	OSD-7	APEX-TAGES	BRIC	FLT	ug	shoot	leaf	0.0	0.494	1.35	11.1	-0.326	5.1	0.0	0	0.231	0.263	-0.326	-0.373	0.215	0.245	0.245	0.312	-0.103	1.0	3.82	0.0	97.9	7.8	8.9	5.1	sealed	7.0	9.4	6.5	2.8	0	0.0
Atha_WS-0_Col-0_Shoot_GC_Rep1	OSD-7	APEX-TAGES	BRIC	GC	earth	shoot	leaf	9.81	1.0	0.67	22.5	-0.161	2.7	0.0461	14000	0.128	0.188	-0.161	-0.246	0.113	0.169	0.128	-0.161	0.0	100.0			98.9	3.8	5.9	2.7	sealed				2.8	0	0.0
Atha_WS-0_Col-0_Shoot_GC_Rep2	OSD-7	APEX-TAGES	BRIC	GC	earth	shoot	leaf	9.81	1.0	0.67	22.5	-0.161	2.7	0.0461	14000	0.128	0.188	-0.161	-0.246	0.113	0.169	0.128	-0.161	0.0	100.0			98.9	3.8	5.9	2.7	sealed				2.8	0	0.0
Atha_WS-0_Col-0_Shoot_GC_Rep3	OSD-7	APEX-TAGES	BRIC	GC	earth	shoot	leaf	9.81	1.0	0.67	22.5	-0.161	2.7	0.0461	14000	0.128	0.188	-0.161	-0.246	0.113	0.169	0.128	-0.161	0.0	100.0			98.9	3.8	5.9	2.7	sealed				2.8	0	0.0
Atha_WS-0_Col-0_Shoot_GC_Rep4	OSD-7	APEX-TAGES	BRIC	GC	earth	shoot	leaf	9.81	1.0	0.67	22.5	-0.161	2.7	0.0461	14000	0.128	0.188	-0.161	-0.246	0.113	0.169	0.128	-0.161	0.0	100.0			98.9	3.8	5.9	2.7	sealed				2.8	0	0.0
Atha_WS-0_Col-0_Shoot_GC_Rep5	OSD-7	APEX-TAGES	BRIC	GC	earth	shoot	leaf	9.81	1.0	0.67	22.5	-0.161	2.7	0.0461	14000	0.128	0.188	-0.161	-0.246	0.113	0.169	0.128	-0.161	0.0	100.0			98.9	3.8	5.9	2.7	sealed				2.8	0	0.0
Atha_WS-0_Whole-Plant_FLT_Rep1	OSD-7	APEX-TAGES	BRIC	FLT	ug	whole_seedling	rosette	0.0	0.291	2.29	8.8	-0.554	8.6	0.0	0	0.384	0.698	-0.554	-1.033	0.36	0.659	0.471	0.577	-0.256	1.0	3.82	0.0	96.5	13.2	24.7	8.6	sealed	7.0	9.4	6.5	11.0	0	0.0
Atha_WS-0_Whole-Plant_FLT_Rep2	OSD-7	APEX-TAGES	BRIC	FLT	ug	whole_seedling	rosette	0.0	0.291	2.29	8.8	-0.554	8.6	0.0	0	0.384	0.698	-0.554	-1.033	0.36	0.659	0.471	0.577	-0.256	1.0	3.82	0.0	96.5	13.2	24.7	8.6	sealed	7.0	9.4	6.5	11.0	0	0.0
Atha_WS-0_Whole-Plant_FLT_Rep3	OSD-7	APEX-TAGES	BRIC	FLT	ug	whole_seedling	rosette	0.0	0.291	2.29	8.8	-0.554	8.6	0.0	0	0.384	0.698	-0.554	-1.033	0.36	0.659	0.471	0.577	-0.256	1.0	3.82	0.0	96.5	13.2	24.7	8.6	sealed	7.0	9.4	6.5	11.0	0	0.0
Atha_WS-0_Whole-Plant_GC_Rep1	OSD-7	APEX-TAGES	BRIC	GC	earth	whole_seedling	rosette	9.81	0.54	1.23	16.4	-0.298	4.8	0.0458	62000	0.225	0.509	-0.298	-0.715	0.202	0.469	0.225	-0.298	0.0	100.0				7.1	17.1	4.8	sealed				11.0	0	0.0
Atha_WS-0_Whole-Plant_GC_Rep2	OSD-7	APEX-TAGES	BRIC	GC	earth	whole_seedling	rosette	9.81	0.54	1.23	16.4	-0.298	4.8	0.0458	62000	0.225	0.509	-0.298	-0.715	0.202	0.469	0.225	-0.298	0.0	100.0				7.1	17.1	4.8	sealed				11.0	0	0.0
Atha_WS-0_Whole-Plant_GC_Rep3	OSD-7	APEX-TAGES	BRIC	GC	earth	whole_seedling	rosette	9.81	0.54	1.23	16.4	-0.298	4.8	0.0458	62000	0.225	0.509	-0.298	-0.715	0.202	0.469	0.225	-0.298	0.0	100.0				7.1	17.1	4.8	sealed				11.0	0	0.0
Atha_Col-0_UdCC_FLT_BB2	OSD-17	BRIC	BRIC	FLT	ug	undifferentiated cell culture	leaf	0.0	0.494	1.35	11.1	-0.326	5.1	0.0	0	0.231	0.263	-0.326	-0.373	0.215	0.245	0.245	0.312	-0.103	1.0	3.82	0.0	97.9	7.8	8.9	5.1	sealed	7.0	9.4	6.5	2.8	0	0.0
Atha_Col-0_UdCC_FLT_BB3	OSD-17	BRIC	BRIC	FLT	ug	undifferentiated cell culture	leaf	0.0	0.494	1.35	11.1	-0.326	5.1	0.0	0	0.231	0.263	-0.326	-0.373	0.215	0.245	0.245	0.312	-0.103	1.0	3.82	0.0	97.9	7.8	8.9	5.1	sealed	7.0	9.4	6.5	2.8	0	0.0
Atha_Col-0_UdCC_FLT_BB4	OSD-17	BRIC	BRIC	FLT	ug	undifferentiated cell culture	leaf	0.0	0.494	1.35	11.1	-0.326	5.1	0.0	0	0.231	0.263	-0.326	-0.373	0.215	0.245	0.245	0.312	-0.103	1.0	3.82	0.0	97.9	7.8	8.9	5.1	sealed	7.0	9.4	6.5	2.8	0	0.0
Atha_Col-0_UdCC_FLT_BB5	OSD-17	BRIC	BRIC	FLT	ug	undifferentiated cell culture	leaf	0.0	0.494	1.35	11.1	-0.326	5.1	0.0	0	0.231	0.263	-0.326	-0.373	0.215	0.245	0.245	0.312	-0.103	1.0	3.82	0.0	97.9	7.8	8.9	5.1	sealed	7.0	9.4	6.5	2.8	0	0.0
Atha_Col-0_UdCC_FLT_BG2	OSD-17	BRIC	BRIC	FLT	ug	undifferentiated cell culture	leaf	0.0	0.494	1.35	11.1	-0.326	5.1	0.0	0	0.231	0.263	-0.326	-0.373	0.215	0.245	0.245	0.312	-0.103	1.0	3.82	0.0	97.9	7.8	8.9	5.1	sealed	7.0	9.4	6.5	2.8	0	0.0
Atha_Col-0_UdCC_FLT_BG3	OSD-17	BRIC	BRIC	FLT	ug	undifferentiated cell culture	leaf	0.0	0.494	1.35	11.1	-0.326	5.1	0.0	0	0.231	0.263	-0.326	-0.373	0.215	0.245	0.245	0.312	-0.103	1.0	3.82	0.0	97.9	7.8	8.9	5.1	sealed	7.0	9.4	6.5	2.8	0	0.0
Atha_Col-0_UdCC_GC_BB2	OSD-17	BRIC	BRIC	GC	earth	undifferentiated cell culture	leaf	9.81	1.0	0.67	22.5	-0.161	2.7	0.0461	14000	0.128	0.188	-0.161	-0.246	0.113	0.169	0.128	-0.161	0.0	100.0			98.9	3.8	5.9	2.7	sealed				2.8	0	0.0
Atha_Col-0_UdCC_GC_BB3	OSD-17	BRIC	BRIC	GC	earth	undifferentiated cell culture	leaf	9.81	1.0	0.67	22.5	-0.161	2.7	0.0461	14000	0.128	0.188	-0.161	-0.246	0.113	0.169	0.128	-0.161	0.0	100.0			98.9	3.8	5.9	2.7	sealed				2.8	0	0.0
Atha_Col-0_UdCC_GC_BB4	OSD-17	BRIC	BRIC	GC	earth	undifferentiated cell culture	leaf	9.81	1.0	0.67	22.5	-0.161	2.7	0.0461	14000	0.128	0.188	-0.161	-0.246	0.113	0.169	0.128	-0.161	0.0	100.0			98.9	3.8	5.9	2.7	sealed				2.8	0	0.0
Atha_Col-0_UdCC_GC_BB5	OSD-17	BRIC	BRIC	GC	earth	undifferentiated cell culture	leaf	9.81	1.0	0.67	22.5	-0.161	2.7	0.0461	14000	0.128	0.188	-0.161	-0.246	0.113	0.169	0.128	-0.161	0.0	100.0			98.9	3.8	5.9	2.7	sealed				2.8	0	0.0
Atha_Col-0_UdCC_GC_BG2	OSD-17	BRIC	BRIC	GC	earth	undifferentiated cell culture	leaf	9.81	1.0	0.67	22.5	-0.161	2.7	0.0461	14000	0.128	0.188	-0.161	-0.246	0.113	0.169	0.128	-0.161	0.0	100.0			98.9	3.8	5.9	2.7	sealed				2.8	0	0.0
Atha_Col-0_UdCC_GC_BG3	OSD-17	BRIC	BRIC	GC	earth	undifferentiated cell culture	leaf	9.81	1.0	0.67	22.5	-0.161	2.7	0.0461	14000	0.128	0.188	-0.161	-0.246	0.113	0.169	0.128	-0.161	0.0	100.0			98.9	3.8	5.9	2.7	sealed				2.8	0	0.0
Atha_Col-0_sl_FLT_BA1	OSD-17	BRIC	BRIC	FLT	ug	whole_seedling	rosette	0.0	0.291	2.29	8.8	-0.554	8.6	0.0	0	0.384	0.698	-0.554	-1.033	0.36	0.659	0.471	0.577	-0.256	1.0	3.82	0.0	96.5	13.2	24.7	8.6	sealed	7.0	9.4	6.5	11.0	0	0.0
Atha_Col-0_sl_FLT_BA2	OSD-17	BRIC	BRIC	FLT	ug	whole_seedling	rosette	0.0	0.291	2.29	8.8	-0.554	8.6	0.0	0	0.384	0.698	-0.554	-1.033	0.36	0.659	0.471	0.577	-0.256	1.0	3.82	0.0	96.5	13.2	24.7	8.6	sealed	7.0	9.4	6.5	11.0	0	0.0
Atha_Col-0_sl_FLT_BA3	OSD-17	BRIC	BRIC	FLT	ug	whole_seedling	rosette	0.0	0.291	2.29	8.8	-0.554	8.6	0.0	0	0.384	0.698	-0.554	-1.033	0.36	0.659	0.471	0.577	-0.256	1.0	3.82	0.0	96.5	13.2	24.7	8.6	sealed	7.0	9.4	6.5	11.0	0	0.0
Atha_Col-0_sl_FLT_BA4	OSD-17	BRIC	BRIC	FLT	ug	whole_seedling	rosette	0.0	0.291	2.29	8.8	-0.554	8.6	0.0	0	0.384	0.698	-0.554	-1.033	0.36	0.659	0.471	0.577	-0.256	1.0	3.82	0.0	96.5	13.2	24.7	8.6	sealed	7.0	9.4	6.5	11.0	0	0.0
Atha_Col-0_sl_FLT_BA5	OSD-17	BRIC	BRIC	FLT	ug	whole_seedling	rosette	0.0	0.291	2.29	8.8	-0.554	8.6	0.0	0	0.384	0.698	-0.554	-1.033	0.36	0.659	0.471	0.577	-0.256	1.0	3.82	0.0	96.5	13.2	24.7	8.6	sealed	7.0	9.4	6.5	11.0	0	0.0
Atha_Col-0_sl_FLT_BG1	OSD-17	BRIC	BRIC	FLT	ug	whole_seedling	rosette	0.0	0.291	2.29	8.8	-0.554	8.6	0.0	0	0.384	0.698	-0.554	-1.033	0.36	0.659	0.471	0.577	-0.256	1.0	3.82	0.0	96.5	13.2	24.7	8.6	sealed	7.0	9.4	6.5	11.0	0	0.0
Atha_Col-0_sl_GC_BA1	OSD-17	BRIC	BRIC	GC	earth	whole_seedling	rosette	9.81	0.54	1.23	16.4	-0.298	4.8	0.0458	62000	0.225	0.509	-0.298	-0.715	0.202	0.469	0.225	-0.298	0.0	100.0				7.1	17.1	4.8	sealed				11.0	0	0.0
Atha_Col-0_sl_GC_BA2	OSD-17	BRIC	BRIC	GC	earth	whole_seedling	rosette	9.81	0.54	1.23	16.4	-0.298	4.8	0.0458	62000	0.225	0.509	-0.298	-0.715	0.202	0.469	0.225	-0.298	0.0	100.0				7.1	17.1	4.8	sealed				11.0	0	0.0
Atha_Col-0_sl_GC_BA3	OSD-17	BRIC	BRIC	GC	earth	whole_seedling	rosette	9.81	0.54	1.23	16.4	-0.298	4.8	0.0458	62000	0.225	0.509	-0.298	-0.715	0.202	0.469	0.225	-0.298	0.0	100.0				7.1	17.1	4.8	sealed				11.0	0	0.0
Atha_Col-0_sl_GC_BA4	OSD-17	BRIC	BRIC	GC	earth	whole_seedling	rosette	9.81	0.54	1.23	16.4	-0.298	4.8	0.0458	62000	0.225	0.509	-0.298	-0.715	0.202	0.469	0.225	-0.298	0.0	100.0				7.1	17.1	4.8	sealed				11.0	0	0.0
Atha_Col-0_sl_GC_BA5	OSD-17	BRIC	BRIC	GC	earth	whole_seedling	rosette	9.81	0.54	1.23	16.4	-0.298	4.8	0.0458	62000	0.225	0.509	-0.298	-0.715	0.202	0.469	0.225	-0.298	0.0	100.0				7.1	17.1	4.8	sealed				11.0	0	0.0
Atha_Col-0_sl_GC_BG1	OSD-17	BRIC	BRIC	GC	earth	whole_seedling	rosette	9.81	0.54	1.23	16.4	-0.298	4.8	0.0458	62000	0.225	0.509	-0.298	-0.715	0.202	0.469	0.225	-0.298	0.0	100.0				7.1	17.1	4.8	sealed				11.0	0	0.0
Atha_Col-0_sl-pool_FLT_Rep1_R1-FL-A1	OSD-37	BRIC	BRIC	FLT	ug	whole_seedling	rosette	0.0	0.291	2.29	8.8	-0.554	8.6	0.0	0	0.384	0.698	-0.554	-1.033	0.36	0.659	0.471	0.577	-0.256	1.0	3.82	0.0	96.5	13.2	24.7	8.6	sealed	7.0	9.4	6.5	11.0	0	0.0
Atha_Col-0_sl-pool_FLT_Rep2_R1-FL-A4	OSD-37	BRIC	BRIC	FLT	ug	whole_seedling	rosette	0.0	0.291	2.29	8.8	-0.554	8.6	0.0	0	0.384	0.698	-0.554	-1.033	0.36	0.659	0.471	0.577	-0.256	1.0	3.82	0.0	96.5	13.2	24.7	8.6	sealed	7.0	9.4	6.5	11.0	0	0.0
Atha_Col-0_sl-pool_FLT_Rep3_R1-FL-B1	OSD-37	BRIC	BRIC	FLT	ug	whole_seedling	rosette	0.0	0.291	2.29	8.8	-0.554	8.6	0.0	0	0.384	0.698	-0.554	-1.033	0.36	0.659	0.471	0.577	-0.256	1.0	3.82	0.0	96.5	13.2	24.7	8.6	sealed	7.0	9.4	6.5	11.0	0	0.0
Atha_Col-0_sl-pool_FLT_Rep4_R1-FL-B4	OSD-37	BRIC	BRIC	FLT	ug	whole_seedling	rosette	0.0	0.291	2.29	8.8	-0.554	8.6	0.0	0	0.384	0.698	-0.554	-1.033	0.36	0.659	0.471	0.577	-0.256	1.0	3.82	0.0	96.5	13.2	24.7	8.6	sealed	7.0	9.4	6.5	11.0	0	0.0
Atha_Col-0_sl-pool_FLT_Rep5_R2-FL-A1	OSD-37	BRIC	BRIC	FLT	ug	whole_seedling	rosette	0.0	0.291	2.29	8.8	-0.554	8.6	0.0	0	0.384	0.698	-0.554	-1.033	0.36	0.659	0.471	0.577	-0.256	1.0	3.82	0.0	96.5	13.2	24.7	8.6	sealed	7.0	9.4	6.5	11.0	0	0.0
Atha_Col-0_sl-pool_FLT_Rep6_R2-FL-A4	OSD-37	BRIC	BRIC	FLT	ug	whole_seedling	rosette	0.0	0.291	2.29	8.8	-0.554	8.6	0.0	0	0.384	0.698	-0.554	-1.033	0.36	0.659	0.471	0.577	-0.256	1.0	3.82	0.0	96.5	13.2	24.7	8.6	sealed	7.0	9.4	6.5	11.0	0	0.0
Atha_Col-0_sl-pool_FLT_Rep7_R2-FL-B1	OSD-37	BRIC	BRIC	FLT	ug	whole_seedling	rosette	0.0	0.291	2.29	8.8	-0.554	8.6	0.0	0	0.384	0.698	-0.554	-1.033	0.36	0.659	0.471	0.577	-0.256	1.0	3.82	0.0	96.5	13.2	24.7	8.6	sealed	7.0	9.4	6.5	11.0	0	0.0
Atha_Col-0_sl-pool_FLT_Rep8_R2-FL-B4	OSD-37	BRIC	BRIC	FLT	ug	whole_seedling	rosette	0.0	0.291	2.29	8.8	-0.554	8.6	0.0	0	0.384	0.698	-0.554	-1.033	0.36	0.659	0.471	0.577	-0.256	1.0	3.82	0.0	96.5	13.2	24.7	8.6	sealed	7.0	9.4	6.5	11.0	0	0.0
Atha_Col-0_sl-pool_GC_Rep1_R1-GC-A1	OSD-37	BRIC	BRIC	GC	earth	whole_seedling	rosette	9.81	0.54	1.23	16.4	-0.298	4.8	0.0458	62000	0.225	0.509	-0.298	-0.715	0.202	0.469	0.225	-0.298	0.0	100.0				7.1	17.1	4.8	sealed				11.0	0	0.0
Atha_Col-0_sl-pool_GC_Rep2_R1-GC-A4	OSD-37	BRIC	BRIC	GC	earth	whole_seedling	rosette	9.81	0.54	1.23	16.4	-0.298	4.8	0.0458	62000	0.225	0.509	-0.298	-0.715	0.202	0.469	0.225	-0.298	0.0	100.0				7.1	17.1	4.8	sealed				11.0	0	0.0
Atha_Col-0_sl-pool_GC_Rep3_R1-GC-B1	OSD-37	BRIC	BRIC	GC	earth	whole_seedling	rosette	9.81	0.54	1.23	16.4	-0.298	4.8	0.0458	62000	0.225	0.509	-0.298	-0.715	0.202	0.469	0.225	-0.298	0.0	100.0				7.1	17.1	4.8	sealed				11.0	0	0.0
Atha_Col-0_sl-pool_GC_Rep4_R1-GC-B4	OSD-37	BRIC	BRIC	GC	earth	whole_seedling	rosette	9.81	0.54	1.23	16.4	-0.298	4.8	0.0458	62000	0.225	0.509	-0.298	-0.715	0.202	0.469	0.225	-0.298	0.0	100.0				7.1	17.1	4.8	sealed				11.0	0	0.0
Atha_Col-0_sl-pool_GC_Rep5_R2-GC-A1	OSD-37	BRIC	BRIC	GC	earth	whole_seedling	rosette	9.81	0.54	1.23	16.4	-0.298	4.8	0.0458	62000	0.225	0.509	-0.298	-0.715	0.202	0.469	0.225	-0.298	0.0	100.0				7.1	17.1	4.8	sealed				11.0	0	0.0
Atha_Col-0_sl-pool_GC_Rep6_R2-GC-A4	OSD-37	BRIC	BRIC	GC	earth	whole_seedling	rosette	9.81	0.54	1.23	16.4	-0.298	4.8	0.0458	62000	0.225	0.509	-0.298	-0.715	0.202	0.469	0.225	-0.298	0.0	100.0				7.1	17.1	4.8	sealed				11.0	0	0.0
Atha_Col-0_sl-pool_GC_Rep7_R2-GC-B1	OSD-37	BRIC	BRIC	GC	earth	whole_seedling	rosette	9.81	0.54	1.23	16.4	-0.298	4.8	0.0458	62000	0.225	0.509	-0.298	-0.715	0.202	0.469	0.225	-0.298	0.0	100.0				7.1	17.1	4.8	sealed				11.0	0	0.0
Atha_Col-0_sl-pool_GC_Rep8_R2-GC-B4	OSD-37	BRIC	BRIC	GC	earth	whole_seedling	rosette	9.81	0.54	1.23	16.4	-0.298	4.8	0.0458	62000	0.225	0.509	-0.298	-0.715	0.202	0.469	0.225	-0.298	0.0	100.0				7.1	17.1	4.8	sealed				11.0	0	0.0
Atha_WT-Col-0_sl_FLT_Rep1_G1S1_membrane	OSD-38	BRIC	BRIC	FLT	ug	whole_seedling	rosette	0.0	0.291	2.29	8.8	-0.554	8.6	0.0	0	0.384	0.698	-0.554	-1.033	0.36	0.659	0.471	0.577	-0.256	1.0	3.82	0.0	96.5	13.2	24.7	8.6	sealed	7.0	9.4	6.5	11.0	0	0.0
Atha_WT-Col-0_sl_FLT_Rep1_G1S1_soluble	OSD-38	BRIC	BRIC	FLT	ug	whole_seedling	rosette	0.0	0.291	2.29	8.8	-0.554	8.6	0.0	0	0.384	0.698	-0.554	-1.033	0.36	0.659	0.471	0.577	-0.256	1.0	3.82	0.0	96.5	13.2	24.7	8.6	sealed	7.0	9.4	6.5	11.0	0	0.0
Atha_WT-Col-0_sl_FLT_Rep2_G1S2_membrane	OSD-38	BRIC	BRIC	FLT	ug	whole_seedling	rosette	0.0	0.291	2.29	8.8	-0.554	8.6	0.0	0	0.384	0.698	-0.554	-1.033	0.36	0.659	0.471	0.577	-0.256	1.0	3.82	0.0	96.5	13.2	24.7	8.6	sealed	7.0	9.4	6.5	11.0	0	0.0
Atha_WT-Col-0_sl_FLT_Rep2_G1S2_soluble	OSD-38	BRIC	BRIC	FLT	ug	whole_seedling	rosette	0.0	0.291	2.29	8.8	-0.554	8.6	0.0	0	0.384	0.698	-0.554	-1.033	0.36	0.659	0.471	0.577	-0.256	1.0	3.82	0.0	96.5	13.2	24.7	8.6	sealed	7.0	9.4	6.5	11.0	0	0.0
Atha_WT-Col-0_sl_FLT_Rep3_G1S3_membrane	OSD-38	BRIC	BRIC	FLT	ug	whole_seedling	rosette	0.0	0.291	2.29	8.8	-0.554	8.6	0.0	0	0.384	0.698	-0.554	-1.033	0.36	0.659	0.471	0.577	-0.256	1.0	3.82	0.0	96.5	13.2	24.7	8.6	sealed	7.0	9.4	6.5	11.0	0	0.0
Atha_WT-Col-0_sl_FLT_Rep3_G1S3_soluble	OSD-38	BRIC	BRIC	FLT	ug	whole_seedling	rosette	0.0	0.291	2.29	8.8	-0.554	8.6	0.0	0	0.384	0.698	-0.554	-1.033	0.36	0.659	0.471	0.577	-0.256	1.0	3.82	0.0	96.5	13.2	24.7	8.6	sealed	7.0	9.4	6.5	11.0	0	0.0
Atha_WT-Col-0_sl_GC_Rep1_G2S1_membrane	OSD-38	BRIC	BRIC	GC	earth	whole_seedling	rosette	9.81	0.54	1.23	16.4	-0.298	4.8	0.0458	62000	0.225	0.509	-0.298	-0.715	0.202	0.469	0.225	-0.298	0.0	100.0				7.1	17.1	4.8	sealed				11.0	0	0.0
Atha_WT-Col-0_sl_GC_Rep1_G2S1_soluble	OSD-38	BRIC	BRIC	GC	earth	whole_seedling	rosette	9.81	0.54	1.23	16.4	-0.298	4.8	0.0458	62000	0.225	0.509	-0.298	-0.715	0.202	0.469	0.225	-0.298	0.0	100.0				7.1	17.1	4.8	sealed				11.0	0	0.0
Atha_WT-Col-0_sl_GC_Rep2_G2S2_membrane	OSD-38	BRIC	BRIC	GC	earth	whole_seedling	rosette	9.81	0.54	1.23	16.4	-0.298	4.8	0.0458	62000	0.225	0.509	-0.298	-0.715	0.202	0.469	0.225	-0.298	0.0	100.0				7.1	17.1	4.8	sealed				11.0	0	0.0
Atha_WT-Col-0_sl_GC_Rep2_G2S2_soluble	OSD-38	BRIC	BRIC	GC	earth	whole_seedling	rosette	9.81	0.54	1.23	16.4	-0.298	4.8	0.0458	62000	0.225	0.509	-0.298	-0.715	0.202	0.469	0.225	-0.298	0.0	100.0				7.1	17.1	4.8	sealed				11.0	0	0.0
Atha_WT-Col-0_sl_GC_Rep3_G2S3_membrane	OSD-38	BRIC	BRIC	GC	earth	whole_seedling	rosette	9.81	0.54	1.23	16.4	-0.298	4.8	0.0458	62000	0.225	0.509	-0.298	-0.715	0.202	0.469	0.225	-0.298	0.0	100.0				7.1	17.1	4.8	sealed				11.0	0	0.0
Atha_WT-Col-0_sl_GC_Rep3_G2S3_soluble	OSD-38	BRIC	BRIC	GC	earth	whole_seedling	rosette	9.81	0.54	1.23	16.4	-0.298	4.8	0.0458	62000	0.225	0.509	-0.298	-0.715	0.202	0.469	0.225	-0.298	0.0	100.0				7.1	17.1	4.8	sealed				11.0	0	0.0
Atha_WT-Col-0_sl_LN2_Rep1_n2-1_membrane	OSD-38	BRIC	BRIC	GC	earth	whole_seedling	rosette	9.81	0.54	1.23	16.4	-0.298	4.8	0.0458	62000	0.225	0.509	-0.298	-0.715	0.202	0.469	0.225	-0.298	0.0	100.0				7.1	17.1	4.8	sealed				11.0	0	0.0
Atha_WT-Col-0_sl_LN2_Rep1_n2-1_soluble	OSD-38	BRIC	BRIC	GC	earth	whole_seedling	rosette	9.81	0.54	1.23	16.4	-0.298	4.8	0.0458	62000	0.225	0.509	-0.298	-0.715	0.202	0.469	0.225	-0.298	0.0	100.0				7.1	17.1	4.8	sealed				11.0	0	0.0
Atha_WT-Col-0_sl_LN2_Rep2_n2-2_membrane	OSD-38	BRIC	BRIC	GC	earth	whole_seedling	rosette	9.81	0.54	1.23	16.4	-0.298	4.8	0.0458	62000	0.225	0.509	-0.298	-0.715	0.202	0.469	0.225	-0.298	0.0	100.0				7.1	17.1	4.8	sealed				11.0	0	0.0
Atha_WT-Col-0_sl_LN2_Rep2_n2-2_soluble	OSD-38	BRIC	BRIC	GC	earth	whole_seedling	rosette	9.81	0.54	1.23	16.4	-0.298	4.8	0.0458	62000	0.225	0.509	-0.298	-0.715	0.202	0.469	0.225	-0.298	0.0	100.0				7.1	17.1	4.8	sealed				11.0	0	0.0
Atha_WT-Col-0_sl_LN2_Rep3_n2-3_membrane	OSD-38	BRIC	BRIC	GC	earth	whole_seedling	rosette	9.81	0.54	1.23	16.4	-0.298	4.8	0.0458	62000	0.225	0.509	-0.298	-0.715	0.202	0.469	0.225	-0.298	0.0	100.0				7.1	17.1	4.8	sealed				11.0	0	0.0
Atha_WT-Col-0_sl_LN2_Rep3_n2-3_soluble	OSD-38	BRIC	BRIC	GC	earth	whole_seedling	rosette	9.81	0.54	1.23	16.4	-0.298	4.8	0.0458	62000	0.225	0.509	-0.298	-0.715	0.202	0.469	0.225	-0.298	0.0	100.0				7.1	17.1	4.8	sealed				11.0	0	0.0
Atha_WT-Col-0_sl_RNAlat_Rep1_rl1_membrane	OSD-38	BRIC	BRIC	GC	earth	whole_seedling	rosette	9.81	0.54	1.23	16.4	-0.298	4.8	0.0458	62000	0.225	0.509	-0.298	-0.715	0.202	0.469	0.225	-0.298	0.0	100.0				7.1	17.1	4.8	sealed				11.0	0	0.0
Atha_WT-Col-0_sl_RNAlat_Rep1_rl1_soluble	OSD-38	BRIC	BRIC	GC	earth	whole_seedling	rosette	9.81	0.54	1.23	16.4	-0.298	4.8	0.0458	62000	0.225	0.509	-0.298	-0.715	0.202	0.469	0.225	-0.298	0.0	100.0				7.1	17.1	4.8	sealed				11.0	0	0.0
Atha_WT-Col-0_sl_RNAlat_Rep2_rl2_membrane	OSD-38	BRIC	BRIC	GC	earth	whole_seedling	rosette	9.81	0.54	1.23	16.4	-0.298	4.8	0.0458	62000	0.225	0.509	-0.298	-0.715	0.202	0.469	0.225	-0.298	0.0	100.0				7.1	17.1	4.8	sealed				11.0	0	0.0
Atha_WT-Col-0_sl_RNAlat_Rep2_rl2_soluble	OSD-38	BRIC	BRIC	GC	earth	whole_seedling	rosette	9.81	0.54	1.23	16.4	-0.298	4.8	0.0458	62000	0.225	0.509	-0.298	-0.715	0.202	0.469	0.225	-0.298	0.0	100.0				7.1	17.1	4.8	sealed				11.0	0	0.0
Atha_WT-Col-0_sl_RNAlat_Rep3_rl3_membrane	OSD-38	BRIC	BRIC	GC	earth	whole_seedling	rosette	9.81	0.54	1.23	16.4	-0.298	4.8	0.0458	62000	0.225	0.509	-0.298	-0.715	0.202	0.469	0.225	-0.298	0.0	100.0				7.1	17.1	4.8	sealed				11.0	0	0.0
Atha_WT-Col-0_sl_RNAlat_Rep3_rl3_soluble	OSD-38	BRIC	BRIC	GC	earth	whole_seedling	rosette	9.81	0.54	1.23	16.4	-0.298	4.8	0.0458	62000	0.225	0.509	-0.298	-0.715	0.202	0.469	0.225	-0.298	0.0	100.0				7.1	17.1	4.8	sealed				11.0	0	0.0
Atha_WT-Col-0_sl_FLT_Rep1_G1S1	OSD-38	BRIC	BRIC	FLT	ug	whole_seedling	rosette	0.0	0.291	2.29	8.8	-0.554	8.6	0.0	0	0.384	0.698	-0.554	-1.033	0.36	0.659	0.471	0.577	-0.256	1.0	3.82	0.0	96.5	13.2	24.7	8.6	sealed	7.0	9.4	6.5	11.0	0	0.0
Atha_WT-Col-0_sl_FLT_Rep2_G1S2	OSD-38	BRIC	BRIC	FLT	ug	whole_seedling	rosette	0.0	0.291	2.29	8.8	-0.554	8.6	0.0	0	0.384	0.698	-0.554	-1.033	0.36	0.659	0.471	0.577	-0.256	1.0	3.82	0.0	96.5	13.2	24.7	8.6	sealed	7.0	9.4	6.5	11.0	0	0.0
Atha_WT-Col-0_sl_FLT_Rep3_G1S3	OSD-38	BRIC	BRIC	FLT	ug	whole_seedling	rosette	0.0	0.291	2.29	8.8	-0.554	8.6	0.0	0	0.384	0.698	-0.554	-1.033	0.36	0.659	0.471	0.577	-0.256	1.0	3.82	0.0	96.5	13.2	24.7	8.6	sealed	7.0	9.4	6.5	11.0	0	0.0
Atha_WT-Col-0_sl_GC_Rep1_G2S1	OSD-38	BRIC	BRIC	GC	earth	whole_seedling	rosette	9.81	0.54	1.23	16.4	-0.298	4.8	0.0458	62000	0.225	0.509	-0.298	-0.715	0.202	0.469	0.225	-0.298	0.0	100.0				7.1	17.1	4.8	sealed				11.0	0	0.0
Atha_WT-Col-0_sl_GC_Rep2_G2S2	OSD-38	BRIC	BRIC	GC	earth	whole_seedling	rosette	9.81	0.54	1.23	16.4	-0.298	4.8	0.0458	62000	0.225	0.509	-0.298	-0.715	0.202	0.469	0.225	-0.298	0.0	100.0				7.1	17.1	4.8	sealed				11.0	0	0.0
Atha_WT-Col-0_sl_GC_Rep3_G2S3	OSD-38	BRIC	BRIC	GC	earth	whole_seedling	rosette	9.81	0.54	1.23	16.4	-0.298	4.8	0.0458	62000	0.225	0.509	-0.298	-0.715	0.202	0.469	0.225	-0.298	0.0	100.0				7.1	17.1	4.8	sealed				11.0	0	0.0
Atha_WT-Col-0_sl_LN2_Rep1_n2-1	OSD-38	BRIC	BRIC	GC	earth	whole_seedling	rosette	9.81	0.54	1.23	16.4	-0.298	4.8	0.0458	62000	0.225	0.509	-0.298	-0.715	0.202	0.469	0.225	-0.298	0.0	100.0				7.1	17.1	4.8	sealed				11.0	0	0.0
Atha_WT-Col-0_sl_LN2_Rep2_n2-2	OSD-38	BRIC	BRIC	GC	earth	whole_seedling	rosette	9.81	0.54	1.23	16.4	-0.298	4.8	0.0458	62000	0.225	0.509	-0.298	-0.715	0.202	0.469	0.225	-0.298	0.0	100.0				7.1	17.1	4.8	sealed				11.0	0	0.0
Atha_WT-Col-0_sl_LN2_Rep3_n2-3	OSD-38	BRIC	BRIC	GC	earth	whole_seedling	rosette	9.81	0.54	1.23	16.4	-0.298	4.8	0.0458	62000	0.225	0.509	-0.298	-0.715	0.202	0.469	0.225	-0.298	0.0	100.0				7.1	17.1	4.8	sealed				11.0	0	0.0
Atha_WT-Col-0_sl_RNAlat_Rep1_rl1	OSD-38	BRIC	BRIC	GC	earth	whole_seedling	rosette	9.81	0.54	1.23	16.4	-0.298	4.8	0.0458	62000	0.225	0.509	-0.298	-0.715	0.202	0.469	0.225	-0.298	0.0	100.0				7.1	17.1	4.8	sealed				11.0	0	0.0
Atha_WT-Col-0_sl_RNAlat_Rep2_rl2	OSD-38	BRIC	BRIC	GC	earth	whole_seedling	rosette	9.81	0.54	1.23	16.4	-0.298	4.8	0.0458	62000	0.225	0.509	-0.298	-0.715	0.202	0.469	0.225	-0.298	0.0	100.0				7.1	17.1	4.8	sealed				11.0	0	0.0
Atha_WT-Col-0_sl_RNAlat_Rep3_rl3	OSD-38	BRIC	BRIC	GC	earth	whole_seedling	rosette	9.81	0.54	1.23	16.4	-0.298	4.8	0.0458	62000	0.225	0.509	-0.298	-0.715	0.202	0.469	0.225	-0.298	0.0	100.0				7.1	17.1	4.8	sealed				11.0	0	0.0
Atha_Col-0_wo_WT_FLT_Rep1	OSD-44	BRIC	BRIC	FLT	ug	whole_seedling	rosette	0.0	0.291	2.29	8.8	-0.554	8.6	0.0	0	0.384	0.698	-0.554	-1.033	0.36	0.659	0.471	0.577	-0.256	1.0	3.82	0.0	96.5	13.2	24.7	8.6	sealed	7.0	9.4	6.5	11.0	0	0.0
Atha_Col-0_wo_WT_FLT_Rep2	OSD-44	BRIC	BRIC	FLT	ug	whole_seedling	rosette	0.0	0.291	2.29	8.8	-0.554	8.6	0.0	0	0.384	0.698	-0.554	-1.033	0.36	0.659	0.471	0.577	-0.256	1.0	3.82	0.0	96.5	13.2	24.7	8.6	sealed	7.0	9.4	6.5	11.0	0	0.0
Atha_Col-0_wo_WT_FLT_Rep3	OSD-44	BRIC	BRIC	FLT	ug	whole_seedling	rosette	0.0	0.291	2.29	8.8	-0.554	8.6	0.0	0	0.384	0.698	-0.554	-1.033	0.36	0.659	0.471	0.577	-0.256	1.0	3.82	0.0	96.5	13.2	24.7	8.6	sealed	7.0	9.4	6.5	11.0	0	0.0
Atha_Col-0_wo_WT_GC_Rep1	OSD-44	BRIC	BRIC	GC	earth	whole_seedling	rosette	9.81	0.54	1.23	16.4	-0.298	4.8	0.0458	62000	0.225	0.509	-0.298	-0.715	0.202	0.469	0.225	-0.298	0.0	100.0				7.1	17.1	4.8	sealed				11.0	0	0.0
Atha_Col-0_wo_WT_GC_Rep2	OSD-44	BRIC	BRIC	GC	earth	whole_seedling	rosette	9.81	0.54	1.23	16.4	-0.298	4.8	0.0458	62000	0.225	0.509	-0.298	-0.715	0.202	0.469	0.225	-0.298	0.0	100.0				7.1	17.1	4.8	sealed				11.0	0	0.0
Atha_Col-0_wo_WT_GC_Rep3	OSD-44	BRIC	BRIC	GC	earth	whole_seedling	rosette	9.81	0.54	1.23	16.4	-0.298	4.8	0.0458	62000	0.225	0.509	-0.298	-0.715	0.202	0.469	0.225	-0.298	0.0	100.0				7.1	17.1	4.8	sealed				11.0	0	0.0
Atha_Col-0_wo_act2-3_FLT_Rep1	OSD-44	BRIC	BRIC	FLT	ug	whole_seedling	rosette	0.0	0.291	2.29	8.8	-0.554	8.6	0.0	0	0.384	0.698	-0.554	-1.033	0.36	0.659	0.471	0.577	-0.256	1.0	3.82	0.0	96.5	13.2	24.7	8.6	sealed	7.0	9.4	6.5	11.0	0	0.0
Atha_Col-0_wo_act2-3_FLT_Rep2	OSD-44	BRIC	BRIC	FLT	ug	whole_seedling	rosette	0.0	0.291	2.29	8.8	-0.554	8.6	0.0	0	0.384	0.698	-0.554	-1.033	0.36	0.659	0.471	0.577	-0.256	1.0	3.82	0.0	96.5	13.2	24.7	8.6	sealed	7.0	9.4	6.5	11.0	0	0.0
Atha_Col-0_wo_act2-3_FLT_Rep3	OSD-44	BRIC	BRIC	FLT	ug	whole_seedling	rosette	0.0	0.291	2.29	8.8	-0.554	8.6	0.0	0	0.384	0.698	-0.554	-1.033	0.36	0.659	0.471	0.577	-0.256	1.0	3.82	0.0	96.5	13.2	24.7	8.6	sealed	7.0	9.4	6.5	11.0	0	0.0
Atha_Col-0_wo_act2-3_GC_Rep1	OSD-44	BRIC	BRIC	GC	earth	whole_seedling	rosette	9.81	0.54	1.23	16.4	-0.298	4.8	0.0458	62000	0.225	0.509	-0.298	-0.715	0.202	0.469	0.225	-0.298	0.0	100.0				7.1	17.1	4.8	sealed				11.0	0	0.0
Atha_Col-0_wo_act2-3_GC_Rep2	OSD-44	BRIC	BRIC	GC	earth	whole_seedling	rosette	9.81	0.54	1.23	16.4	-0.298	4.8	0.0458	62000	0.225	0.509	-0.298	-0.715	0.202	0.469	0.225	-0.298	0.0	100.0				7.1	17.1	4.8	sealed				11.0	0	0.0
Atha_Col-0_wo_act2-3_GC_Rep3	OSD-44	BRIC	BRIC	GC	earth	whole_seedling	rosette	9.81	0.54	1.23	16.4	-0.298	4.8	0.0458	62000	0.225	0.509	-0.298	-0.715	0.202	0.469	0.225	-0.298	0.0	100.0				7.1	17.1	4.8	sealed				11.0	0	0.0
Atha_Col-0-PhyD_root_FLT_Alight_Rep1_GSM2493783_Day03	OSD-120	CARA	CARA	FLT	ug	root	leaf	0.0	0.494	1.35	11.1	-0.326	5.1	0.0	0	0.231	0.263	-0.326	-0.373	0.215	0.245	0.232	0.306	-0.086	90.0	3.82	3.47	98.0	7.8	8.9	5.1	semi-permeable				2.8	0	0.0
Atha_Col-0-PhyD_root_FLT_Alight_Rep1_GSM2493783_Day06	OSD-120	CARA	CARA	FLT	ug	root	leaf	0.0	0.494	1.35	11.1	-0.326	5.1	0.0	0	0.231	0.263	-0.326	-0.373	0.215	0.245	0.232	0.306	-0.086	90.0	3.82	3.47	98.0	7.8	8.9	5.1	semi-permeable				2.8	0	0.0
Atha_Col-0-PhyD_root_FLT_Alight_Rep1_GSM2493783_Day09	OSD-120	CARA	CARA	FLT	ug	root	leaf	0.0	0.494	1.35	11.1	-0.326	5.1	0.0	0	0.231	0.263	-0.326	-0.373	0.215	0.245	0.232	0.306	-0.086	90.0	3.82	3.47	98.0	7.8	8.9	5.1	semi-permeable				2.8	0	0.0
Atha_Col-0-PhyD_root_FLT_Alight_Rep1_GSM2493783_Day13	OSD-120	CARA	CARA	FLT	ug	root	leaf	0.0	0.494	1.35	11.1	-0.326	5.1	0.0	0	0.231	0.263	-0.326	-0.373	0.215	0.245	0.232	0.306	-0.086	90.0	3.82	3.47	98.0	7.8	8.9	5.1	semi-permeable				2.8	0	0.0
Atha_Col-0-PhyD_root_FLT_Alight_Rep2_GSM2493784_Day03	OSD-120	CARA	CARA	FLT	ug	root	leaf	0.0	0.494	1.35	11.1	-0.326	5.1	0.0	0	0.231	0.263	-0.326	-0.373	0.215	0.245	0.232	0.306	-0.086	90.0	3.82	3.47	98.0	7.8	8.9	5.1	semi-permeable				2.8	0	0.0
Atha_Col-0-PhyD_root_FLT_Alight_Rep2_GSM2493784_Day06	OSD-120	CARA	CARA	FLT	ug	root	leaf	0.0	0.494	1.35	11.1	-0.326	5.1	0.0	0	0.231	0.263	-0.326	-0.373	0.215	0.245	0.232	0.306	-0.086	90.0	3.82	3.47	98.0	7.8	8.9	5.1	semi-permeable				2.8	0	0.0
Atha_Col-0-PhyD_root_FLT_Alight_Rep2_GSM2493784_Day09	OSD-120	CARA	CARA	FLT	ug	root	leaf	0.0	0.494	1.35	11.1	-0.326	5.1	0.0	0	0.231	0.263	-0.326	-0.373	0.215	0.245	0.232	0.306	-0.086	90.0	3.82	3.47	98.0	7.8	8.9	5.1	semi-permeable				2.8	0	0.0
Atha_Col-0-PhyD_root_FLT_Alight_Rep2_GSM2493784_Day13	OSD-120	CARA	CARA	FLT	ug	root	leaf	0.0	0.494	1.35	11.1	-0.326	5.1	0.0	0	0.231	0.263	-0.326	-0.373	0.215	0.245	0.232	0.306	-0.086	90.0	3.82	3.47	98.0	7.8	8.9	5.1	semi-permeable				2.8	0	0.0
Atha_Col-0-PhyD_root_FLT_Alight_Rep3_GSM2493785_Day03	OSD-120	CARA	CARA	FLT	ug	root	leaf	0.0	0.494	1.35	11.1	-0.326	5.1	0.0	0	0.231	0.263	-0.326	-0.373	0.215	0.245	0.232	0.306	-0.086	90.0	3.82	3.47	98.0	7.8	8.9	5.1	semi-permeable				2.8	0	0.0
Atha_Col-0-PhyD_root_FLT_Alight_Rep3_GSM2493785_Day06	OSD-120	CARA	CARA	FLT	ug	root	leaf	0.0	0.494	1.35	11.1	-0.326	5.1	0.0	0	0.231	0.263	-0.326	-0.373	0.215	0.245	0.232	0.306	-0.086	90.0	3.82	3.47	98.0	7.8	8.9	5.1	semi-permeable				2.8	0	0.0
Atha_Col-0-PhyD_root_FLT_Alight_Rep3_GSM2493785_Day13	OSD-120	CARA	CARA	FLT	ug	root	leaf	0.0	0.494	1.35	11.1	-0.326	5.1	0.0	0	0.231	0.263	-0.326	-0.373	0.215	0.245	0.232	0.306	-0.086	90.0	3.82	3.47	98.0	7.8	8.9	5.1	semi-permeable				2.8	0	0.0
Atha_Col-0-PhyD_root_FLT_dark_Rep1_GSM2493792_Day13	OSD-120	CARA	CARA	FLT	ug	root	leaf	0.0	0.494	1.35	11.1	-0.326	5.1	0.0	0	0.231	0.263	-0.326	-0.373	0.215	0.245	0.232	0.306	-0.086	90.0	3.82	3.47	98.0	7.8	8.9	5.1	semi-permeable				2.8	0	0.0
Atha_Col-0-PhyD_root_FLT_dark_Rep2_GSM2493793_Day13	OSD-120	CARA	CARA	FLT	ug	root	leaf	0.0	0.494	1.35	11.1	-0.326	5.1	0.0	0	0.231	0.263	-0.326	-0.373	0.215	0.245	0.232	0.306	-0.086	90.0	3.82	3.47	98.0	7.8	8.9	5.1	semi-permeable				2.8	0	0.0
Atha_Col-0-PhyD_root_FLT_dark_Rep3_GSM2493794_Day13	OSD-120	CARA	CARA	FLT	ug	root	leaf	0.0	0.494	1.35	11.1	-0.326	5.1	0.0	0	0.231	0.263	-0.326	-0.373	0.215	0.245	0.232	0.306	-0.086	90.0	3.82	3.47	98.0	7.8	8.9	5.1	semi-permeable				2.8	0	0.0
Atha_Col-0-PhyD_root_GC_Alight_Rep1_GSM2493765_Day00	OSD-120	CARA	CARA	GC	earth	root	leaf	9.81	1.0	0.67	22.5	-0.161	2.7	0.0461	14000	0.128	0.188	-0.161	-0.246	0.113	0.169	0.128	-0.161	0.0	100.0			98.9	3.8	5.9	2.7	semi-permeable				2.8	0	0.0
Atha_Col-0-PhyD_root_GC_Alight_Rep1_GSM2493765_Day03	OSD-120	CARA	CARA	GC	earth	root	leaf	9.81	1.0	0.67	22.5	-0.161	2.7	0.0461	14000	0.128	0.188	-0.161	-0.246	0.113	0.169	0.128	-0.161	0.0	100.0			98.9	3.8	5.9	2.7	semi-permeable				2.8	0	0.0
Atha_Col-0-PhyD_root_GC_Alight_Rep1_GSM2493765_Day06	OSD-120	CARA	CARA	GC	earth	root	leaf	9.81	1.0	0.67	22.5	-0.161	2.7	0.0461	14000	0.128	0.188	-0.161	-0.246	0.113	0.169	0.128	-0.161	0.0	100.0			98.9	3.8	5.9	2.7	semi-permeable				2.8	0	0.0
Atha_Col-0-PhyD_root_GC_Alight_Rep1_GSM2493765_Day09	OSD-120	CARA	CARA	GC	earth	root	leaf	9.81	1.0	0.67	22.5	-0.161	2.7	0.0461	14000	0.128	0.188	-0.161	-0.246	0.113	0.169	0.128	-0.161	0.0	100.0			98.9	3.8	5.9	2.7	semi-permeable				2.8	0	0.0
Atha_Col-0-PhyD_root_GC_Alight_Rep1_GSM2493765_Day13	OSD-120	CARA	CARA	GC	earth	root	leaf	9.81	1.0	0.67	22.5	-0.161	2.7	0.0461	14000	0.128	0.188	-0.161	-0.246	0.113	0.169	0.128	-0.161	0.0	100.0			98.9	3.8	5.9	2.7	semi-permeable				2.8	0	0.0
Atha_Col-0-PhyD_root_GC_Alight_Rep2_GSM2493766_Day03	OSD-120	CARA	CARA	GC	earth	root	leaf	9.81	1.0	0.67	22.5	-0.161	2.7	0.0461	14000	0.128	0.188	-0.161	-0.246	0.113	0.169	0.128	-0.161	0.0	100.0			98.9	3.8	5.9	2.7	semi-permeable				2.8	0	0.0
Atha_Col-0-PhyD_root_GC_Alight_Rep2_GSM2493766_Day06	OSD-120	CARA	CARA	GC	earth	root	leaf	9.81	1.0	0.67	22.5	-0.161	2.7	0.0461	14000	0.128	0.188	-0.161	-0.246	0.113	0.169	0.128	-0.161	0.0	100.0			98.9	3.8	5.9	2.7	semi-permeable				2.8	0	0.0
Atha_Col-0-PhyD_root_GC_Alight_Rep2_GSM2493766_Day09	OSD-120	CARA	CARA	GC	earth	root	leaf	9.81	1.0	0.67	22.5	-0.161	2.7	0.0461	14000	0.128	0.188	-0.161	-0.246	0.113	0.169	0.128	-0.161	0.0	100.0			98.9	3.8	5.9	2.7	semi-permeable				2.8	0	0.0
Atha_Col-0-PhyD_root_GC_Alight_Rep2_GSM2493766_Day13	OSD-120	CARA	CARA	GC	earth	root	leaf	9.81	1.0	0.67	22.5	-0.161	2.7	0.0461	14000	0.128	0.188	-0.161	-0.246	0.113	0.169	0.128	-0.161	0.0	100.0			98.9	3.8	5.9	2.7	semi-permeable				2.8	0	0.0
Atha_Col-0-PhyD_root_GC_Alight_Rep3_GSM2493767_Day03	OSD-120	CARA	CARA	GC	earth	root	leaf	9.81	1.0	0.67	22.5	-0.161	2.7	0.0461	14000	0.128	0.188	-0.161	-0.246	0.113	0.169	0.128	-0.161	0.0	100.0			98.9	3.8	5.9	2.7	semi-permeable				2.8	0	0.0
Atha_Col-0-PhyD_root_GC_Alight_Rep3_GSM2493767_Day06	OSD-120	CARA	CARA	GC	earth	root	leaf	9.81	1.0	0.67	22.5	-0.161	2.7	0.0461	14000	0.128	0.188	-0.161	-0.246	0.113	0.169	0.128	-0.161	0.0	100.0			98.9	3.8	5.9	2.7	semi-permeable				2.8	0	0.0
Atha_Col-0-PhyD_root_GC_Alight_Rep3_GSM2493767_Day09	OSD-120	CARA	CARA	GC	earth	root	leaf	9.81	1.0	0.67	22.5	-0.161	2.7	0.0461	14000	0.128	0.188	-0.161	-0.246	0.113	0.169	0.128	-0.161	0.0	100.0			98.9	3.8	5.9	2.7	semi-permeable				2.8	0	0.0
Atha_Col-0-PhyD_root_GC_Alight_Rep3_GSM2493767_Day13	OSD-120	CARA	CARA	GC	earth	root	leaf	9.81	1.0	0.67	22.5	-0.161	2.7	0.0461	14000	0.128	0.188	-0.161	-0.246	0.113	0.169	0.128	-0.161	0.0	100.0			98.9	3.8	5.9	2.7	semi-permeable				2.8	0	0.0
Atha_Col-0-PhyD_root_GC_dark_Rep1_GSM2493774_Day13	OSD-120	CARA	CARA	GC	earth	root	leaf	9.81	1.0	0.67	22.5	-0.161	2.7	0.0461	14000	0.128	0.188	-0.161	-0.246	0.113	0.169	0.128	-0.161	0.0	100.0			98.9	3.8	5.9	2.7	semi-permeable				2.8	0	0.0
Atha_Col-0-PhyD_root_GC_dark_Rep2_GSM2493775_Day13	OSD-120	CARA	CARA	GC	earth	root	leaf	9.81	1.0	0.67	22.5	-0.161	2.7	0.0461	14000	0.128	0.188	-0.161	-0.246	0.113	0.169	0.128	-0.161	0.0	100.0			98.9	3.8	5.9	2.7	semi-permeable				2.8	0	0.0
Atha_Col-0-PhyD_root_GC_dark_Rep3_GSM2493776_Day13	OSD-120	CARA	CARA	GC	earth	root	leaf	9.81	1.0	0.67	22.5	-0.161	2.7	0.0461	14000	0.128	0.188	-0.161	-0.246	0.113	0.169	0.128	-0.161	0.0	100.0			98.9	3.8	5.9	2.7	semi-permeable				2.8	0	0.0
Atha_Col-0_root_FLT_Alight_Rep1_GSM2493777_Day03	OSD-120	CARA	CARA	FLT	ug	root	leaf	0.0	0.494	1.35	11.1	-0.326	5.1	0.0	0	0.231	0.263	-0.326	-0.373	0.215	0.245	0.232	0.306	-0.086	90.0	3.82	3.47	98.0	7.8	8.9	5.1	semi-permeable				2.8	0	0.0
Atha_Col-0_root_FLT_Alight_Rep1_GSM2493777_Day06	OSD-120	CARA	CARA	FLT	ug	root	leaf	0.0	0.494	1.35	11.1	-0.326	5.1	0.0	0	0.231	0.263	-0.326	-0.373	0.215	0.245	0.232	0.306	-0.086	90.0	3.82	3.47	98.0	7.8	8.9	5.1	semi-permeable				2.8	0	0.0
Atha_Col-0_root_FLT_Alight_Rep1_GSM2493777_Day09	OSD-120	CARA	CARA	FLT	ug	root	leaf	0.0	0.494	1.35	11.1	-0.326	5.1	0.0	0	0.231	0.263	-0.326	-0.373	0.215	0.245	0.232	0.306	-0.086	90.0	3.82	3.47	98.0	7.8	8.9	5.1	semi-permeable				2.8	0	0.0
Atha_Col-0_root_FLT_Alight_Rep1_GSM2493777_Day13	OSD-120	CARA	CARA	FLT	ug	root	leaf	0.0	0.494	1.35	11.1	-0.326	5.1	0.0	0	0.231	0.263	-0.326	-0.373	0.215	0.245	0.232	0.306	-0.086	90.0	3.82	3.47	98.0	7.8	8.9	5.1	semi-permeable				2.8	0	0.0
Atha_Col-0_root_FLT_Alight_Rep2_GSM2493778_Day03	OSD-120	CARA	CARA	FLT	ug	root	leaf	0.0	0.494	1.35	11.1	-0.326	5.1	0.0	0	0.231	0.263	-0.326	-0.373	0.215	0.245	0.232	0.306	-0.086	90.0	3.82	3.47	98.0	7.8	8.9	5.1	semi-permeable				2.8	0	0.0
Atha_Col-0_root_FLT_Alight_Rep2_GSM2493778_Day06	OSD-120	CARA	CARA	FLT	ug	root	leaf	0.0	0.494	1.35	11.1	-0.326	5.1	0.0	0	0.231	0.263	-0.326	-0.373	0.215	0.245	0.232	0.306	-0.086	90.0	3.82	3.47	98.0	7.8	8.9	5.1	semi-permeable				2.8	0	0.0
Atha_Col-0_root_FLT_Alight_Rep2_GSM2493778_Day09	OSD-120	CARA	CARA	FLT	ug	root	leaf	0.0	0.494	1.35	11.1	-0.326	5.1	0.0	0	0.231	0.263	-0.326	-0.373	0.215	0.245	0.232	0.306	-0.086	90.0	3.82	3.47	98.0	7.8	8.9	5.1	semi-permeable				2.8	0	0.0
Atha_Col-0_root_FLT_Alight_Rep2_GSM2493778_Day13	OSD-120	CARA	CARA	FLT	ug	root	leaf	0.0	0.494	1.35	11.1	-0.326	5.1	0.0	0	0.231	0.263	-0.326	-0.373	0.215	0.245	0.232	0.306	-0.086	90.0	3.82	3.47	98.0	7.8	8.9	5.1	semi-permeable				2.8	0	0.0
Atha_Col-0_root_FLT_Alight_Rep3_GSM2493779_Day03	OSD-120	CARA	CARA	FLT	ug	root	leaf	0.0	0.494	1.35	11.1	-0.326	5.1	0.0	0	0.231	0.263	-0.326	-0.373	0.215	0.245	0.232	0.306	-0.086	90.0	3.82	3.47	98.0	7.8	8.9	5.1	semi-permeable				2.8	0	0.0
Atha_Col-0_root_FLT_Alight_Rep3_GSM2493779_Day06	OSD-120	CARA	CARA	FLT	ug	root	leaf	0.0	0.494	1.35	11.1	-0.326	5.1	0.0	0	0.231	0.263	-0.326	-0.373	0.215	0.245	0.232	0.306	-0.086	90.0	3.82	3.47	98.0	7.8	8.9	5.1	semi-permeable				2.8	0	0.0
Atha_Col-0_root_FLT_Alight_Rep3_GSM2493779_Day09	OSD-120	CARA	CARA	FLT	ug	root	leaf	0.0	0.494	1.35	11.1	-0.326	5.1	0.0	0	0.231	0.263	-0.326	-0.373	0.215	0.245	0.232	0.306	-0.086	90.0	3.82	3.47	98.0	7.8	8.9	5.1	semi-permeable				2.8	0	0.0
Atha_Col-0_root_FLT_Alight_Rep3_GSM2493779_Day13	OSD-120	CARA	CARA	FLT	ug	root	leaf	0.0	0.494	1.35	11.1	-0.326	5.1	0.0	0	0.231	0.263	-0.326	-0.373	0.215	0.245	0.232	0.306	-0.086	90.0	3.82	3.47	98.0	7.8	8.9	5.1	semi-permeable				2.8	0	0.0
Atha_Col-0_root_FLT_dark_Rep1_GSM2493786_Day13	OSD-120	CARA	CARA	FLT	ug	root	leaf	0.0	0.494	1.35	11.1	-0.326	5.1	0.0	0	0.231	0.263	-0.326	-0.373	0.215	0.245	0.232	0.306	-0.086	90.0	3.82	3.47	98.0	7.8	8.9	5.1	semi-permeable				2.8	0	0.0
Atha_Col-0_root_FLT_dark_Rep2_GSM2493787_Day13	OSD-120	CARA	CARA	FLT	ug	root	leaf	0.0	0.494	1.35	11.1	-0.326	5.1	0.0	0	0.231	0.263	-0.326	-0.373	0.215	0.245	0.232	0.306	-0.086	90.0	3.82	3.47	98.0	7.8	8.9	5.1	semi-permeable				2.8	0	0.0
Atha_Col-0_root_FLT_dark_Rep3_GSM2493788_Day13	OSD-120	CARA	CARA	FLT	ug	root	leaf	0.0	0.494	1.35	11.1	-0.326	5.1	0.0	0	0.231	0.263	-0.326	-0.373	0.215	0.245	0.232	0.306	-0.086	90.0	3.82	3.47	98.0	7.8	8.9	5.1	semi-permeable				2.8	0	0.0
Atha_Col-0_root_GC_Alight_Rep1_GSM2493759_Day03	OSD-120	CARA	CARA	GC	earth	root	leaf	9.81	1.0	0.67	22.5	-0.161	2.7	0.0461	14000	0.128	0.188	-0.161	-0.246	0.113	0.169	0.128	-0.161	0.0	100.0			98.9	3.8	5.9	2.7	semi-permeable				2.8	0	0.0
Atha_Col-0_root_GC_Alight_Rep1_GSM2493759_Day06	OSD-120	CARA	CARA	GC	earth	root	leaf	9.81	1.0	0.67	22.5	-0.161	2.7	0.0461	14000	0.128	0.188	-0.161	-0.246	0.113	0.169	0.128	-0.161	0.0	100.0			98.9	3.8	5.9	2.7	semi-permeable				2.8	0	0.0
Atha_Col-0_root_GC_Alight_Rep1_GSM2493759_Day09	OSD-120	CARA	CARA	GC	earth	root	leaf	9.81	1.0	0.67	22.5	-0.161	2.7	0.0461	14000	0.128	0.188	-0.161	-0.246	0.113	0.169	0.128	-0.161	0.0	100.0			98.9	3.8	5.9	2.7	semi-permeable				2.8	0	0.0
Atha_Col-0_root_GC_Alight_Rep1_GSM2493759_Day13	OSD-120	CARA	CARA	GC	earth	root	leaf	9.81	1.0	0.67	22.5	-0.161	2.7	0.0461	14000	0.128	0.188	-0.161	-0.246	0.113	0.169	0.128	-0.161	0.0	100.0			98.9	3.8	5.9	2.7	semi-permeable				2.8	0	0.0
Atha_Col-0_root_GC_Alight_Rep2_GSM2493760_Day03	OSD-120	CARA	CARA	GC	earth	root	leaf	9.81	1.0	0.67	22.5	-0.161	2.7	0.0461	14000	0.128	0.188	-0.161	-0.246	0.113	0.169	0.128	-0.161	0.0	100.0			98.9	3.8	5.9	2.7	semi-permeable				2.8	0	0.0
Atha_Col-0_root_GC_Alight_Rep2_GSM2493760_Day06	OSD-120	CARA	CARA	GC	earth	root	leaf	9.81	1.0	0.67	22.5	-0.161	2.7	0.0461	14000	0.128	0.188	-0.161	-0.246	0.113	0.169	0.128	-0.161	0.0	100.0			98.9	3.8	5.9	2.7	semi-permeable				2.8	0	0.0
Atha_Col-0_root_GC_Alight_Rep2_GSM2493760_Day09	OSD-120	CARA	CARA	GC	earth	root	leaf	9.81	1.0	0.67	22.5	-0.161	2.7	0.0461	14000	0.128	0.188	-0.161	-0.246	0.113	0.169	0.128	-0.161	0.0	100.0			98.9	3.8	5.9	2.7	semi-permeable				2.8	0	0.0
Atha_Col-0_root_GC_Alight_Rep2_GSM2493760_Day13	OSD-120	CARA	CARA	GC	earth	root	leaf	9.81	1.0	0.67	22.5	-0.161	2.7	0.0461	14000	0.128	0.188	-0.161	-0.246	0.113	0.169	0.128	-0.161	0.0	100.0			98.9	3.8	5.9	2.7	semi-permeable				2.8	0	0.0
Atha_Col-0_root_GC_Alight_Rep3_GSM2493761_Day03	OSD-120	CARA	CARA	GC	earth	root	leaf	9.81	1.0	0.67	22.5	-0.161	2.7	0.0461	14000	0.128	0.188	-0.161	-0.246	0.113	0.169	0.128	-0.161	0.0	100.0			98.9	3.8	5.9	2.7	semi-permeable				2.8	0	0.0
Atha_Col-0_root_GC_Alight_Rep3_GSM2493761_Day06	OSD-120	CARA	CARA	GC	earth	root	leaf	9.81	1.0	0.67	22.5	-0.161	2.7	0.0461	14000	0.128	0.188	-0.161	-0.246	0.113	0.169	0.128	-0.161	0.0	100.0			98.9	3.8	5.9	2.7	semi-permeable				2.8	0	0.0
Atha_Col-0_root_GC_Alight_Rep3_GSM2493761_Day09	OSD-120	CARA	CARA	GC	earth	root	leaf	9.81	1.0	0.67	22.5	-0.161	2.7	0.0461	14000	0.128	0.188	-0.161	-0.246	0.113	0.169	0.128	-0.161	0.0	100.0			98.9	3.8	5.9	2.7	semi-permeable				2.8	0	0.0
Atha_Col-0_root_GC_Alight_Rep3_GSM2493761_Day13	OSD-120	CARA	CARA	GC	earth	root	leaf	9.81	1.0	0.67	22.5	-0.161	2.7	0.0461	14000	0.128	0.188	-0.161	-0.246	0.113	0.169	0.128	-0.161	0.0	100.0			98.9	3.8	5.9	2.7	semi-permeable				2.8	0	0.0
Atha_Col-0_root_GC_dark_Rep1_GSM2493768_Day13	OSD-120	CARA	CARA	GC	earth	root	leaf	9.81	1.0	0.67	22.5	-0.161	2.7	0.0461	14000	0.128	0.188	-0.161	-0.246	0.113	0.169	0.128	-0.161	0.0	100.0			98.9	3.8	5.9	2.7	semi-permeable				2.8	0	0.0
Atha_Col-0_root_GC_dark_Rep2_GSM2493769_Day13	OSD-120	CARA	CARA	GC	earth	root	leaf	9.81	1.0	0.67	22.5	-0.161	2.7	0.0461	14000	0.128	0.188	-0.161	-0.246	0.113	0.169	0.128	-0.161	0.0	100.0			98.9	3.8	5.9	2.7	semi-permeable				2.8	0	0.0
Atha_Col-0_root_GC_dark_Rep3_GSM2493770_Day13	OSD-120	CARA	CARA	GC	earth	root	leaf	9.81	1.0	0.67	22.5	-0.161	2.7	0.0461	14000	0.128	0.188	-0.161	-0.246	0.113	0.169	0.128	-0.161	0.0	100.0			98.9	3.8	5.9	2.7	semi-permeable				2.8	0	0.0
Atha_Col-0-PhyD_root_FLT_Alight_Rep1_GSM2493783_Day13	OSD-120	CARA	CARA	FLT	ug	root	leaf	0.0	0.494	1.35	11.1	-0.326	5.1	0.0	0	0.231	0.263	-0.326	-0.373	0.215	0.245	0.232	0.306	-0.086	90.0	3.82	3.47	98.0	7.8	8.9	5.1	semi-permeable				2.8	0	0.0
Atha_Col-0-PhyD_root_FLT_Alight_Rep2_GSM2493784_Day13	OSD-120	CARA	CARA	FLT	ug	root	leaf	0.0	0.494	1.35	11.1	-0.326	5.1	0.0	0	0.231	0.263	-0.326	-0.373	0.215	0.245	0.232	0.306	-0.086	90.0	3.82	3.47	98.0	7.8	8.9	5.1	semi-permeable				2.8	0	0.0
Atha_Col-0-PhyD_root_FLT_Alight_Rep3_GSM2493785_Day13	OSD-120	CARA	CARA	FLT	ug	root	leaf	0.0	0.494	1.35	11.1	-0.326	5.1	0.0	0	0.231	0.263	-0.326	-0.373	0.215	0.245	0.232	0.306	-0.086	90.0	3.82	3.47	98.0	7.8	8.9	5.1	semi-permeable				2.8	0	0.0
Atha_Col-0-PhyD_root_FLT_dark_Rep1_GSM2493792_Day13	OSD-120	CARA	CARA	FLT	ug	root	leaf	0.0	0.494	1.35	11.1	-0.326	5.1	0.0	0	0.231	0.263	-0.326	-0.373	0.215	0.245	0.232	0.306	-0.086	90.0	3.82	3.47	98.0	7.8	8.9	5.1	semi-permeable				2.8	0	0.0
Atha_Col-0-PhyD_root_FLT_dark_Rep2_GSM2493793_Day13	OSD-120	CARA	CARA	FLT	ug	root	leaf	0.0	0.494	1.35	11.1	-0.326	5.1	0.0	0	0.231	0.263	-0.326	-0.373	0.215	0.245	0.232	0.306	-0.086	90.0	3.82	3.47	98.0	7.8	8.9	5.1	semi-permeable				2.8	0	0.0
Atha_Col-0-PhyD_root_FLT_dark_Rep3_GSM2493794_Day13	OSD-120	CARA	CARA	FLT	ug	root	leaf	0.0	0.494	1.35	11.1	-0.326	5.1	0.0	0	0.231	0.263	-0.326	-0.373	0.215	0.245	0.232	0.306	-0.086	90.0	3.82	3.47	98.0	7.8	8.9	5.1	semi-permeable				2.8	0	0.0
Atha_Col-0-PhyD_root_GC_Alight_Rep1_GSM2493765_Day13	OSD-120	CARA	CARA	GC	earth	root	leaf	9.81	1.0	0.67	22.5	-0.161	2.7	0.0461	14000	0.128	0.188	-0.161	-0.246	0.113	0.169	0.128	-0.161	0.0	100.0			98.9	3.8	5.9	2.7	semi-permeable				2.8	0	0.0
Atha_Col-0-PhyD_root_GC_Alight_Rep2_GSM2493766_Day13	OSD-120	CARA	CARA	GC	earth	root	leaf	9.81	1.0	0.67	22.5	-0.161	2.7	0.0461	14000	0.128	0.188	-0.161	-0.246	0.113	0.169	0.128	-0.161	0.0	100.0			98.9	3.8	5.9	2.7	semi-permeable				2.8	0	0.0
Atha_Col-0-PhyD_root_GC_Alight_Rep3_GSM2493767_Day13	OSD-120	CARA	CARA	GC	earth	root	leaf	9.81	1.0	0.67	22.5	-0.161	2.7	0.0461	14000	0.128	0.188	-0.161	-0.246	0.113	0.169	0.128	-0.161	0.0	100.0			98.9	3.8	5.9	2.7	semi-permeable				2.8	0	0.0
Atha_Col-0-PhyD_root_GC_dark_Rep1_GSM2493774_Day13	OSD-120	CARA	CARA	GC	earth	root	leaf	9.81	1.0	0.67	22.5	-0.161	2.7	0.0461	14000	0.128	0.188	-0.161	-0.246	0.113	0.169	0.128	-0.161	0.0	100.0			98.9	3.8	5.9	2.7	semi-permeable				2.8	0	0.0
Atha_Col-0-PhyD_root_GC_dark_Rep2_GSM2493775_Day13	OSD-120	CARA	CARA	GC	earth	root	leaf	9.81	1.0	0.67	22.5	-0.161	2.7	0.0461	14000	0.128	0.188	-0.161	-0.246	0.113	0.169	0.128	-0.161	0.0	100.0			98.9	3.8	5.9	2.7	semi-permeable				2.8	0	0.0
Atha_Col-0-PhyD_root_GC_dark_Rep3_GSM2493776_Day13	OSD-120	CARA	CARA	GC	earth	root	leaf	9.81	1.0	0.67	22.5	-0.161	2.7	0.0461	14000	0.128	0.188	-0.161	-0.246	0.113	0.169	0.128	-0.161	0.0	100.0			98.9	3.8	5.9	2.7	semi-permeable				2.8	0	0.0
Atha_Col-0_root_FLT_Alight_Rep1_GSM2493777_Day13	OSD-120	CARA	CARA	FLT	ug	root	leaf	0.0	0.494	1.35	11.1	-0.326	5.1	0.0	0	0.231	0.263	-0.326	-0.373	0.215	0.245	0.232	0.306	-0.086	90.0	3.82	3.47	98.0	7.8	8.9	5.1	semi-permeable				2.8	0	0.0
Atha_Col-0_root_FLT_Alight_Rep2_GSM2493778_Day13	OSD-120	CARA	CARA	FLT	ug	root	leaf	0.0	0.494	1.35	11.1	-0.326	5.1	0.0	0	0.231	0.263	-0.326	-0.373	0.215	0.245	0.232	0.306	-0.086	90.0	3.82	3.47	98.0	7.8	8.9	5.1	semi-permeable				2.8	0	0.0
Atha_Col-0_root_FLT_Alight_Rep3_GSM2493779_Day13	OSD-120	CARA	CARA	FLT	ug	root	leaf	0.0	0.494	1.35	11.1	-0.326	5.1	0.0	0	0.231	0.263	-0.326	-0.373	0.215	0.245	0.232	0.306	-0.086	90.0	3.82	3.47	98.0	7.8	8.9	5.1	semi-permeable				2.8	0	0.0
Atha_Col-0_root_FLT_dark_Rep1_GSM2493786_Day13	OSD-120	CARA	CARA	FLT	ug	root	leaf	0.0	0.494	1.35	11.1	-0.326	5.1	0.0	0	0.231	0.263	-0.326	-0.373	0.215	0.245	0.232	0.306	-0.086	90.0	3.82	3.47	98.0	7.8	8.9	5.1	semi-permeable				2.8	0	0.0
Atha_Col-0_root_FLT_dark_Rep2_GSM2493787_Day13	OSD-120	CARA	CARA	FLT	ug	root	leaf	0.0	0.494	1.35	11.1	-0.326	5.1	0.0	0	0.231	0.263	-0.326	-0.373	0.215	0.245	0.232	0.306	-0.086	90.0	3.82	3.47	98.0	7.8	8.9	5.1	semi-permeable				2.8	0	0.0
Atha_Col-0_root_FLT_dark_Rep3_GSM2493788_Day13	OSD-120	CARA	CARA	FLT	ug	root	leaf	0.0	0.494	1.35	11.1	-0.326	5.1	0.0	0	0.231	0.263	-0.326	-0.373	0.215	0.245	0.232	0.306	-0.086	90.0	3.82	3.47	98.0	7.8	8.9	5.1	semi-permeable				2.8	0	0.0
Atha_Col-0_root_GC_Alight_Rep1_GSM2493759_Day13	OSD-120	CARA	CARA	GC	earth	root	leaf	9.81	1.0	0.67	22.5	-0.161	2.7	0.0461	14000	0.128	0.188	-0.161	-0.246	0.113	0.169	0.128	-0.161	0.0	100.0			98.9	3.8	5.9	2.7	semi-permeable				2.8	0	0.0
Atha_Col-0_root_GC_Alight_Rep2_GSM2493760_Day13	OSD-120	CARA	CARA	GC	earth	root	leaf	9.81	1.0	0.67	22.5	-0.161	2.7	0.0461	14000	0.128	0.188	-0.161	-0.246	0.113	0.169	0.128	-0.161	0.0	100.0			98.9	3.8	5.9	2.7	semi-permeable				2.8	0	0.0
Atha_Col-0_root_GC_Alight_Rep3_GSM2493761_Day13	OSD-120	CARA	CARA	GC	earth	root	leaf	9.81	1.0	0.67	22.5	-0.161	2.7	0.0461	14000	0.128	0.188	-0.161	-0.246	0.113	0.169	0.128	-0.161	0.0	100.0			98.9	3.8	5.9	2.7	semi-permeable				2.8	0	0.0
Atha_Col-0_root_GC_dark_Rep1_GSM2493768_Day13	OSD-120	CARA	CARA	GC	earth	root	leaf	9.81	1.0	0.67	22.5	-0.161	2.7	0.0461	14000	0.128	0.188	-0.161	-0.246	0.113	0.169	0.128	-0.161	0.0	100.0			98.9	3.8	5.9	2.7	semi-permeable				2.8	0	0.0
Atha_Col-0_root_GC_dark_Rep2_GSM2493769_Day13	OSD-120	CARA	CARA	GC	earth	root	leaf	9.81	1.0	0.67	22.5	-0.161	2.7	0.0461	14000	0.128	0.188	-0.161	-0.246	0.113	0.169	0.128	-0.161	0.0	100.0			98.9	3.8	5.9	2.7	semi-permeable				2.8	0	0.0
Atha_Col-0_root_GC_dark_Rep3_GSM2493770_Day13	OSD-120	CARA	CARA	GC	earth	root	leaf	9.81	1.0	0.67	22.5	-0.161	2.7	0.0461	14000	0.128	0.188	-0.161	-0.246	0.113	0.169	0.128	-0.161	0.0	100.0			98.9	3.8	5.9	2.7	semi-permeable				2.8	0	0.0
Atha_Col-0_HypocotylCC_ARG1-KO_FLT_Rep1	OSD-147	BRIC	BRIC	FLT	ug	hypocotyl	leaf	0.0	0.494	1.35	11.1	-0.326	5.1	0.0	0	0.231	0.263	-0.326	-0.373	0.215	0.245	0.245	0.312	-0.103	1.0	3.82	0.0	97.9	7.8	8.9	5.1	sealed	7.0	9.4	6.5	2.8	0	0.0
Atha_Col-0_HypocotylCC_ARG1-KO_FLT_Rep2	OSD-147	BRIC	BRIC	FLT	ug	hypocotyl	leaf	0.0	0.494	1.35	11.1	-0.326	5.1	0.0	0	0.231	0.263	-0.326	-0.373	0.215	0.245	0.245	0.312	-0.103	1.0	3.82	0.0	97.9	7.8	8.9	5.1	sealed	7.0	9.4	6.5	2.8	0	0.0
Atha_Col-0_HypocotylCC_ARG1-KO_FLT_Rep3	OSD-147	BRIC	BRIC	FLT	ug	hypocotyl	leaf	0.0	0.494	1.35	11.1	-0.326	5.1	0.0	0	0.231	0.263	-0.326	-0.373	0.215	0.245	0.245	0.312	-0.103	1.0	3.82	0.0	97.9	7.8	8.9	5.1	sealed	7.0	9.4	6.5	2.8	0	0.0
Atha_Col-0_HypocotylCC_ARG1-KO_FLT_Rep4	OSD-147	BRIC	BRIC	FLT	ug	hypocotyl	leaf	0.0	0.494	1.35	11.1	-0.326	5.1	0.0	0	0.231	0.263	-0.326	-0.373	0.215	0.245	0.245	0.312	-0.103	1.0	3.82	0.0	97.9	7.8	8.9	5.1	sealed	7.0	9.4	6.5	2.8	0	0.0
Atha_Col-0_HypocotylCC_ARG1-KO_GC_Rep1	OSD-147	BRIC	BRIC	GC	earth	hypocotyl	leaf	9.81	1.0	0.67	22.5	-0.161	2.7	0.0461	14000	0.128	0.188	-0.161	-0.246	0.113	0.169	0.128	-0.161	0.0	100.0			98.9	3.8	5.9	2.7	sealed				2.8	0	0.0
Atha_Col-0_HypocotylCC_ARG1-KO_GC_Rep2	OSD-147	BRIC	BRIC	GC	earth	hypocotyl	leaf	9.81	1.0	0.67	22.5	-0.161	2.7	0.0461	14000	0.128	0.188	-0.161	-0.246	0.113	0.169	0.128	-0.161	0.0	100.0			98.9	3.8	5.9	2.7	sealed				2.8	0	0.0
Atha_Col-0_HypocotylCC_ARG1-KO_GC_Rep3	OSD-147	BRIC	BRIC	GC	earth	hypocotyl	leaf	9.81	1.0	0.67	22.5	-0.161	2.7	0.0461	14000	0.128	0.188	-0.161	-0.246	0.113	0.169	0.128	-0.161	0.0	100.0			98.9	3.8	5.9	2.7	sealed				2.8	0	0.0
Atha_Col-0_HypocotylCC_ARG1-KO_GC_Rep4	OSD-147	BRIC	BRIC	GC	earth	hypocotyl	leaf	9.81	1.0	0.67	22.5	-0.161	2.7	0.0461	14000	0.128	0.188	-0.161	-0.246	0.113	0.169	0.128	-0.161	0.0	100.0			98.9	3.8	5.9	2.7	sealed				2.8	0	0.0
Atha_Col-0_HypocotylCC_WT_FLT_Rep1	OSD-147	BRIC	BRIC	FLT	ug	hypocotyl	leaf	0.0	0.494	1.35	11.1	-0.326	5.1	0.0	0	0.231	0.263	-0.326	-0.373	0.215	0.245	0.245	0.312	-0.103	1.0	3.82	0.0	97.9	7.8	8.9	5.1	sealed	7.0	9.4	6.5	2.8	0	0.0
Atha_Col-0_HypocotylCC_WT_FLT_Rep2	OSD-147	BRIC	BRIC	FLT	ug	hypocotyl	leaf	0.0	0.494	1.35	11.1	-0.326	5.1	0.0	0	0.231	0.263	-0.326	-0.373	0.215	0.245	0.245	0.312	-0.103	1.0	3.82	0.0	97.9	7.8	8.9	5.1	sealed	7.0	9.4	6.5	2.8	0	0.0
Atha_Col-0_HypocotylCC_WT_FLT_Rep3	OSD-147	BRIC	BRIC	FLT	ug	hypocotyl	leaf	0.0	0.494	1.35	11.1	-0.326	5.1	0.0	0	0.231	0.263	-0.326	-0.373	0.215	0.245	0.245	0.312	-0.103	1.0	3.82	0.0	97.9	7.8	8.9	5.1	sealed	7.0	9.4	6.5	2.8	0	0.0
Atha_Col-0_HypocotylCC_WT_FLT_Rep4	OSD-147	BRIC	BRIC	FLT	ug	hypocotyl	leaf	0.0	0.494	1.35	11.1	-0.326	5.1	0.0	0	0.231	0.263	-0.326	-0.373	0.215	0.245	0.245	0.312	-0.103	1.0	3.82	0.0	97.9	7.8	8.9	5.1	sealed	7.0	9.4	6.5	2.8	0	0.0
Atha_Col-0_HypocotylCC_WT_FLT_Rep5	OSD-147	BRIC	BRIC	FLT	ug	hypocotyl	leaf	0.0	0.494	1.35	11.1	-0.326	5.1	0.0	0	0.231	0.263	-0.326	-0.373	0.215	0.245	0.245	0.312	-0.103	1.0	3.82	0.0	97.9	7.8	8.9	5.1	sealed	7.0	9.4	6.5	2.8	0	0.0
Atha_Col-0_HypocotylCC_WT_GC_Rep1	OSD-147	BRIC	BRIC	GC	earth	hypocotyl	leaf	9.81	1.0	0.67	22.5	-0.161	2.7	0.0461	14000	0.128	0.188	-0.161	-0.246	0.113	0.169	0.128	-0.161	0.0	100.0			98.9	3.8	5.9	2.7	sealed				2.8	0	0.0
Atha_Col-0_HypocotylCC_WT_GC_Rep2	OSD-147	BRIC	BRIC	GC	earth	hypocotyl	leaf	9.81	1.0	0.67	22.5	-0.161	2.7	0.0461	14000	0.128	0.188	-0.161	-0.246	0.113	0.169	0.128	-0.161	0.0	100.0			98.9	3.8	5.9	2.7	sealed				2.8	0	0.0
Atha_Col-0_HypocotylCC_WT_GC_Rep3	OSD-147	BRIC	BRIC	GC	earth	hypocotyl	leaf	9.81	1.0	0.67	22.5	-0.161	2.7	0.0461	14000	0.128	0.188	-0.161	-0.246	0.113	0.169	0.128	-0.161	0.0	100.0			98.9	3.8	5.9	2.7	sealed				2.8	0	0.0
Atha_Col-0_HypocotylCC_WT_GC_Rep4	OSD-147	BRIC	BRIC	GC	earth	hypocotyl	leaf	9.81	1.0	0.67	22.5	-0.161	2.7	0.0461	14000	0.128	0.188	-0.161	-0.246	0.113	0.169	0.128	-0.161	0.0	100.0			98.9	3.8	5.9	2.7	sealed				2.8	0	0.0
Atha_Col-0_HypocotylCC_WT_GC_Rep5	OSD-147	BRIC	BRIC	GC	earth	hypocotyl	leaf	9.81	1.0	0.67	22.5	-0.161	2.7	0.0461	14000	0.128	0.188	-0.161	-0.246	0.113	0.169	0.128	-0.161	0.0	100.0			98.9	3.8	5.9	2.7	sealed				2.8	0	0.0
Atha_Col-0_HypocotylCC_HSFA2-KO_FLT_Rep1	OSD-205	BRIC	BRIC	FLT	ug	hypocotyl	leaf	0.0	0.494	1.35	11.1	-0.326	5.1	0.0	0	0.231	0.263	-0.326	-0.373	0.215	0.245	0.245	0.312	-0.103	1.0	3.82	0.0	97.9	7.8	8.9	5.1	sealed	7.0	9.4	6.5	2.8	0	0.0
Atha_Col-0_HypocotylCC_HSFA2-KO_FLT_Rep2	OSD-205	BRIC	BRIC	FLT	ug	hypocotyl	leaf	0.0	0.494	1.35	11.1	-0.326	5.1	0.0	0	0.231	0.263	-0.326	-0.373	0.215	0.245	0.245	0.312	-0.103	1.0	3.82	0.0	97.9	7.8	8.9	5.1	sealed	7.0	9.4	6.5	2.8	0	0.0
Atha_Col-0_HypocotylCC_HSFA2-KO_FLT_Rep3	OSD-205	BRIC	BRIC	FLT	ug	hypocotyl	leaf	0.0	0.494	1.35	11.1	-0.326	5.1	0.0	0	0.231	0.263	-0.326	-0.373	0.215	0.245	0.245	0.312	-0.103	1.0	3.82	0.0	97.9	7.8	8.9	5.1	sealed	7.0	9.4	6.5	2.8	0	0.0
Atha_Col-0_HypocotylCC_HSFA2-KO_GC_Rep1	OSD-205	BRIC	BRIC	GC	earth	hypocotyl	leaf	9.81	1.0	0.67	22.5	-0.161	2.7	0.0461	14000	0.128	0.188	-0.161	-0.246	0.113	0.169	0.128	-0.161	0.0	100.0			98.9	3.8	5.9	2.7	sealed				2.8	0	0.0
Atha_Col-0_HypocotylCC_HSFA2-KO_GC_Rep2	OSD-205	BRIC	BRIC	GC	earth	hypocotyl	leaf	9.81	1.0	0.67	22.5	-0.161	2.7	0.0461	14000	0.128	0.188	-0.161	-0.246	0.113	0.169	0.128	-0.161	0.0	100.0			98.9	3.8	5.9	2.7	sealed				2.8	0	0.0
Atha_Col-0_HypocotylCC_HSFA2-KO_GC_Rep3	OSD-205	BRIC	BRIC	GC	earth	hypocotyl	leaf	9.81	1.0	0.67	22.5	-0.161	2.7	0.0461	14000	0.128	0.188	-0.161	-0.246	0.113	0.169	0.128	-0.161	0.0	100.0			98.9	3.8	5.9	2.7	sealed				2.8	0	0.0
Atha_Col-0_HypocotylCC_WT_FLT_Rep1	OSD-205	BRIC	BRIC	FLT	ug	hypocotyl	leaf	0.0	0.494	1.35	11.1	-0.326	5.1	0.0	0	0.231	0.263	-0.326	-0.373	0.215	0.245	0.245	0.312	-0.103	1.0	3.82	0.0	97.9	7.8	8.9	5.1	sealed	7.0	9.4	6.5	2.8	0	0.0
Atha_Col-0_HypocotylCC_WT_FLT_Rep2	OSD-205	BRIC	BRIC	FLT	ug	hypocotyl	leaf	0.0	0.494	1.35	11.1	-0.326	5.1	0.0	0	0.231	0.263	-0.326	-0.373	0.215	0.245	0.245	0.312	-0.103	1.0	3.82	0.0	97.9	7.8	8.9	5.1	sealed	7.0	9.4	6.5	2.8	0	0.0
Atha_Col-0_HypocotylCC_WT_FLT_Rep3	OSD-205	BRIC	BRIC	FLT	ug	hypocotyl	leaf	0.0	0.494	1.35	11.1	-0.326	5.1	0.0	0	0.231	0.263	-0.326	-0.373	0.215	0.245	0.245	0.312	-0.103	1.0	3.82	0.0	97.9	7.8	8.9	5.1	sealed	7.0	9.4	6.5	2.8	0	0.0
Atha_Col-0_HypocotylCC_WT_FLT_Rep4	OSD-205	BRIC	BRIC	FLT	ug	hypocotyl	leaf	0.0	0.494	1.35	11.1	-0.326	5.1	0.0	0	0.231	0.263	-0.326	-0.373	0.215	0.245	0.245	0.312	-0.103	1.0	3.82	0.0	97.9	7.8	8.9	5.1	sealed	7.0	9.4	6.5	2.8	0	0.0
Atha_Col-0_HypocotylCC_WT_FLT_Rep5	OSD-205	BRIC	BRIC	FLT	ug	hypocotyl	leaf	0.0	0.494	1.35	11.1	-0.326	5.1	0.0	0	0.231	0.263	-0.326	-0.373	0.215	0.245	0.245	0.312	-0.103	1.0	3.82	0.0	97.9	7.8	8.9	5.1	sealed	7.0	9.4	6.5	2.8	0	0.0
Atha_Col-0_HypocotylCC_WT_GC_Rep1	OSD-205	BRIC	BRIC	GC	earth	hypocotyl	leaf	9.81	1.0	0.67	22.5	-0.161	2.7	0.0461	14000	0.128	0.188	-0.161	-0.246	0.113	0.169	0.128	-0.161	0.0	100.0			98.9	3.8	5.9	2.7	sealed				2.8	0	0.0
Atha_Col-0_HypocotylCC_WT_GC_Rep2	OSD-205	BRIC	BRIC	GC	earth	hypocotyl	leaf	9.81	1.0	0.67	22.5	-0.161	2.7	0.0461	14000	0.128	0.188	-0.161	-0.246	0.113	0.169	0.128	-0.161	0.0	100.0			98.9	3.8	5.9	2.7	sealed				2.8	0	0.0
Atha_Col-0_HypocotylCC_WT_GC_Rep3	OSD-205	BRIC	BRIC	GC	earth	hypocotyl	leaf	9.81	1.0	0.67	22.5	-0.161	2.7	0.0461	14000	0.128	0.188	-0.161	-0.246	0.113	0.169	0.128	-0.161	0.0	100.0			98.9	3.8	5.9	2.7	sealed				2.8	0	0.0
Atha_Col-0_HypocotylCC_WT_GC_Rep4	OSD-205	BRIC	BRIC	GC	earth	hypocotyl	leaf	9.81	1.0	0.67	22.5	-0.161	2.7	0.0461	14000	0.128	0.188	-0.161	-0.246	0.113	0.169	0.128	-0.161	0.0	100.0			98.9	3.8	5.9	2.7	sealed				2.8	0	0.0
Atha_Col-0_HypocotylCC_WT_GC_Rep5	OSD-205	BRIC	BRIC	GC	earth	hypocotyl	leaf	9.81	1.0	0.67	22.5	-0.161	2.7	0.0461	14000	0.128	0.188	-0.161	-0.246	0.113	0.169	0.128	-0.161	0.0	100.0			98.9	3.8	5.9	2.7	sealed				2.8	0	0.0
GSM2517002	OSD-217	Veggie	VEGGIE	GC	earth	root	leaf	9.81	1.0	0.67	22.5	-0.161	2.7	0.0461	14000	0.128	0.188	-0.161	-0.246	0.113	0.169	0.128	-0.161	0.0	100.0			98.9	3.8	5.9	2.7	vented+fan				2.8	0	0.0
GSM2517003	OSD-217	Veggie	VEGGIE	GC	earth	root	leaf	9.81	1.0	0.67	22.5	-0.161	2.7	0.0461	14000	0.128	0.188	-0.161	-0.246	0.113	0.169	0.128	-0.161	0.0	100.0			98.9	3.8	5.9	2.7	vented+fan				2.8	0	0.0
GSM2517004	OSD-217	Veggie	VEGGIE	GC	earth	root	leaf	9.81	1.0	0.67	22.5	-0.161	2.7	0.0461	14000	0.128	0.188	-0.161	-0.246	0.113	0.169	0.128	-0.161	0.0	100.0			98.9	3.8	5.9	2.7	vented+fan				2.8	0	0.0
GSM2517005	OSD-217	Veggie	VEGGIE	FLT	ug	root	leaf	0.0	0.494	1.35	11.1	-0.326	5.1	0.0	0	0.231	0.263	-0.326	-0.373	0.215	0.245	0.078	0.101		100.0	3.83	3.83	99.3	7.8	8.9	5.1	vented+fan				2.8	1	2.8
GSM2517006	OSD-217	Veggie	VEGGIE	FLT	ug	root	leaf	0.0	0.494	1.35	11.1	-0.326	5.1	0.0	0	0.231	0.263	-0.326	-0.373	0.215	0.245	0.078	0.101		100.0	3.83	3.83	99.3	7.8	8.9	5.1	vented+fan				2.8	1	2.8
GSM2517007	OSD-217	Veggie	VEGGIE	FLT	ug	root	leaf	0.0	0.494	1.35	11.1	-0.326	5.1	0.0	0	0.231	0.263	-0.326	-0.373	0.215	0.245	0.078	0.101		100.0	3.83	3.83	99.3	7.8	8.9	5.1	vented+fan				2.8	1	2.8
GSM2517008	OSD-217	Veggie	VEGGIE	GC	earth	leaf	leaf	9.81	1.0	0.67	22.5	-0.161	2.7	0.0461	14000	0.128	0.188	-0.161	-0.246	0.113	0.169	0.128	-0.161	0.0	100.0			98.9	3.8	5.9	2.7	vented+fan				2.8	0	0.0
GSM2517009	OSD-217	Veggie	VEGGIE	GC	earth	leaf	leaf	9.81	1.0	0.67	22.5	-0.161	2.7	0.0461	14000	0.128	0.188	-0.161	-0.246	0.113	0.169	0.128	-0.161	0.0	100.0			98.9	3.8	5.9	2.7	vented+fan				2.8	0	0.0
GSM2517010	OSD-217	Veggie	VEGGIE	GC	earth	leaf	leaf	9.81	1.0	0.67	22.5	-0.161	2.7	0.0461	14000	0.128	0.188	-0.161	-0.246	0.113	0.169	0.128	-0.161	0.0	100.0			98.9	3.8	5.9	2.7	vented+fan				2.8	0	0.0
GSM2517011	OSD-217	Veggie	VEGGIE	FLT	ug	leaf	leaf	0.0	0.494	1.35	11.1	-0.326	5.1	0.0	0	0.231	0.263	-0.326	-0.373	0.215	0.245	0.078	0.101		100.0	3.83	3.83	99.3	7.8	8.9	5.1	vented+fan				2.8	1	2.8
GSM2517012	OSD-217	Veggie	VEGGIE	FLT	ug	leaf	leaf	0.0	0.494	1.35	11.1	-0.326	5.1	0.0	0	0.231	0.263	-0.326	-0.373	0.215	0.245	0.078	0.101		100.0	3.83	3.83	99.3	7.8	8.9	5.1	vented+fan				2.8	1	2.8
GSM2517013	OSD-217	Veggie	VEGGIE	FLT	ug	leaf	leaf	0.0	0.494	1.35	11.1	-0.326	5.1	0.0	0	0.231	0.263	-0.326	-0.373	0.215	0.245	0.078	0.101		100.0	3.83	3.83	99.3	7.8	8.9	5.1	vented+fan				2.8	1	2.8
Atha_Ws_leaf_FLT_Rep1	OSD-217	Veggie	VEGGIE	FLT	ug	leaf	leaf	0.0	0.494	1.35	11.1	-0.326	5.1	0.0	0	0.231	0.263	-0.326	-0.373	0.215	0.245	0.078	0.101		100.0	3.83	3.83	99.3	7.8	8.9	5.1	vented+fan				2.8	1	2.8
Atha_Ws_leaf_FLT_Rep2	OSD-217	Veggie	VEGGIE	FLT	ug	leaf	leaf	0.0	0.494	1.35	11.1	-0.326	5.1	0.0	0	0.231	0.263	-0.326	-0.373	0.215	0.245	0.078	0.101		100.0	3.83	3.83	99.3	7.8	8.9	5.1	vented+fan				2.8	1	2.8
Atha_Ws_leaf_FLT_Rep3	OSD-217	Veggie	VEGGIE	FLT	ug	leaf	leaf	0.0	0.494	1.35	11.1	-0.326	5.1	0.0	0	0.231	0.263	-0.326	-0.373	0.215	0.245	0.078	0.101		100.0	3.83	3.83	99.3	7.8	8.9	5.1	vented+fan				2.8	1	2.8
Atha_Ws_leaf_GC_Rep1	OSD-217	Veggie	VEGGIE	GC	earth	leaf	leaf	9.81	1.0	0.67	22.5	-0.161	2.7	0.0461	14000	0.128	0.188	-0.161	-0.246	0.113	0.169	0.128	-0.161	0.0	100.0			98.9	3.8	5.9	2.7	vented+fan				2.8	0	0.0
Atha_Ws_leaf_GC_Rep2	OSD-217	Veggie	VEGGIE	GC	earth	leaf	leaf	9.81	1.0	0.67	22.5	-0.161	2.7	0.0461	14000	0.128	0.188	-0.161	-0.246	0.113	0.169	0.128	-0.161	0.0	100.0			98.9	3.8	5.9	2.7	vented+fan				2.8	0	0.0
Atha_Ws_leaf_GC_Rep3	OSD-217	Veggie	VEGGIE	GC	earth	leaf	leaf	9.81	1.0	0.67	22.5	-0.161	2.7	0.0461	14000	0.128	0.188	-0.161	-0.246	0.113	0.169	0.128	-0.161	0.0	100.0			98.9	3.8	5.9	2.7	vented+fan				2.8	0	0.0
Atha_Ws_root_FLT_Rep1	OSD-217	Veggie	VEGGIE	FLT	ug	root	leaf	0.0	0.494	1.35	11.1	-0.326	5.1	0.0	0	0.231	0.263	-0.326	-0.373	0.215	0.245	0.078	0.101		100.0	3.83	3.83	99.3	7.8	8.9	5.1	vented+fan				2.8	1	2.8
Atha_Ws_root_FLT_Rep2	OSD-217	Veggie	VEGGIE	FLT	ug	root	leaf	0.0	0.494	1.35	11.1	-0.326	5.1	0.0	0	0.231	0.263	-0.326	-0.373	0.215	0.245	0.078	0.101		100.0	3.83	3.83	99.3	7.8	8.9	5.1	vented+fan				2.8	1	2.8
Atha_Ws_root_FLT_Rep3	OSD-217	Veggie	VEGGIE	FLT	ug	root	leaf	0.0	0.494	1.35	11.1	-0.326	5.1	0.0	0	0.231	0.263	-0.326	-0.373	0.215	0.245	0.078	0.101		100.0	3.83	3.83	99.3	7.8	8.9	5.1	vented+fan				2.8	1	2.8
Atha_Ws_root_GC_Rep1	OSD-217	Veggie	VEGGIE	GC	earth	root	leaf	9.81	1.0	0.67	22.5	-0.161	2.7	0.0461	14000	0.128	0.188	-0.161	-0.246	0.113	0.169	0.128	-0.161	0.0	100.0			98.9	3.8	5.9	2.7	vented+fan				2.8	0	0.0
Atha_Ws_root_GC_Rep2	OSD-217	Veggie	VEGGIE	GC	earth	root	leaf	9.81	1.0	0.67	22.5	-0.161	2.7	0.0461	14000	0.128	0.188	-0.161	-0.246	0.113	0.169	0.128	-0.161	0.0	100.0			98.9	3.8	5.9	2.7	vented+fan				2.8	0	0.0
Atha_Ws_root_GC_Rep3	OSD-217	Veggie	VEGGIE	GC	earth	root	leaf	9.81	1.0	0.67	22.5	-0.161	2.7	0.0461	14000	0.128	0.188	-0.161	-0.246	0.113	0.169	0.128	-0.161	0.0	100.0			98.9	3.8	5.9	2.7	vented+fan				2.8	0	0.0
05G4_WT_RED_Col0_03g_Rep1	OSD-314	EMCS	VEGGIE	FLT	ug	unknown	rosette	0.0	0.291	2.29	8.8	-0.554	8.6	0.0	0	0.384	0.698	-0.554	-1.033	0.36	0.659	0.236	0.322		100.0	3.83	3.83	96.5	13.2	24.7	8.6	vented+fan				11.0	1	2.8
06H4_WT_RED_Col0_03g_Rep2	OSD-314	EMCS	VEGGIE	FLT	ug	unknown	rosette	0.0	0.291	2.29	8.8	-0.554	8.6	0.0	0	0.384	0.698	-0.554	-1.033	0.36	0.659	0.236	0.322		100.0	3.83	3.83	96.5	13.2	24.7	8.6	vented+fan				11.0	1	2.8
07A5_WT_RED_Col0_03g_Rep3	OSD-314	EMCS	VEGGIE	FLT	ug	unknown	rosette	0.0	0.291	2.29	8.8	-0.554	8.6	0.0	0	0.384	0.698	-0.554	-1.033	0.36	0.659	0.236	0.322		100.0	3.83	3.83	96.5	13.2	24.7	8.6	vented+fan				11.0	1	2.8
13I4_WT_DARK_Col0_03g_Rep1	OSD-314	EMCS	VEGGIE	FLT	ug	unknown	rosette	0.0	0.291	2.29	8.8	-0.554	8.6	0.0	0	0.384	0.698	-0.554	-1.033	0.36	0.659	0.236	0.322		100.0	3.83	3.83	96.5	13.2	24.7	8.6	vented+fan				11.0	1	2.8
14J4_WT_DARK_Col0_03g_Rep2	OSD-314	EMCS	VEGGIE	FLT	ug	unknown	rosette	0.0	0.291	2.29	8.8	-0.554	8.6	0.0	0	0.384	0.698	-0.554	-1.033	0.36	0.659	0.236	0.322		100.0	3.83	3.83	96.5	13.2	24.7	8.6	vented+fan				11.0	1	2.8
15A7_WT_DARK_Col0_03g_Rep3	OSD-314	EMCS	VEGGIE	FLT	ug	unknown	rosette	0.0	0.291	2.29	8.8	-0.554	8.6	0.0	0	0.384	0.698	-0.554	-1.033	0.36	0.659	0.236	0.322		100.0	3.83	3.83	96.5	13.2	24.7	8.6	vented+fan				11.0	1	2.8
21H5_WT_RED_Col0_1g_Rep1	OSD-314	EMCS	VEGGIE	GC	earth	unknown	rosette	9.81	0.54	1.23	16.4	-0.298	4.8	0.0458	62000	0.225	0.509	-0.298	-0.715	0.202	0.469	0.225	-0.298	0.0	100.0				7.1	17.1	4.8	vented+fan				11.0	0	0.0
22A6_WT_RED_Col0_1g_Rep2	OSD-314	EMCS	VEGGIE	GC	earth	unknown	rosette	9.81	0.54	1.23	16.4	-0.298	4.8	0.0458	62000	0.225	0.509	-0.298	-0.715	0.202	0.469	0.225	-0.298	0.0	100.0				7.1	17.1	4.8	vented+fan				11.0	0	0.0
23B6_WT_RED_Col0_1g_Rep3	OSD-314	EMCS	VEGGIE	GC	earth	unknown	rosette	9.81	0.54	1.23	16.4	-0.298	4.8	0.0458	62000	0.225	0.509	-0.298	-0.715	0.202	0.469	0.225	-0.298	0.0	100.0				7.1	17.1	4.8	vented+fan				11.0	0	0.0
30H7_WT_DARK_Col0_1g_Rep1	OSD-314	EMCS	VEGGIE	GC	earth	unknown	rosette	9.81	0.54	1.23	16.4	-0.298	4.8	0.0458	62000	0.225	0.509	-0.298	-0.715	0.202	0.469	0.225	-0.298	0.0	100.0				7.1	17.1	4.8	vented+fan				11.0	0	0.0
31A8_WT_DARK_Col0_1g_Rep2	OSD-314	EMCS	VEGGIE	GC	earth	unknown	rosette	9.81	0.54	1.23	16.4	-0.298	4.8	0.0458	62000	0.225	0.509	-0.298	-0.715	0.202	0.469	0.225	-0.298	0.0	100.0				7.1	17.1	4.8	vented+fan				11.0	0	0.0
32B8_WT_DARK_Col0_1g_Rep3	OSD-314	EMCS	VEGGIE	GC	earth	unknown	rosette	9.81	0.54	1.23	16.4	-0.298	4.8	0.0458	62000	0.225	0.509	-0.298	-0.715	0.202	0.469	0.225	-0.298	0.0	100.0				7.1	17.1	4.8	vented+fan				11.0	0	0.0
JBA1_WT_DARK_Col0_0g_Rep1	OSD-314	EMCS	VEGGIE	FLT	ug	unknown	rosette	0.0	0.291	2.29	8.8	-0.554	8.6	0.0	0	0.384	0.698	-0.554	-1.033	0.36	0.659	0.236	0.322		100.0	3.83	3.83	96.5	13.2	24.7	8.6	vented+fan				11.0	1	2.8
JBA3_WT_RED_Col0_0g_Rep2	OSD-314	EMCS	VEGGIE	FLT	ug	unknown	rosette	0.0	0.291	2.29	8.8	-0.554	8.6	0.0	0	0.384	0.698	-0.554	-1.033	0.36	0.659	0.236	0.322		100.0	3.83	3.83	96.5	13.2	24.7	8.6	vented+fan				11.0	1	2.8
JBB1_WT_DARK_Col0_0g_Rep2	OSD-314	EMCS	VEGGIE	FLT	ug	unknown	rosette	0.0	0.291	2.29	8.8	-0.554	8.6	0.0	0	0.384	0.698	-0.554	-1.033	0.36	0.659	0.236	0.322		100.0	3.83	3.83	96.5	13.2	24.7	8.6	vented+fan				11.0	1	2.8
JBB3_WT_RED_Col0_0g_Rep3	OSD-314	EMCS	VEGGIE	FLT	ug	unknown	rosette	0.0	0.291	2.29	8.8	-0.554	8.6	0.0	0	0.384	0.698	-0.554	-1.033	0.36	0.659	0.236	0.322		100.0	3.83	3.83	96.5	13.2	24.7	8.6	vented+fan				11.0	1	2.8
JBH2_WT_RED_Col0_0g_Rep1	OSD-314	EMCS	VEGGIE	FLT	ug	unknown	rosette	0.0	0.291	2.29	8.8	-0.554	8.6	0.0	0	0.384	0.698	-0.554	-1.033	0.36	0.659	0.236	0.322		100.0	3.83	3.83	96.5	13.2	24.7	8.6	vented+fan				11.0	1	2.8
GSM4486031	OSD-321	BRIC	BRIC	FLT	ug	whole_seedling	rosette	0.0	0.291	2.29	8.8	-0.554	8.6	0.0	0	0.384	0.698	-0.554	-1.033	0.36	0.659	0.471	0.577	-0.256	1.0	3.82	0.0	96.5	13.2	24.7	8.6	sealed	7.0	9.4	6.5	11.0	0	0.0
GSM4486032	OSD-321	BRIC	BRIC	FLT	ug	whole_seedling	rosette	0.0	0.291	2.29	8.8	-0.554	8.6	0.0	0	0.384	0.698	-0.554	-1.033	0.36	0.659	0.471	0.577	-0.256	1.0	3.82	0.0	96.5	13.2	24.7	8.6	sealed	7.0	9.4	6.5	11.0	0	0.0
GSM4486033	OSD-321	BRIC	BRIC	FLT	ug	whole_seedling	rosette	0.0	0.291	2.29	8.8	-0.554	8.6	0.0	0	0.384	0.698	-0.554	-1.033	0.36	0.659	0.471	0.577	-0.256	1.0	3.82	0.0	96.5	13.2	24.7	8.6	sealed	7.0	9.4	6.5	11.0	0	0.0
GSM4486034	OSD-321	BRIC	BRIC	FLT	ug	whole_seedling	rosette	0.0	0.291	2.29	8.8	-0.554	8.6	0.0	0	0.384	0.698	-0.554	-1.033	0.36	0.659	0.471	0.577	-0.256	1.0	3.82	0.0	96.5	13.2	24.7	8.6	sealed	7.0	9.4	6.5	11.0	0	0.0
GSM4486035	OSD-321	BRIC	BRIC	GC	earth	whole_seedling	rosette	9.81	0.54	1.23	16.4	-0.298	4.8	0.0458	62000	0.225	0.509	-0.298	-0.715	0.202	0.469	0.225	-0.298	0.0	100.0				7.1	17.1	4.8	sealed				11.0	0	0.0
GSM4486036	OSD-321	BRIC	BRIC	GC	earth	whole_seedling	rosette	9.81	0.54	1.23	16.4	-0.298	4.8	0.0458	62000	0.225	0.509	-0.298	-0.715	0.202	0.469	0.225	-0.298	0.0	100.0				7.1	17.1	4.8	sealed				11.0	0	0.0
GSM4486037	OSD-321	BRIC	BRIC	GC	earth	whole_seedling	rosette	9.81	0.54	1.23	16.4	-0.298	4.8	0.0458	62000	0.225	0.509	-0.298	-0.715	0.202	0.469	0.225	-0.298	0.0	100.0				7.1	17.1	4.8	sealed				11.0	0	0.0
GSM4486038	OSD-321	BRIC	BRIC	GC	earth	whole_seedling	rosette	9.81	0.54	1.23	16.4	-0.298	4.8	0.0458	62000	0.225	0.509	-0.298	-0.715	0.202	0.469	0.225	-0.298	0.0	100.0				7.1	17.1	4.8	sealed				11.0	0	0.0
GSM4486039	OSD-321	BRIC	BRIC	FLT	ug	whole_seedling	rosette	0.0	0.291	2.29	8.8	-0.554	8.6	0.0	0	0.384	0.698	-0.554	-1.033	0.36	0.659	0.471	0.577	-0.256	1.0	3.82	0.0	96.5	13.2	24.7	8.6	sealed	7.0	9.4	6.5	11.0	0	0.0
GSM4486040	OSD-321	BRIC	BRIC	FLT	ug	whole_seedling	rosette	0.0	0.291	2.29	8.8	-0.554	8.6	0.0	0	0.384	0.698	-0.554	-1.033	0.36	0.659	0.471	0.577	-0.256	1.0	3.82	0.0	96.5	13.2	24.7	8.6	sealed	7.0	9.4	6.5	11.0	0	0.0
GSM4486041	OSD-321	BRIC	BRIC	FLT	ug	whole_seedling	rosette	0.0	0.291	2.29	8.8	-0.554	8.6	0.0	0	0.384	0.698	-0.554	-1.033	0.36	0.659	0.471	0.577	-0.256	1.0	3.82	0.0	96.5	13.2	24.7	8.6	sealed	7.0	9.4	6.5	11.0	0	0.0
GSM4486042	OSD-321	BRIC	BRIC	FLT	ug	whole_seedling	rosette	0.0	0.291	2.29	8.8	-0.554	8.6	0.0	0	0.384	0.698	-0.554	-1.033	0.36	0.659	0.471	0.577	-0.256	1.0	3.82	0.0	96.5	13.2	24.7	8.6	sealed	7.0	9.4	6.5	11.0	0	0.0
GSM4486043	OSD-321	BRIC	BRIC	GC	earth	whole_seedling	rosette	9.81	0.54	1.23	16.4	-0.298	4.8	0.0458	62000	0.225	0.509	-0.298	-0.715	0.202	0.469	0.225	-0.298	0.0	100.0				7.1	17.1	4.8	sealed				11.0	0	0.0
GSM4486044	OSD-321	BRIC	BRIC	GC	earth	whole_seedling	rosette	9.81	0.54	1.23	16.4	-0.298	4.8	0.0458	62000	0.225	0.509	-0.298	-0.715	0.202	0.469	0.225	-0.298	0.0	100.0				7.1	17.1	4.8	sealed				11.0	0	0.0
GSM4486045	OSD-321	BRIC	BRIC	GC	earth	whole_seedling	rosette	9.81	0.54	1.23	16.4	-0.298	4.8	0.0458	62000	0.225	0.509	-0.298	-0.715	0.202	0.469	0.225	-0.298	0.0	100.0				7.1	17.1	4.8	sealed				11.0	0	0.0
GSM4486046	OSD-321	BRIC	BRIC	GC	earth	whole_seedling	rosette	9.81	0.54	1.23	16.4	-0.298	4.8	0.0458	62000	0.225	0.509	-0.298	-0.715	0.202	0.469	0.225	-0.298	0.0	100.0				7.1	17.1	4.8	sealed				11.0	0	0.0
GSM4486047	OSD-321	BRIC	BRIC	FLT	ug	whole_seedling	rosette	0.0	0.291	2.29	8.8	-0.554	8.6	0.0	0	0.384	0.698	-0.554	-1.033	0.36	0.659	0.471	0.577	-0.256	1.0	3.82	0.0	96.5	13.2	24.7	8.6	sealed	7.0	9.4	6.5	11.0	0	0.0
GSM4486048	OSD-321	BRIC	BRIC	FLT	ug	whole_seedling	rosette	0.0	0.291	2.29	8.8	-0.554	8.6	0.0	0	0.384	0.698	-0.554	-1.033	0.36	0.659	0.471	0.577	-0.256	1.0	3.82	0.0	96.5	13.2	24.7	8.6	sealed	7.0	9.4	6.5	11.0	0	0.0
GSM4486049	OSD-321	BRIC	BRIC	FLT	ug	whole_seedling	rosette	0.0	0.291	2.29	8.8	-0.554	8.6	0.0	0	0.384	0.698	-0.554	-1.033	0.36	0.659	0.471	0.577	-0.256	1.0	3.82	0.0	96.5	13.2	24.7	8.6	sealed	7.0	9.4	6.5	11.0	0	0.0
GSM4486050	OSD-321	BRIC	BRIC	FLT	ug	whole_seedling	rosette	0.0	0.291	2.29	8.8	-0.554	8.6	0.0	0	0.384	0.698	-0.554	-1.033	0.36	0.659	0.471	0.577	-0.256	1.0	3.82	0.0	96.5	13.2	24.7	8.6	sealed	7.0	9.4	6.5	11.0	0	0.0
GSM4486051	OSD-321	BRIC	BRIC	FLT	ug	whole_seedling	rosette	0.0	0.291	2.29	8.8	-0.554	8.6	0.0	0	0.384	0.698	-0.554	-1.033	0.36	0.659	0.471	0.577	-0.256	1.0	3.82	0.0	96.5	13.2	24.7	8.6	sealed	7.0	9.4	6.5	11.0	0	0.0
GSM4486052	OSD-321	BRIC	BRIC	GC	earth	whole_seedling	rosette	9.81	0.54	1.23	16.4	-0.298	4.8	0.0458	62000	0.225	0.509	-0.298	-0.715	0.202	0.469	0.225	-0.298	0.0	100.0				7.1	17.1	4.8	sealed				11.0	0	0.0
GSM4486053	OSD-321	BRIC	BRIC	GC	earth	whole_seedling	rosette	9.81	0.54	1.23	16.4	-0.298	4.8	0.0458	62000	0.225	0.509	-0.298	-0.715	0.202	0.469	0.225	-0.298	0.0	100.0				7.1	17.1	4.8	sealed				11.0	0	0.0
GSM4486054	OSD-321	BRIC	BRIC	GC	earth	whole_seedling	rosette	9.81	0.54	1.23	16.4	-0.298	4.8	0.0458	62000	0.225	0.509	-0.298	-0.715	0.202	0.469	0.225	-0.298	0.0	100.0				7.1	17.1	4.8	sealed				11.0	0	0.0
GSM4486055	OSD-321	BRIC	BRIC	GC	earth	whole_seedling	rosette	9.81	0.54	1.23	16.4	-0.298	4.8	0.0458	62000	0.225	0.509	-0.298	-0.715	0.202	0.469	0.225	-0.298	0.0	100.0				7.1	17.1	4.8	sealed				11.0	0	0.0
GSM4486056	OSD-321	BRIC	BRIC	GC	earth	whole_seedling	rosette	9.81	0.54	1.23	16.4	-0.298	4.8	0.0458	62000	0.225	0.509	-0.298	-0.715	0.202	0.469	0.225	-0.298	0.0	100.0				7.1	17.1	4.8	sealed				11.0	0	0.0
GSM4486057	OSD-321	BRIC	BRIC	FLT	ug	whole_seedling	rosette	0.0	0.291	2.29	8.8	-0.554	8.6	0.0	0	0.384	0.698	-0.554	-1.033	0.36	0.659	0.471	0.577	-0.256	1.0	3.82	0.0	96.5	13.2	24.7	8.6	sealed	7.0	9.4	6.5	11.0	0	0.0
GSM4486058	OSD-321	BRIC	BRIC	FLT	ug	whole_seedling	rosette	0.0	0.291	2.29	8.8	-0.554	8.6	0.0	0	0.384	0.698	-0.554	-1.033	0.36	0.659	0.471	0.577	-0.256	1.0	3.82	0.0	96.5	13.2	24.7	8.6	sealed	7.0	9.4	6.5	11.0	0	0.0
GSM4486059	OSD-321	BRIC	BRIC	FLT	ug	whole_seedling	rosette	0.0	0.291	2.29	8.8	-0.554	8.6	0.0	0	0.384	0.698	-0.554	-1.033	0.36	0.659	0.471	0.577	-0.256	1.0	3.82	0.0	96.5	13.2	24.7	8.6	sealed	7.0	9.4	6.5	11.0	0	0.0
GSM4486060	OSD-321	BRIC	BRIC	FLT	ug	whole_seedling	rosette	0.0	0.291	2.29	8.8	-0.554	8.6	0.0	0	0.384	0.698	-0.554	-1.033	0.36	0.659	0.471	0.577	-0.256	1.0	3.82	0.0	96.5	13.2	24.7	8.6	sealed	7.0	9.4	6.5	11.0	0	0.0
GSM4486061	OSD-321	BRIC	BRIC	GC	earth	whole_seedling	rosette	9.81	0.54	1.23	16.4	-0.298	4.8	0.0458	62000	0.225	0.509	-0.298	-0.715	0.202	0.469	0.225	-0.298	0.0	100.0				7.1	17.1	4.8	sealed				11.0	0	0.0
GSM4486062	OSD-321	BRIC	BRIC	GC	earth	whole_seedling	rosette	9.81	0.54	1.23	16.4	-0.298	4.8	0.0458	62000	0.225	0.509	-0.298	-0.715	0.202	0.469	0.225	-0.298	0.0	100.0				7.1	17.1	4.8	sealed				11.0	0	0.0
GSM4486063	OSD-321	BRIC	BRIC	GC	earth	whole_seedling	rosette	9.81	0.54	1.23	16.4	-0.298	4.8	0.0458	62000	0.225	0.509	-0.298	-0.715	0.202	0.469	0.225	-0.298	0.0	100.0				7.1	17.1	4.8	sealed				11.0	0	0.0
GSM4486064	OSD-321	BRIC	BRIC	GC	earth	whole_seedling	rosette	9.81	0.54	1.23	16.4	-0.298	4.8	0.0458	62000	0.225	0.509	-0.298	-0.715	0.202	0.469	0.225	-0.298	0.0	100.0				7.1	17.1	4.8	sealed				11.0	0	0.0
GSM4486065	OSD-321	BRIC	BRIC	FLT	ug	whole_seedling	rosette	0.0	0.291	2.29	8.8	-0.554	8.6	0.0	0	0.384	0.698	-0.554	-1.033	0.36	0.659	0.471	0.577	-0.256	1.0	3.82	0.0	96.5	13.2	24.7	8.6	sealed	7.0	9.4	6.5	11.0	0	0.0
GSM4486066	OSD-321	BRIC	BRIC	FLT	ug	whole_seedling	rosette	0.0	0.291	2.29	8.8	-0.554	8.6	0.0	0	0.384	0.698	-0.554	-1.033	0.36	0.659	0.471	0.577	-0.256	1.0	3.82	0.0	96.5	13.2	24.7	8.6	sealed	7.0	9.4	6.5	11.0	0	0.0
GSM4486067	OSD-321	BRIC	BRIC	FLT	ug	whole_seedling	rosette	0.0	0.291	2.29	8.8	-0.554	8.6	0.0	0	0.384	0.698	-0.554	-1.033	0.36	0.659	0.471	0.577	-0.256	1.0	3.82	0.0	96.5	13.2	24.7	8.6	sealed	7.0	9.4	6.5	11.0	0	0.0
GSM4486068	OSD-321	BRIC	BRIC	FLT	ug	whole_seedling	rosette	0.0	0.291	2.29	8.8	-0.554	8.6	0.0	0	0.384	0.698	-0.554	-1.033	0.36	0.659	0.471	0.577	-0.256	1.0	3.82	0.0	96.5	13.2	24.7	8.6	sealed	7.0	9.4	6.5	11.0	0	0.0
GSM4486069	OSD-321	BRIC	BRIC	FLT	ug	whole_seedling	rosette	0.0	0.291	2.29	8.8	-0.554	8.6	0.0	0	0.384	0.698	-0.554	-1.033	0.36	0.659	0.471	0.577	-0.256	1.0	3.82	0.0	96.5	13.2	24.7	8.6	sealed	7.0	9.4	6.5	11.0	0	0.0
GSM4486070	OSD-321	BRIC	BRIC	GC	earth	whole_seedling	rosette	9.81	0.54	1.23	16.4	-0.298	4.8	0.0458	62000	0.225	0.509	-0.298	-0.715	0.202	0.469	0.225	-0.298	0.0	100.0				7.1	17.1	4.8	sealed				11.0	0	0.0
GSM4486071	OSD-321	BRIC	BRIC	GC	earth	whole_seedling	rosette	9.81	0.54	1.23	16.4	-0.298	4.8	0.0458	62000	0.225	0.509	-0.298	-0.715	0.202	0.469	0.225	-0.298	0.0	100.0				7.1	17.1	4.8	sealed				11.0	0	0.0
GSM4486072	OSD-321	BRIC	BRIC	GC	earth	whole_seedling	rosette	9.81	0.54	1.23	16.4	-0.298	4.8	0.0458	62000	0.225	0.509	-0.298	-0.715	0.202	0.469	0.225	-0.298	0.0	100.0				7.1	17.1	4.8	sealed				11.0	0	0.0
GSM4486073	OSD-321	BRIC	BRIC	GC	earth	whole_seedling	rosette	9.81	0.54	1.23	16.4	-0.298	4.8	0.0458	62000	0.225	0.509	-0.298	-0.715	0.202	0.469	0.225	-0.298	0.0	100.0				7.1	17.1	4.8	sealed				11.0	0	0.0
GSM4486074	OSD-321	BRIC	BRIC	GC	earth	whole_seedling	rosette	9.81	0.54	1.23	16.4	-0.298	4.8	0.0458	62000	0.225	0.509	-0.298	-0.715	0.202	0.469	0.225	-0.298	0.0	100.0				7.1	17.1	4.8	sealed				11.0	0	0.0
GSM3330758	OSD-416	Veggie	VEGGIE	FLT	ug	unknown	rosette	0.0	0.291	2.29	8.8	-0.554	8.6	0.0	0	0.384	0.698	-0.554	-1.033	0.36	0.659	0.236	0.322		100.0	3.83	3.83	96.5	13.2	24.7	8.6	vented+fan				11.0	1	2.8
GSM3330759	OSD-416	Veggie	VEGGIE	FLT	ug	unknown	rosette	0.0	0.291	2.29	8.8	-0.554	8.6	0.0	0	0.384	0.698	-0.554	-1.033	0.36	0.659	0.236	0.322		100.0	3.83	3.83	96.5	13.2	24.7	8.6	vented+fan				11.0	1	2.8
GSM3330760	OSD-416	Veggie	VEGGIE	FLT	ug	unknown	rosette	0.0	0.291	2.29	8.8	-0.554	8.6	0.0	0	0.384	0.698	-0.554	-1.033	0.36	0.659	0.236	0.322		100.0	3.83	3.83	96.5	13.2	24.7	8.6	vented+fan				11.0	1	2.8
GSM3330761	OSD-416	Veggie	VEGGIE	FLT	ug	unknown	rosette	0.0	0.291	2.29	8.8	-0.554	8.6	0.0	0	0.384	0.698	-0.554	-1.033	0.36	0.659	0.236	0.322		100.0	3.83	3.83	96.5	13.2	24.7	8.6	vented+fan				11.0	1	2.8
GSM3330762	OSD-416	Veggie	VEGGIE	FLT	ug	unknown	rosette	0.0	0.291	2.29	8.8	-0.554	8.6	0.0	0	0.384	0.698	-0.554	-1.033	0.36	0.659	0.236	0.322		100.0	3.83	3.83	96.5	13.2	24.7	8.6	vented+fan				11.0	1	2.8
GSM3330763	OSD-416	Veggie	VEGGIE	FLT	ug	unknown	rosette	0.0	0.291	2.29	8.8	-0.554	8.6	0.0	0	0.384	0.698	-0.554	-1.033	0.36	0.659	0.236	0.322		100.0	3.83	3.83	96.5	13.2	24.7	8.6	vented+fan				11.0	1	2.8
GSM3330764	OSD-416	Veggie	VEGGIE	FLT	ug	unknown	rosette	0.0	0.291	2.29	8.8	-0.554	8.6	0.0	0	0.384	0.698	-0.554	-1.033	0.36	0.659	0.236	0.322		100.0	3.83	3.83	96.5	13.2	24.7	8.6	vented+fan				11.0	1	2.8
GSM3330765	OSD-416	Veggie	VEGGIE	FLT	ug	unknown	rosette	0.0	0.291	2.29	8.8	-0.554	8.6	0.0	0	0.384	0.698	-0.554	-1.033	0.36	0.659	0.236	0.322		100.0	3.83	3.83	96.5	13.2	24.7	8.6	vented+fan				11.0	1	2.8
GSM3330766	OSD-416	Veggie	VEGGIE	GC	earth	unknown	rosette	9.81	0.54	1.23	16.4	-0.298	4.8	0.0458	62000	0.225	0.509	-0.298	-0.715	0.202	0.469	0.225	-0.298	0.0	100.0				7.1	17.1	4.8	vented+fan				11.0	0	0.0
GSM3330767	OSD-416	Veggie	VEGGIE	GC	earth	unknown	rosette	9.81	0.54	1.23	16.4	-0.298	4.8	0.0458	62000	0.225	0.509	-0.298	-0.715	0.202	0.469	0.225	-0.298	0.0	100.0				7.1	17.1	4.8	vented+fan				11.0	0	0.0
GSM3330768	OSD-416	Veggie	VEGGIE	GC	earth	unknown	rosette	9.81	0.54	1.23	16.4	-0.298	4.8	0.0458	62000	0.225	0.509	-0.298	-0.715	0.202	0.469	0.225	-0.298	0.0	100.0				7.1	17.1	4.8	vented+fan				11.0	0	0.0
GSM3330769	OSD-416	Veggie	VEGGIE	GC	earth	unknown	rosette	9.81	0.54	1.23	16.4	-0.298	4.8	0.0458	62000	0.225	0.509	-0.298	-0.715	0.202	0.469	0.225	-0.298	0.0	100.0				7.1	17.1	4.8	vented+fan				11.0	0	0.0
GSM3330770	OSD-416	Veggie	VEGGIE	GC	earth	unknown	rosette	9.81	0.54	1.23	16.4	-0.298	4.8	0.0458	62000	0.225	0.509	-0.298	-0.715	0.202	0.469	0.225	-0.298	0.0	100.0				7.1	17.1	4.8	vented+fan				11.0	0	0.0
GSM3330771	OSD-416	Veggie	VEGGIE	GC	earth	unknown	rosette	9.81	0.54	1.23	16.4	-0.298	4.8	0.0458	62000	0.225	0.509	-0.298	-0.715	0.202	0.469	0.225	-0.298	0.0	100.0				7.1	17.1	4.8	vented+fan				11.0	0	0.0
GSM3330772	OSD-416	Veggie	VEGGIE	GC	earth	unknown	rosette	9.81	0.54	1.23	16.4	-0.298	4.8	0.0458	62000	0.225	0.509	-0.298	-0.715	0.202	0.469	0.225	-0.298	0.0	100.0				7.1	17.1	4.8	vented+fan				11.0	0	0.0
GSM3330773	OSD-416	Veggie	VEGGIE	GC	earth	unknown	rosette	9.81	0.54	1.23	16.4	-0.298	4.8	0.0458	62000	0.225	0.509	-0.298	-0.715	0.202	0.469	0.225	-0.298	0.0	100.0				7.1	17.1	4.8	vented+fan				11.0	0	0.0
GSM3330774	OSD-416	Veggie	VEGGIE	FLT	ug	unknown	rosette	0.0	0.291	2.29	8.8	-0.554	8.6	0.0	0	0.384	0.698	-0.554	-1.033	0.36	0.659	0.236	0.322		100.0	3.83	3.83	96.5	13.2	24.7	8.6	vented+fan				11.0	1	2.8
GSM3330775	OSD-416	Veggie	VEGGIE	FLT	ug	unknown	rosette	0.0	0.291	2.29	8.8	-0.554	8.6	0.0	0	0.384	0.698	-0.554	-1.033	0.36	0.659	0.236	0.322		100.0	3.83	3.83	96.5	13.2	24.7	8.6	vented+fan				11.0	1	2.8
GSM3330776	OSD-416	Veggie	VEGGIE	FLT	ug	unknown	rosette	0.0	0.291	2.29	8.8	-0.554	8.6	0.0	0	0.384	0.698	-0.554	-1.033	0.36	0.659	0.236	0.322		100.0	3.83	3.83	96.5	13.2	24.7	8.6	vented+fan				11.0	1	2.8
GSM3330777	OSD-416	Veggie	VEGGIE	FLT	ug	unknown	rosette	0.0	0.291	2.29	8.8	-0.554	8.6	0.0	0	0.384	0.698	-0.554	-1.033	0.36	0.659	0.236	0.322		100.0	3.83	3.83	96.5	13.2	24.7	8.6	vented+fan				11.0	1	2.8
GSM3330778	OSD-416	Veggie	VEGGIE	FLT	ug	unknown	rosette	0.0	0.291	2.29	8.8	-0.554	8.6	0.0	0	0.384	0.698	-0.554	-1.033	0.36	0.659	0.236	0.322		100.0	3.83	3.83	96.5	13.2	24.7	8.6	vented+fan				11.0	1	2.8
GSM3330779	OSD-416	Veggie	VEGGIE	FLT	ug	unknown	rosette	0.0	0.291	2.29	8.8	-0.554	8.6	0.0	0	0.384	0.698	-0.554	-1.033	0.36	0.659	0.236	0.322		100.0	3.83	3.83	96.5	13.2	24.7	8.6	vented+fan				11.0	1	2.8
GSM3330780	OSD-416	Veggie	VEGGIE	FLT	ug	unknown	rosette	0.0	0.291	2.29	8.8	-0.554	8.6	0.0	0	0.384	0.698	-0.554	-1.033	0.36	0.659	0.236	0.322		100.0	3.83	3.83	96.5	13.2	24.7	8.6	vented+fan				11.0	1	2.8
GSM3330781	OSD-416	Veggie	VEGGIE	FLT	ug	unknown	rosette	0.0	0.291	2.29	8.8	-0.554	8.6	0.0	0	0.384	0.698	-0.554	-1.033	0.36	0.659	0.236	0.322		100.0	3.83	3.83	96.5	13.2	24.7	8.6	vented+fan				11.0	1	2.8
GSM3330782	OSD-416	Veggie	VEGGIE	GC	earth	unknown	rosette	9.81	0.54	1.23	16.4	-0.298	4.8	0.0458	62000	0.225	0.509	-0.298	-0.715	0.202	0.469	0.225	-0.298	0.0	100.0				7.1	17.1	4.8	vented+fan				11.0	0	0.0
GSM3330783	OSD-416	Veggie	VEGGIE	GC	earth	unknown	rosette	9.81	0.54	1.23	16.4	-0.298	4.8	0.0458	62000	0.225	0.509	-0.298	-0.715	0.202	0.469	0.225	-0.298	0.0	100.0				7.1	17.1	4.8	vented+fan				11.0	0	0.0
GSM3330784	OSD-416	Veggie	VEGGIE	GC	earth	unknown	rosette	9.81	0.54	1.23	16.4	-0.298	4.8	0.0458	62000	0.225	0.509	-0.298	-0.715	0.202	0.469	0.225	-0.298	0.0	100.0				7.1	17.1	4.8	vented+fan				11.0	0	0.0
GSM3330785	OSD-416	Veggie	VEGGIE	GC	earth	unknown	rosette	9.81	0.54	1.23	16.4	-0.298	4.8	0.0458	62000	0.225	0.509	-0.298	-0.715	0.202	0.469	0.225	-0.298	0.0	100.0				7.1	17.1	4.8	vented+fan				11.0	0	0.0
GSM3330786	OSD-416	Veggie	VEGGIE	GC	earth	unknown	rosette	9.81	0.54	1.23	16.4	-0.298	4.8	0.0458	62000	0.225	0.509	-0.298	-0.715	0.202	0.469	0.225	-0.298	0.0	100.0				7.1	17.1	4.8	vented+fan				11.0	0	0.0
GSM3330787	OSD-416	Veggie	VEGGIE	GC	earth	unknown	rosette	9.81	0.54	1.23	16.4	-0.298	4.8	0.0458	62000	0.225	0.509	-0.298	-0.715	0.202	0.469	0.225	-0.298	0.0	100.0				7.1	17.1	4.8	vented+fan				11.0	0	0.0
GSM3330788	OSD-416	Veggie	VEGGIE	GC	earth	unknown	rosette	9.81	0.54	1.23	16.4	-0.298	4.8	0.0458	62000	0.225	0.509	-0.298	-0.715	0.202	0.469	0.225	-0.298	0.0	100.0				7.1	17.1	4.8	vented+fan				11.0	0	0.0
GSM3330789	OSD-416	Veggie	VEGGIE	GC	earth	unknown	rosette	9.81	0.54	1.23	16.4	-0.298	4.8	0.0458	62000	0.225	0.509	-0.298	-0.715	0.202	0.469	0.225	-0.298	0.0	100.0				7.1	17.1	4.8	vented+fan				11.0	0	0.0
GSM3330790	OSD-416	Veggie	VEGGIE	FLT	ug	unknown	rosette	0.0	0.291	2.29	8.8	-0.554	8.6	0.0	0	0.384	0.698	-0.554	-1.033	0.36	0.659	0.236	0.322		100.0	3.83	3.83	96.5	13.2	24.7	8.6	vented+fan				11.0	1	2.8
GSM3330791	OSD-416	Veggie	VEGGIE	FLT	ug	unknown	rosette	0.0	0.291	2.29	8.8	-0.554	8.6	0.0	0	0.384	0.698	-0.554	-1.033	0.36	0.659	0.236	0.322		100.0	3.83	3.83	96.5	13.2	24.7	8.6	vented+fan				11.0	1	2.8
GSM3330792	OSD-416	Veggie	VEGGIE	FLT	ug	unknown	rosette	0.0	0.291	2.29	8.8	-0.554	8.6	0.0	0	0.384	0.698	-0.554	-1.033	0.36	0.659	0.236	0.322		100.0	3.83	3.83	96.5	13.2	24.7	8.6	vented+fan				11.0	1	2.8
GSM3330793	OSD-416	Veggie	VEGGIE	FLT	ug	unknown	rosette	0.0	0.291	2.29	8.8	-0.554	8.6	0.0	0	0.384	0.698	-0.554	-1.033	0.36	0.659	0.236	0.322		100.0	3.83	3.83	96.5	13.2	24.7	8.6	vented+fan				11.0	1	2.8
GSM3330794	OSD-416	Veggie	VEGGIE	FLT	ug	unknown	rosette	0.0	0.291	2.29	8.8	-0.554	8.6	0.0	0	0.384	0.698	-0.554	-1.033	0.36	0.659	0.236	0.322		100.0	3.83	3.83	96.5	13.2	24.7	8.6	vented+fan				11.0	1	2.8
GSM3330795	OSD-416	Veggie	VEGGIE	FLT	ug	unknown	rosette	0.0	0.291	2.29	8.8	-0.554	8.6	0.0	0	0.384	0.698	-0.554	-1.033	0.36	0.659	0.236	0.322		100.0	3.83	3.83	96.5	13.2	24.7	8.6	vented+fan				11.0	1	2.8
GSM3330796	OSD-416	Veggie	VEGGIE	FLT	ug	unknown	rosette	0.0	0.291	2.29	8.8	-0.554	8.6	0.0	0	0.384	0.698	-0.554	-1.033	0.36	0.659	0.236	0.322		100.0	3.83	3.83	96.5	13.2	24.7	8.6	vented+fan				11.0	1	2.8
GSM3330797	OSD-416	Veggie	VEGGIE	FLT	ug	unknown	rosette	0.0	0.291	2.29	8.8	-0.554	8.6	0.0	0	0.384	0.698	-0.554	-1.033	0.36	0.659	0.236	0.322		100.0	3.83	3.83	96.5	13.2	24.7	8.6	vented+fan				11.0	1	2.8
GSM3330798	OSD-416	Veggie	VEGGIE	GC	earth	unknown	rosette	9.81	0.54	1.23	16.4	-0.298	4.8	0.0458	62000	0.225	0.509	-0.298	-0.715	0.202	0.469	0.225	-0.298	0.0	100.0				7.1	17.1	4.8	vented+fan				11.0	0	0.0
GSM3330799	OSD-416	Veggie	VEGGIE	GC	earth	unknown	rosette	9.81	0.54	1.23	16.4	-0.298	4.8	0.0458	62000	0.225	0.509	-0.298	-0.715	0.202	0.469	0.225	-0.298	0.0	100.0				7.1	17.1	4.8	vented+fan				11.0	0	0.0
GSM3330800	OSD-416	Veggie	VEGGIE	GC	earth	unknown	rosette	9.81	0.54	1.23	16.4	-0.298	4.8	0.0458	62000	0.225	0.509	-0.298	-0.715	0.202	0.469	0.225	-0.298	0.0	100.0				7.1	17.1	4.8	vented+fan				11.0	0	0.0
GSM3330801	OSD-416	Veggie	VEGGIE	GC	earth	unknown	rosette	9.81	0.54	1.23	16.4	-0.298	4.8	0.0458	62000	0.225	0.509	-0.298	-0.715	0.202	0.469	0.225	-0.298	0.0	100.0				7.1	17.1	4.8	vented+fan				11.0	0	0.0
GSM3330802	OSD-416	Veggie	VEGGIE	GC	earth	unknown	rosette	9.81	0.54	1.23	16.4	-0.298	4.8	0.0458	62000	0.225	0.509	-0.298	-0.715	0.202	0.469	0.225	-0.298	0.0	100.0				7.1	17.1	4.8	vented+fan				11.0	0	0.0
GSM3330803	OSD-416	Veggie	VEGGIE	GC	earth	unknown	rosette	9.81	0.54	1.23	16.4	-0.298	4.8	0.0458	62000	0.225	0.509	-0.298	-0.715	0.202	0.469	0.225	-0.298	0.0	100.0				7.1	17.1	4.8	vented+fan				11.0	0	0.0
GSM3330804	OSD-416	Veggie	VEGGIE	GC	earth	unknown	rosette	9.81	0.54	1.23	16.4	-0.298	4.8	0.0458	62000	0.225	0.509	-0.298	-0.715	0.202	0.469	0.225	-0.298	0.0	100.0				7.1	17.1	4.8	vented+fan				11.0	0	0.0
GSM3330805	OSD-416	Veggie	VEGGIE	GC	earth	unknown	rosette	9.81	0.54	1.23	16.4	-0.298	4.8	0.0458	62000	0.225	0.509	-0.298	-0.715	0.202	0.469	0.225	-0.298	0.0	100.0				7.1	17.1	4.8	vented+fan				11.0	0	0.0
20220218_MEM-MIX3_Frac1	OSD-522	BRIC-LED	BRIC	FLT	ug	root	leaf	0.0	0.494	1.35	11.1	-0.326	5.1	0.0	0	0.231	0.263	-0.326	-0.373	0.215	0.245	0.245	0.312	-0.103	1.0	3.82	0.0	97.9	7.8	8.9	5.1	sealed	7.0	9.4	6.5	2.8	0	0.0
20220218_MEM-MIX3_Frac2	OSD-522	BRIC-LED	BRIC	FLT	ug	root	leaf	0.0	0.494	1.35	11.1	-0.326	5.1	0.0	0	0.231	0.263	-0.326	-0.373	0.215	0.245	0.245	0.312	-0.103	1.0	3.82	0.0	97.9	7.8	8.9	5.1	sealed	7.0	9.4	6.5	2.8	0	0.0
20220218_MEM-MIX3_Frac3	OSD-522	BRIC-LED	BRIC	FLT	ug	root	leaf	0.0	0.494	1.35	11.1	-0.326	5.1	0.0	0	0.231	0.263	-0.326	-0.373	0.215	0.245	0.245	0.312	-0.103	1.0	3.82	0.0	97.9	7.8	8.9	5.1	sealed	7.0	9.4	6.5	2.8	0	0.0
20220218_MEM-MIX3_Frac4	OSD-522	BRIC-LED	BRIC	GC	earth	root	leaf	9.81	1.0	0.67	22.5	-0.161	2.7	0.0461	14000	0.128	0.188	-0.161	-0.246	0.113	0.169	0.128	-0.161	0.0	100.0			98.9	3.8	5.9	2.7	sealed				2.8	0	0.0
20220218_MEM-MIX3_Frac5.raw	OSD-522	BRIC-LED	BRIC	GC	earth	root	leaf	9.81	1.0	0.67	22.5	-0.161	2.7	0.0461	14000	0.128	0.188	-0.161	-0.246	0.113	0.169	0.128	-0.161	0.0	100.0			98.9	3.8	5.9	2.7	sealed				2.8	0	0.0
20220218_MEM-MIX3_Frac6	OSD-522	BRIC-LED	BRIC	GC	earth	root	leaf	9.81	1.0	0.67	22.5	-0.161	2.7	0.0461	14000	0.128	0.188	-0.161	-0.246	0.113	0.169	0.128	-0.161	0.0	100.0			98.9	3.8	5.9	2.7	sealed				2.8	0	0.0
20220218_MEM-MIX4_Frac1	OSD-522	BRIC-LED	BRIC	FLT	ug	shoot	leaf	0.0	0.494	1.35	11.1	-0.326	5.1	0.0	0	0.231	0.263	-0.326	-0.373	0.215	0.245	0.245	0.312	-0.103	1.0	3.82	0.0	97.9	7.8	8.9	5.1	sealed	7.0	9.4	6.5	2.8	0	0.0
20220218_MEM-MIX4_Frac2	OSD-522	BRIC-LED	BRIC	FLT	ug	shoot	leaf	0.0	0.494	1.35	11.1	-0.326	5.1	0.0	0	0.231	0.263	-0.326	-0.373	0.215	0.245	0.245	0.312	-0.103	1.0	3.82	0.0	97.9	7.8	8.9	5.1	sealed	7.0	9.4	6.5	2.8	0	0.0
20220218_MEM-MIX4_Frac3	OSD-522	BRIC-LED	BRIC	FLT	ug	shoot	leaf	0.0	0.494	1.35	11.1	-0.326	5.1	0.0	0	0.231	0.263	-0.326	-0.373	0.215	0.245	0.245	0.312	-0.103	1.0	3.82	0.0	97.9	7.8	8.9	5.1	sealed	7.0	9.4	6.5	2.8	0	0.0
20220218_MEM-MIX4_Frac4	OSD-522	BRIC-LED	BRIC	GC	earth	shoot	leaf	9.81	1.0	0.67	22.5	-0.161	2.7	0.0461	14000	0.128	0.188	-0.161	-0.246	0.113	0.169	0.128	-0.161	0.0	100.0			98.9	3.8	5.9	2.7	sealed				2.8	0	0.0
20220218_MEM-MIX4_Frac5	OSD-522	BRIC-LED	BRIC	GC	earth	shoot	leaf	9.81	1.0	0.67	22.5	-0.161	2.7	0.0461	14000	0.128	0.188	-0.161	-0.246	0.113	0.169	0.128	-0.161	0.0	100.0			98.9	3.8	5.9	2.7	sealed				2.8	0	0.0
20220218_MEM-MIX4_Frac6	OSD-522	BRIC-LED	BRIC	GC	earth	shoot	leaf	9.81	1.0	0.67	22.5	-0.161	2.7	0.0461	14000	0.128	0.188	-0.161	-0.246	0.113	0.169	0.128	-0.161	0.0	100.0			98.9	3.8	5.9	2.7	sealed				2.8	0	0.0
20220218_SOL-MIX1_Frac1	OSD-522	BRIC-LED	BRIC	FLT	ug	root	leaf	0.0	0.494	1.35	11.1	-0.326	5.1	0.0	0	0.231	0.263	-0.326	-0.373	0.215	0.245	0.245	0.312	-0.103	1.0	3.82	0.0	97.9	7.8	8.9	5.1	sealed	7.0	9.4	6.5	2.8	0	0.0
20220218_SOL-MIX1_Frac2	OSD-522	BRIC-LED	BRIC	FLT	ug	root	leaf	0.0	0.494	1.35	11.1	-0.326	5.1	0.0	0	0.231	0.263	-0.326	-0.373	0.215	0.245	0.245	0.312	-0.103	1.0	3.82	0.0	97.9	7.8	8.9	5.1	sealed	7.0	9.4	6.5	2.8	0	0.0
20220218_SOL-MIX1_Frac3	OSD-522	BRIC-LED	BRIC	FLT	ug	root	leaf	0.0	0.494	1.35	11.1	-0.326	5.1	0.0	0	0.231	0.263	-0.326	-0.373	0.215	0.245	0.245	0.312	-0.103	1.0	3.82	0.0	97.9	7.8	8.9	5.1	sealed	7.0	9.4	6.5	2.8	0	0.0
20220218_SOL-MIX1_Frac4	OSD-522	BRIC-LED	BRIC	GC	earth	root	leaf	9.81	1.0	0.67	22.5	-0.161	2.7	0.0461	14000	0.128	0.188	-0.161	-0.246	0.113	0.169	0.128	-0.161	0.0	100.0			98.9	3.8	5.9	2.7	sealed				2.8	0	0.0
20220218_SOL-MIX1_Frac5	OSD-522	BRIC-LED	BRIC	GC	earth	root	leaf	9.81	1.0	0.67	22.5	-0.161	2.7	0.0461	14000	0.128	0.188	-0.161	-0.246	0.113	0.169	0.128	-0.161	0.0	100.0			98.9	3.8	5.9	2.7	sealed				2.8	0	0.0
20220218_SOL-MIX1_Frac6	OSD-522	BRIC-LED	BRIC	GC	earth	root	leaf	9.81	1.0	0.67	22.5	-0.161	2.7	0.0461	14000	0.128	0.188	-0.161	-0.246	0.113	0.169	0.128	-0.161	0.0	100.0			98.9	3.8	5.9	2.7	sealed				2.8	0	0.0
20220218_SOL-MIX2_Frac1	OSD-522	BRIC-LED	BRIC	FLT	ug	shoot	leaf	0.0	0.494	1.35	11.1	-0.326	5.1	0.0	0	0.231	0.263	-0.326	-0.373	0.215	0.245	0.245	0.312	-0.103	1.0	3.82	0.0	97.9	7.8	8.9	5.1	sealed	7.0	9.4	6.5	2.8	0	0.0
20220218_SOL-MIX2_Frac2	OSD-522	BRIC-LED	BRIC	FLT	ug	shoot	leaf	0.0	0.494	1.35	11.1	-0.326	5.1	0.0	0	0.231	0.263	-0.326	-0.373	0.215	0.245	0.245	0.312	-0.103	1.0	3.82	0.0	97.9	7.8	8.9	5.1	sealed	7.0	9.4	6.5	2.8	0	0.0
20220218_SOL-MIX2_Frac3	OSD-522	BRIC-LED	BRIC	FLT	ug	shoot	leaf	0.0	0.494	1.35	11.1	-0.326	5.1	0.0	0	0.231	0.263	-0.326	-0.373	0.215	0.245	0.245	0.312	-0.103	1.0	3.82	0.0	97.9	7.8	8.9	5.1	sealed	7.0	9.4	6.5	2.8	0	0.0
20220218_SOL-MIX2_Frac4	OSD-522	BRIC-LED	BRIC	GC	earth	shoot	leaf	9.81	1.0	0.67	22.5	-0.161	2.7	0.0461	14000	0.128	0.188	-0.161	-0.246	0.113	0.169	0.128	-0.161	0.0	100.0			98.9	3.8	5.9	2.7	sealed				2.8	0	0.0
20220218_SOL-MIX2_Frac5	OSD-522	BRIC-LED	BRIC	GC	earth	shoot	leaf	9.81	1.0	0.67	22.5	-0.161	2.7	0.0461	14000	0.128	0.188	-0.161	-0.246	0.113	0.169	0.128	-0.161	0.0	100.0			98.9	3.8	5.9	2.7	sealed				2.8	0	0.0
20220218_SOL-MIX2_Frac6	OSD-522	BRIC-LED	BRIC	GC	earth	shoot	leaf	9.81	1.0	0.67	22.5	-0.161	2.7	0.0461	14000	0.128	0.188	-0.161	-0.246	0.113	0.169	0.128	-0.161	0.0	100.0			98.9	3.8	5.9	2.7	sealed				2.8	0	0.0
FT-A2_S7_L001	OSD-522	BRIC-LED	BRIC	FLT	ug	shoot	leaf	0.0	0.494	1.35	11.1	-0.326	5.1	0.0	0	0.231	0.263	-0.326	-0.373	0.215	0.245	0.245	0.312	-0.103	1.0	3.82	0.0	97.9	7.8	8.9	5.1	sealed	7.0	9.4	6.5	2.8	0	0.0
FT-B2_S8_L001	OSD-522	BRIC-LED	BRIC	FLT	ug	shoot	leaf	0.0	0.494	1.35	11.1	-0.326	5.1	0.0	0	0.231	0.263	-0.326	-0.373	0.215	0.245	0.245	0.312	-0.103	1.0	3.82	0.0	97.9	7.8	8.9	5.1	sealed	7.0	9.4	6.5	2.8	0	0.0
FT-C2_S9_L001	OSD-522	BRIC-LED	BRIC	FLT	ug	shoot	leaf	0.0	0.494	1.35	11.1	-0.326	5.1	0.0	0	0.231	0.263	-0.326	-0.373	0.215	0.245	0.245	0.312	-0.103	1.0	3.82	0.0	97.9	7.8	8.9	5.1	sealed	7.0	9.4	6.5	2.8	0	0.0
FT-D2_S10_L001	OSD-522	BRIC-LED	BRIC	FLT	ug	shoot	leaf	0.0	0.494	1.35	11.1	-0.326	5.1	0.0	0	0.231	0.263	-0.326	-0.373	0.215	0.245	0.245	0.312	-0.103	1.0	3.82	0.0	97.9	7.8	8.9	5.1	sealed	7.0	9.4	6.5	2.8	0	0.0
FT-E2_S11_L001	OSD-522	BRIC-LED	BRIC	FLT	ug	shoot	leaf	0.0	0.494	1.35	11.1	-0.326	5.1	0.0	0	0.231	0.263	-0.326	-0.373	0.215	0.245	0.245	0.312	-0.103	1.0	3.82	0.0	97.9	7.8	8.9	5.1	sealed	7.0	9.4	6.5	2.8	0	0.0
FT-F2_S12_L001	OSD-522	BRIC-LED	BRIC	FLT	ug	shoot	leaf	0.0	0.494	1.35	11.1	-0.326	5.1	0.0	0	0.231	0.263	-0.326	-0.373	0.215	0.245	0.245	0.312	-0.103	1.0	3.82	0.0	97.9	7.8	8.9	5.1	sealed	7.0	9.4	6.5	2.8	0	0.0
GC-A2_S1_L001	OSD-522	BRIC-LED	BRIC	GC	earth	shoot	leaf	9.81	1.0	0.67	22.5	-0.161	2.7	0.0461	14000	0.128	0.188	-0.161	-0.246	0.113	0.169	0.128	-0.161	0.0	100.0			98.9	3.8	5.9	2.7	sealed				2.8	0	0.0
GC-B2_S2_L001	OSD-522	BRIC-LED	BRIC	GC	earth	shoot	leaf	9.81	1.0	0.67	22.5	-0.161	2.7	0.0461	14000	0.128	0.188	-0.161	-0.246	0.113	0.169	0.128	-0.161	0.0	100.0			98.9	3.8	5.9	2.7	sealed				2.8	0	0.0
GC-C2_S3_L001	OSD-522	BRIC-LED	BRIC	GC	earth	shoot	leaf	9.81	1.0	0.67	22.5	-0.161	2.7	0.0461	14000	0.128	0.188	-0.161	-0.246	0.113	0.169	0.128	-0.161	0.0	100.0			98.9	3.8	5.9	2.7	sealed				2.8	0	0.0
GC-D2_S4_L001	OSD-522	BRIC-LED	BRIC	GC	earth	shoot	leaf	9.81	1.0	0.67	22.5	-0.161	2.7	0.0461	14000	0.128	0.188	-0.161	-0.246	0.113	0.169	0.128	-0.161	0.0	100.0			98.9	3.8	5.9	2.7	sealed				2.8	0	0.0
GC-E2_S5_L001	OSD-522	BRIC-LED	BRIC	GC	earth	shoot	leaf	9.81	1.0	0.67	22.5	-0.161	2.7	0.0461	14000	0.128	0.188	-0.161	-0.246	0.113	0.169	0.128	-0.161	0.0	100.0			98.9	3.8	5.9	2.7	sealed				2.8	0	0.0
GC-F2_S6_L001	OSD-522	BRIC-LED	BRIC	GC	earth	shoot	leaf	9.81	1.0	0.67	22.5	-0.161	2.7	0.0461	14000	0.128	0.188	-0.161	-0.246	0.113	0.169	0.128	-0.161	0.0	100.0			98.9	3.8	5.9	2.7	sealed				2.8	0	0.0
R01_roots	OSD-615	Veggie	VEGGIE	FLT	ug	root	leaf	0.0	0.494	1.35	11.1	-0.326	5.1	0.0	0	0.231	0.263	-0.326	-0.373	0.215	0.245	0.078	0.101		100.0	3.83	3.83	99.3	7.8	8.9	5.1	vented+fan				2.8	1	2.8
R02_roots	OSD-615	Veggie	VEGGIE	GC	earth	root	leaf	9.81	1.0	0.67	22.5	-0.161	2.7	0.0461	14000	0.128	0.188	-0.161	-0.246	0.113	0.169	0.128	-0.161	0.0	100.0			98.9	3.8	5.9	2.7	vented+fan				2.8	0	0.0
R03_roots	OSD-615	Veggie	VEGGIE	FLT	ug	root	leaf	0.0	0.494	1.35	11.1	-0.326	5.1	0.0	0	0.231	0.263	-0.326	-0.373	0.215	0.245	0.078	0.101		100.0	3.83	3.83	99.3	7.8	8.9	5.1	vented+fan				2.8	1	2.8
R04_roots	OSD-615	Veggie	VEGGIE	GC	earth	root	leaf	9.81	1.0	0.67	22.5	-0.161	2.7	0.0461	14000	0.128	0.188	-0.161	-0.246	0.113	0.169	0.128	-0.161	0.0	100.0			98.9	3.8	5.9	2.7	vented+fan				2.8	0	0.0
R05_roots	OSD-615	Veggie	VEGGIE	FLT	ug	root	leaf	0.0	0.494	1.35	11.1	-0.326	5.1	0.0	0	0.231	0.263	-0.326	-0.373	0.215	0.245	0.078	0.101		100.0	3.83	3.83	99.3	7.8	8.9	5.1	vented+fan				2.8	1	2.8
R06_roots	OSD-615	Veggie	VEGGIE	FLT	ug	root	leaf	0.0	0.494	1.35	11.1	-0.326	5.1	0.0	0	0.231	0.263	-0.326	-0.373	0.215	0.245	0.078	0.101		100.0	3.83	3.83	99.3	7.8	8.9	5.1	vented+fan				2.8	1	2.8
R07_roots	OSD-615	Veggie	VEGGIE	GC	earth	root	leaf	9.81	1.0	0.67	22.5	-0.161	2.7	0.0461	14000	0.128	0.188	-0.161	-0.246	0.113	0.169	0.128	-0.161	0.0	100.0			98.9	3.8	5.9	2.7	vented+fan				2.8	0	0.0
R08_roots	OSD-615	Veggie	VEGGIE	FLT	ug	root	leaf	0.0	0.494	1.35	11.1	-0.326	5.1	0.0	0	0.231	0.263	-0.326	-0.373	0.215	0.245	0.078	0.101		100.0	3.83	3.83	99.3	7.8	8.9	5.1	vented+fan				2.8	1	2.8
R09_roots	OSD-615	Veggie	VEGGIE	GC	earth	root	leaf	9.81	1.0	0.67	22.5	-0.161	2.7	0.0461	14000	0.128	0.188	-0.161	-0.246	0.113	0.169	0.128	-0.161	0.0	100.0			98.9	3.8	5.9	2.7	vented+fan				2.8	0	0.0
R10_roots	OSD-615	Veggie	VEGGIE	GC	earth	root	leaf	9.81	1.0	0.67	22.5	-0.161	2.7	0.0461	14000	0.128	0.188	-0.161	-0.246	0.113	0.169	0.128	-0.161	0.0	100.0			98.9	3.8	5.9	2.7	vented+fan				2.8	0	0.0
R11_roots	OSD-615	Veggie	VEGGIE	GC	earth	root	leaf	9.81	1.0	0.67	22.5	-0.161	2.7	0.0461	14000	0.128	0.188	-0.161	-0.246	0.113	0.169	0.128	-0.161	0.0	100.0			98.9	3.8	5.9	2.7	vented+fan				2.8	0	0.0
R12_roots	OSD-615	Veggie	VEGGIE	FLT	ug	root	leaf	0.0	0.494	1.35	11.1	-0.326	5.1	0.0	0	0.231	0.263	-0.326	-0.373	0.215	0.245	0.078	0.101		100.0	3.83	3.83	99.3	7.8	8.9	5.1	vented+fan				2.8	1	2.8
SRS13753904	OSD-625	Veggie	VEGGIE	GC	earth	unknown	rosette	9.81	0.54	1.23	16.4	-0.298	4.8	0.0458	62000	0.225	0.509	-0.298	-0.715	0.202	0.469	0.225	-0.298	0.0	100.0				7.1	17.1	4.8	vented+fan				11.0	0	0.0
SRS13753905	OSD-625	Veggie	VEGGIE	GC	earth	unknown	rosette	9.81	0.54	1.23	16.4	-0.298	4.8	0.0458	62000	0.225	0.509	-0.298	-0.715	0.202	0.469	0.225	-0.298	0.0	100.0				7.1	17.1	4.8	vented+fan				11.0	0	0.0
SRS13753906	OSD-625	Veggie	VEGGIE	GC	earth	unknown	rosette	9.81	0.54	1.23	16.4	-0.298	4.8	0.0458	62000	0.225	0.509	-0.298	-0.715	0.202	0.469	0.225	-0.298	0.0	100.0				7.1	17.1	4.8	vented+fan				11.0	0	0.0
SRS13753907	OSD-625	Veggie	VEGGIE	GC	earth	unknown	rosette	9.81	0.54	1.23	16.4	-0.298	4.8	0.0458	62000	0.225	0.509	-0.298	-0.715	0.202	0.469	0.225	-0.298	0.0	100.0				7.1	17.1	4.8	vented+fan				11.0	0	0.0
SRS13753908	OSD-625	Veggie	VEGGIE	FLT	ug	unknown	rosette	0.0	0.291	2.29	8.8	-0.554	8.6	0.0	0	0.384	0.698	-0.554	-1.033	0.36	0.659	0.236	0.322		100.0	3.83	3.83	96.5	13.2	24.7	8.6	vented+fan				11.0	1	2.8
SRS13753909	OSD-625	Veggie	VEGGIE	FLT	ug	unknown	rosette	0.0	0.291	2.29	8.8	-0.554	8.6	0.0	0	0.384	0.698	-0.554	-1.033	0.36	0.659	0.236	0.322		100.0	3.83	3.83	96.5	13.2	24.7	8.6	vented+fan				11.0	1	2.8
SRS13753910	OSD-625	Veggie	VEGGIE	FLT	ug	unknown	rosette	0.0	0.291	2.29	8.8	-0.554	8.6	0.0	0	0.384	0.698	-0.554	-1.033	0.36	0.659	0.236	0.322		100.0	3.83	3.83	96.5	13.2	24.7	8.6	vented+fan				11.0	1	2.8
SRS13753911	OSD-625	Veggie	VEGGIE	FLT	ug	unknown	rosette	0.0	0.291	2.29	8.8	-0.554	8.6	0.0	0	0.384	0.698	-0.554	-1.033	0.36	0.659	0.236	0.322		100.0	3.83	3.83	96.5	13.2	24.7	8.6	vented+fan				11.0	1	2.8
SRS13753912	OSD-625	Veggie	VEGGIE	GC	earth	unknown	rosette	9.81	0.54	1.23	16.4	-0.298	4.8	0.0458	62000	0.225	0.509	-0.298	-0.715	0.202	0.469	0.225	-0.298	0.0	100.0				7.1	17.1	4.8	vented+fan				11.0	0	0.0
SRS13753913	OSD-625	Veggie	VEGGIE	GC	earth	unknown	rosette	9.81	0.54	1.23	16.4	-0.298	4.8	0.0458	62000	0.225	0.509	-0.298	-0.715	0.202	0.469	0.225	-0.298	0.0	100.0				7.1	17.1	4.8	vented+fan				11.0	0	0.0
SRS13753914	OSD-625	Veggie	VEGGIE	FLT	ug	unknown	rosette	0.0	0.291	2.29	8.8	-0.554	8.6	0.0	0	0.384	0.698	-0.554	-1.033	0.36	0.659	0.236	0.322		100.0	3.83	3.83	96.5	13.2	24.7	8.6	vented+fan				11.0	1	2.8
SRS13753915	OSD-625	Veggie	VEGGIE	FLT	ug	unknown	rosette	0.0	0.291	2.29	8.8	-0.554	8.6	0.0	0	0.384	0.698	-0.554	-1.033	0.36	0.659	0.236	0.322		100.0	3.83	3.83	96.5	13.2	24.7	8.6	vented+fan				11.0	1	2.8
SRS13753916	OSD-625	Veggie	VEGGIE	FLT	ug	unknown	rosette	0.0	0.291	2.29	8.8	-0.554	8.6	0.0	0	0.384	0.698	-0.554	-1.033	0.36	0.659	0.236	0.322		100.0	3.83	3.83	96.5	13.2	24.7	8.6	vented+fan				11.0	1	2.8
SRS13753917	OSD-625	Veggie	VEGGIE	FLT	ug	unknown	rosette	0.0	0.291	2.29	8.8	-0.554	8.6	0.0	0	0.384	0.698	-0.554	-1.033	0.36	0.659	0.236	0.322		100.0	3.83	3.83	96.5	13.2	24.7	8.6	vented+fan				11.0	1	2.8
SRS13753918	OSD-625	Veggie	VEGGIE	GC	earth	unknown	rosette	9.81	0.54	1.23	16.4	-0.298	4.8	0.0458	62000	0.225	0.509	-0.298	-0.715	0.202	0.469	0.225	-0.298	0.0	100.0				7.1	17.1	4.8	vented+fan				11.0	0	0.0
SRS13753919	OSD-625	Veggie	VEGGIE	GC	earth	unknown	rosette	9.81	0.54	1.23	16.4	-0.298	4.8	0.0458	62000	0.225	0.509	-0.298	-0.715	0.202	0.469	0.225	-0.298	0.0	100.0				7.1	17.1	4.8	vented+fan				11.0	0	0.0
Flight_Col-0_Dark_bio_rep1	OSD-678	Veggie	VEGGIE	FLT	ug	leaf	leaf	0.0	0.494	1.35	11.1	-0.326	5.1	0.0	0	0.231	0.263	-0.326	-0.373	0.215	0.245	0.078	0.101		100.0	3.83	3.83	99.3	7.8	8.9	5.1	vented+fan				2.8	1	2.8
Flight_Col-0_Dark_bio_rep2	OSD-678	Veggie	VEGGIE	FLT	ug	leaf	leaf	0.0	0.494	1.35	11.1	-0.326	5.1	0.0	0	0.231	0.263	-0.326	-0.373	0.215	0.245	0.078	0.101		100.0	3.83	3.83	99.3	7.8	8.9	5.1	vented+fan				2.8	1	2.8
Flight_Col-0_Dark_bio_rep3	OSD-678	Veggie	VEGGIE	FLT	ug	leaf	leaf	0.0	0.494	1.35	11.1	-0.326	5.1	0.0	0	0.231	0.263	-0.326	-0.373	0.215	0.245	0.078	0.101		100.0	3.83	3.83	99.3	7.8	8.9	5.1	vented+fan				2.8	1	2.8
Flight_Col-0_Light_bio_rep1	OSD-678	Veggie	VEGGIE	FLT	ug	leaf	leaf	0.0	0.494	1.35	11.1	-0.326	5.1	0.0	0	0.231	0.263	-0.326	-0.373	0.215	0.245	0.078	0.101		100.0	3.83	3.83	99.3	7.8	8.9	5.1	vented+fan				2.8	1	2.8
Flight_Col-0_Light_bio_rep2	OSD-678	Veggie	VEGGIE	FLT	ug	leaf	leaf	0.0	0.494	1.35	11.1	-0.326	5.1	0.0	0	0.231	0.263	-0.326	-0.373	0.215	0.245	0.078	0.101		100.0	3.83	3.83	99.3	7.8	8.9	5.1	vented+fan				2.8	1	2.8
Flight_Col-0_Light_bio_rep3	OSD-678	Veggie	VEGGIE	FLT	ug	leaf	leaf	0.0	0.494	1.35	11.1	-0.326	5.1	0.0	0	0.231	0.263	-0.326	-0.373	0.215	0.245	0.078	0.101		100.0	3.83	3.83	99.3	7.8	8.9	5.1	vented+fan				2.8	1	2.8
Ground_control_Col-0_Dark_bio_rep1	OSD-678	Veggie	VEGGIE	GC	earth	leaf	leaf	9.81	1.0	0.67	22.5	-0.161	2.7	0.0461	14000	0.128	0.188	-0.161	-0.246	0.113	0.169	0.128	-0.161	0.0	100.0			98.9	3.8	5.9	2.7	vented+fan				2.8	0	0.0
Ground_control_Col-0_Dark_bio_rep2	OSD-678	Veggie	VEGGIE	GC	earth	leaf	leaf	9.81	1.0	0.67	22.5	-0.161	2.7	0.0461	14000	0.128	0.188	-0.161	-0.246	0.113	0.169	0.128	-0.161	0.0	100.0			98.9	3.8	5.9	2.7	vented+fan				2.8	0	0.0
Ground_control_Col-0_Dark_bio_rep3	OSD-678	Veggie	VEGGIE	GC	earth	leaf	leaf	9.81	1.0	0.67	22.5	-0.161	2.7	0.0461	14000	0.128	0.188	-0.161	-0.246	0.113	0.169	0.128	-0.161	0.0	100.0			98.9	3.8	5.9	2.7	vented+fan				2.8	0	0.0
Ground_control_Col-0_Light_bio_rep1	OSD-678	Veggie	VEGGIE	GC	earth	leaf	leaf	9.81	1.0	0.67	22.5	-0.161	2.7	0.0461	14000	0.128	0.188	-0.161	-0.246	0.113	0.169	0.128	-0.161	0.0	100.0			98.9	3.8	5.9	2.7	vented+fan				2.8	0	0.0
Ground_control_Col-0_Light_bio_rep2	OSD-678	Veggie	VEGGIE	GC	earth	leaf	leaf	9.81	1.0	0.67	22.5	-0.161	2.7	0.0461	14000	0.128	0.188	-0.161	-0.246	0.113	0.169	0.128	-0.161	0.0	100.0			98.9	3.8	5.9	2.7	vented+fan				2.8	0	0.0
Ground_control_Col-0_Light_bio_rep3	OSD-678	Veggie	VEGGIE	GC	earth	leaf	leaf	9.81	1.0	0.67	22.5	-0.161	2.7	0.0461	14000	0.128	0.188	-0.161	-0.246	0.113	0.169	0.128	-0.161	0.0	100.0			98.9	3.8	5.9	2.7	vented+fan				2.8	0	0.0
