Endodermis	Trichoblast	Columella	Phloem Pole Pericycle	Metaphloem & Companion Cell	Cortex	Lateral Root Cap	Atrichoblast	Xylem Pole Pericycle	Procambium	Protoxylem	Metaxylem	Protophloem	full_sample_id	flight	hardware	cfd_hardware	organ	osd_id	ecotype
0.21131187935504908	0.0	0.03826018288789145	0.09160723951807659	0.0	0.08927703339531005	0.35438022132660335	0.11287384347055392	0.030785463420414362	0.0	0.07150413662610135	0.0	0.0	OSD-37__Atha_Ws-2_sl-pool_FLT_Rep1_R1-FL-C1	FLT	BRIC	BRIC	whole_seedling	OSD-37	WS
0.21102323134761594	0.0	0.013963072519440704	0.10302434089282018	0.0	0.06144296847223277	0.3862036641468246	0.1399885917522524	0.007170405211969092	0.0	0.07718372565684442	0.0	0.0	OSD-37__Atha_Ler-0_sl-pool_FLT_Rep1_R1-FL-C2	FLT	BRIC	BRIC	whole_seedling	OSD-37	Ler-0
0.2034517852386106	0.0	0.02384121688376753	0.09179574761203446	0.0	0.0907157291649784	0.38467173175457314	0.10596871320090864	0.02665976455739033	0.0	0.07289531158773696	0.0	0.0	OSD-37__Atha_Cvi-0_sl-pool_FLT_Rep1_R1-FL-C3	FLT	BRIC	BRIC	whole_seedling	OSD-37	Cvi-0
0.20489226566533128	0.0	0.07236737795368127	0.11469744272294716	0.0	0.07238150343713214	0.31870569704899787	0.13625134519359447	0.012611590664488918	0.0	0.06809277731382682	0.0	0.0	OSD-37__Atha_Ws-2_sl-pool_FLT_Rep2_R1-FL-C4	FLT	BRIC	BRIC	whole_seedling	OSD-37	WS
0.19716070789318998	0.0	0.034433879991731094	0.08348921773070819	0.0	0.08693049360095657	0.3721924479095743	0.1168537934413064	0.03989125268833021	0.0	0.06904820674420324	0.0	0.0	OSD-37__Atha_Ler-0_sl-pool_FLT_Rep2_R1-FL-C5	FLT	BRIC	BRIC	whole_seedling	OSD-37	Ler-0
0.2346984754403941	0.0	0.06052379570986671	0.10648473012520526	0.0	0.05542641536823792	0.31927616526545805	0.14363752214841966	0.016960365488622575	0.0	0.06299253045379553	0.0	0.0	OSD-37__Atha_Ws-2_sl-pool_FLT_Rep3_R1-FL-D1	FLT	BRIC	BRIC	whole_seedling	OSD-37	WS
0.2181307861904113	0.0	0.0	0.09849369903744846	0.0	0.0775076658726949	0.38815118015563643	0.11896196996526141	0.017436466982570443	0.0	0.08131823179597715	0.0	0.0	OSD-37__Atha_Cvi-0_sl-pool_FLT_Rep2_R1-FL-D2	FLT	BRIC	BRIC	whole_seedling	OSD-37	Cvi-0
0.2058312098968035	0.0	0.04219432422182579	0.10508909335602164	0.0	0.08570613573190336	0.3758053016465602	0.11372368311055497	3.0414201617146146e-05	0.0	0.07161983783471332	0.0	0.0	OSD-37__Atha_Ler-0_sl-pool_FLT_Rep3_R1-FL-D3	FLT	BRIC	BRIC	whole_seedling	OSD-37	Ler-0
0.22311339170499597	0.0	0.039942114034149184	0.1155426930136798	0.0	0.051872971084993315	0.3513351666971268	0.14633936498223063	0.0	0.0	0.07185429848282429	0.0	0.0	OSD-37__Atha_Ws-2_sl-pool_FLT_Rep4_R1-FL-D4	FLT	BRIC	BRIC	whole_seedling	OSD-37	WS
0.2144656373387036	0.0	0.0031598330090212416	0.11204590440362217	0.0	0.0663972778409637	0.39902385107555816	0.1232812906521354	0.0032190974492028596	0.0	0.0784071082307928	0.0	0.0	OSD-37__Atha_Cvi-0_sl-pool_FLT_Rep3_R1-FL-D5	FLT	BRIC	BRIC	whole_seedling	OSD-37	Cvi-0
0.22735804608755703	0.0	0.0246960216488367	0.11115537241180301	0.0	0.05065477656017837	0.35116009699226747	0.1656271001275239	0.0	0.0	0.06934858617183343	0.0	0.0	OSD-37__Atha_Ws-2_sl-pool_GC_Rep1_R1-GC-C1	GC	BRIC	BRIC	whole_seedling	OSD-37	WS
0.22961951600605118	0.0	0.024827564756710316	0.11185499523730509	0.0	0.05120405499109006	0.3561220410243947	0.15731751579572673	0.0	0.0	0.06905431218872192	0.0	0.0	OSD-37__Atha_Ler-0_sl-pool_GC_Rep1_R1-GC-C2	GC	BRIC	BRIC	whole_seedling	OSD-37	Ler-0
0.23578179491644152	0.0	0.02878637537436258	0.11563993079138793	0.0	0.02537259240601766	0.3463314213477133	0.16401300917087372	0.0	0.0	0.08407487599320326	0.0	0.0	OSD-37__Atha_Cvi-0_sl-pool_GC_Rep1_R1-GC-C3	GC	BRIC	BRIC	whole_seedling	OSD-37	Cvi-0
0.24011334598590103	0.0	0.04265121190723558	0.11255167340058472	0.0	0.02325204747270482	0.32829597667968563	0.19042713124195426	0.0	0.0	0.06270861331193388	0.0	0.0	OSD-37__Atha_Ws-2_sl-pool_GC_Rep2_R1-GC-C4	GC	BRIC	BRIC	whole_seedling	OSD-37	WS
0.23426904760867073	0.0	0.015187506647912312	0.10919320113145493	0.0	0.025607504261590003	0.3662519206502442	0.1805218885082851	0.0	0.0	0.06896893119184261	0.0	0.0	OSD-37__Atha_Ler-0_sl-pool_GC_Rep2_R1-GC-C5	GC	BRIC	BRIC	whole_seedling	OSD-37	Ler-0
0.2336115055138634	0.0	0.03817091666572543	0.11266325624328308	0.0	0.03288534234814216	0.34481553354177397	0.17693018736298236	0.0	0.0	0.060923258324229686	0.0	0.0	OSD-37__Atha_Ws-2_sl-pool_GC_Rep3_R1-GC-D1	GC	BRIC	BRIC	whole_seedling	OSD-37	WS
0.23647751103540485	0.0	0.02372208568723521	0.1099558511948305	0.0	0.03679372463733896	0.3492846683500914	0.17199375149477975	0.0	0.0	0.07177240760031924	0.0	0.0	OSD-37__Atha_Cvi-0_sl-pool_GC_Rep2_R1-GC-D2	GC	BRIC	BRIC	whole_seedling	OSD-37	Cvi-0
0.23136225475203553	0.0	0.008992743024810845	0.10540511204960226	0.0	0.047056376833805806	0.35820592512470545	0.17736016152717135	0.0	0.0	0.07161742668786882	0.0	0.0	OSD-37__Atha_Ler-0_sl-pool_GC_Rep3_R1-GC-D3	GC	BRIC	BRIC	whole_seedling	OSD-37	Ler-0
0.23169746819654888	0.0	0.04578024514979293	0.11920186823695252	0.0	0.022181451992008674	0.32859217733726026	0.1827156173164046	0.0	0.0	0.06983117177103218	0.0	0.0	OSD-37__Atha_Ws-2_sl-pool_GC_Rep4_R1-GC-D4	GC	BRIC	BRIC	whole_seedling	OSD-37	WS
0.22769525981254776	0.0	0.026081491078985376	0.11120131414134769	0.0	0.025015286655597064	0.36237537269078385	0.17673207777716515	0.0	0.0	0.07089919784357303	0.0	0.0	OSD-37__Atha_Cvi-0_sl-pool_GC_Rep3_R1-GC-D5	GC	BRIC	BRIC	whole_seedling	OSD-37	Cvi-0
0.19543431369309655	0.0	0.028053870690842603	0.09302066241193283	0.0	0.11472267152340516	0.3759163155962039	0.08781079749519458	0.03307558824245157	0.0	0.07196578034687276	0.0	0.0	OSD-37__Atha_Ws-2_sl-pool_FLT_Rep5_R2-FL-C1	FLT	BRIC	BRIC	whole_seedling	OSD-37	WS
0.19298096338643553	0.0	0.010553906358968728	0.10382538790993012	0.0	0.08421645821276032	0.3933089756722891	0.12323396695111942	0.017252758039190515	0.0	0.07462758346930637	0.0	0.0	OSD-37__Atha_Ler-0_sl-pool_FLT_Rep4_R2-FL-C2	FLT	BRIC	BRIC	whole_seedling	OSD-37	Ler-0
0.1953067049680906	0.0	0.01901823519772618	0.09000963112507467	0.0	0.09900994518575977	0.3919736873436454	0.09737233198115694	0.03224234273659168	0.0	0.07506712146195475	0.0	0.0	OSD-37__Atha_Cvi-0_sl-pool_FLT_Rep4_R2-FL-C3	FLT	BRIC	BRIC	whole_seedling	OSD-37	Cvi-0
0.19633646670442842	0.0	0.08133853050986131	0.10630398727544554	0.0	0.10182524773037463	0.3084563768965542	0.11990359494028344	0.03449510024664807	0.0	0.05134069569640441	0.0	0.0	OSD-37__Atha_Ws-2_sl-pool_FLT_Rep6_R2-FL-C4	FLT	BRIC	BRIC	whole_seedling	OSD-37	WS
0.19154222290752876	0.0	0.025780741717610852	0.08384053539130348	0.0	0.0988449676150006	0.3841886122115859	0.10842361424975036	0.039137778783521864	0.0	0.06824152712369824	0.0	0.0	OSD-37__Atha_Ler-0_sl-pool_FLT_Rep5_R2-FL-C5	FLT	BRIC	BRIC	whole_seedling	OSD-37	Ler-0
0.2118377379261859	0.0	0.054533351112021934	0.11023873663215301	0.0	0.0900185529892968	0.3348877194965187	0.1186670861535126	0.01674870416975629	0.0	0.06306811152055469	0.0	0.0	OSD-37__Atha_Ws-2_sl-pool_FLT_Rep7_R2-FL-D1	FLT	BRIC	BRIC	whole_seedling	OSD-37	WS
0.2087648126848525	0.0	0.0	0.09869350257999333	0.0	0.08827948917122116	0.3952889837440113	0.1066533044657509	0.020841374062194166	0.0	0.08147853329197663	0.0	0.0	OSD-37__Atha_Cvi-0_sl-pool_FLT_Rep5_R2-FL-D2	FLT	BRIC	BRIC	whole_seedling	OSD-37	Cvi-0
0.18962094671064927	0.0	0.048933451055112966	0.09901044727114859	0.0	0.10923139214160645	0.3845813010554902	0.09099006087256688	0.004803524479757213	0.0	0.0728288764136685	0.0	0.0	OSD-37__Atha_Ler-0_sl-pool_FLT_Rep6_R2-FL-D3	FLT	BRIC	BRIC	whole_seedling	OSD-37	Ler-0
0.2248063368534716	0.0	0.08319060833733948	0.0837062881538906	0.0	0.05854522796468719	0.28425706698031344	0.17083674769528942	0.052701652662470344	0.0	0.0419560713525379	0.0	0.0	OSD-37__Atha_Ws-2_sl-pool_FLT_Rep8_R2-FL-D4	FLT	BRIC	BRIC	whole_seedling	OSD-37	WS
0.19908395055961658	0.0	0.00869927828826086	0.11148782050495003	0.0	0.08641366538720752	0.4079672022556864	0.09820915652561872	0.013656978046300661	0.0	0.07448194843235927	0.0	0.0	OSD-37__Atha_Cvi-0_sl-pool_FLT_Rep6_R2-FL-D5	FLT	BRIC	BRIC	whole_seedling	OSD-37	Cvi-0
0.2140641841429445	0.0	0.01822085675222029	0.11161243659248658	0.0	0.06426767419279102	0.36342482196885173	0.15464630365740384	0.005735183270134968	0.0	0.0680285394231671	0.0	0.0	OSD-37__Atha_Ws-2_sl-pool_GC_Rep5_R2-GC-C1	GC	BRIC	BRIC	whole_seedling	OSD-37	WS
0.20646104958725092	0.0	0.0004559893139737596	0.09819059218339751	0.0	0.07952460424552237	0.40347806710347656	0.12444477927394693	0.01423961143911739	0.0	0.07320530685331457	0.0	0.0	OSD-37__Atha_Ler-0_sl-pool_GC_Rep4_R2-GC-C2	GC	BRIC	BRIC	whole_seedling	OSD-37	Ler-0
0.2264631507833582	0.0	0.025359848141410617	0.1201496064146762	0.0	0.028398265962921995	0.3560500301902994	0.1571297527762844	0.0	0.0	0.08644934573104918	0.0	0.0	OSD-37__Atha_Cvi-0_sl-pool_GC_Rep4_R2-GC-C3	GC	BRIC	BRIC	whole_seedling	OSD-37	Cvi-0
0.22058684904419554	0.0	0.02976492691936251	0.11662924209418647	0.0	0.042388783109283595	0.3584410538073164	0.17109643917965256	0.0	0.0	0.06109270584600296	0.0	0.0	OSD-37__Atha_Ws-2_sl-pool_GC_Rep6_R2-GC-C4	GC	BRIC	BRIC	whole_seedling	OSD-37	WS
0.22706655075855262	0.0	0.009894236369178012	0.11201641503119039	0.0	0.0258209918136204	0.37558045222328273	0.1772675350698468	0.0	0.0	0.07235381873432897	0.0	0.0	OSD-37__Atha_Ler-0_sl-pool_GC_Rep5_R2-GC-C5	GC	BRIC	BRIC	whole_seedling	OSD-37	Ler-0
0.22965479214995727	0.0	0.028640707290980085	0.11419853189750198	0.0	0.03350361853331703	0.36010252419404987	0.17104851830425763	0.0	0.0	0.06285130762993614	0.0	0.0	OSD-37__Atha_Ws-2_sl-pool_GC_Rep7_R2-GC-D1	GC	BRIC	BRIC	whole_seedling	OSD-37	WS
0.2249444503480103	0.0	0.008694935910846075	0.11111409416330306	0.0	0.04998250290881779	0.3759846934831911	0.15697274270517467	0.0	0.0	0.07230658048065709	0.0	0.0	OSD-37__Atha_Cvi-0_sl-pool_GC_Rep5_R2-GC-D2	GC	BRIC	BRIC	whole_seedling	OSD-37	Cvi-0
0.20395097469228568	0.0	0.0	0.09428068819109887	0.0	0.07285053854930816	0.3807726894248409	0.1558970395124669	0.024031913043187712	0.0	0.06821615658681171	0.0	0.0	OSD-37__Atha_Ler-0_sl-pool_GC_Rep6_R2-GC-D3	GC	BRIC	BRIC	whole_seedling	OSD-37	Ler-0
0.2253245861174549	0.0	0.026373939742546655	0.12124149380064914	0.0	0.015258043128293916	0.36317820422644476	0.18050836090578815	0.0	0.0	0.06811537207882251	0.0	0.0	OSD-37__Atha_Ws-2_sl-pool_GC_Rep8_R2-GC-D4	GC	BRIC	BRIC	whole_seedling	OSD-37	WS
0.2165313822486263	0.0	0.02085148670250919	0.11677508141040063	0.0	0.03574429555519309	0.37342380369002076	0.16777800663720346	0.0	0.0	0.06889594375604655	0.0	0.0	OSD-37__Atha_Cvi-0_sl-pool_GC_Rep6_R2-GC-D5	GC	BRIC	BRIC	whole_seedling	OSD-37	Cvi-0
0.20007688065390897	0.0	0.09097368338693838	0.10941519360948222	0.0	0.065817591939585	0.3129997130733024	0.15173219323546241	0.0	0.0	0.0689847441013206	0.0	0.0	OSD-37__Atha_Col-0_sl-pool_FLT_Rep1_R1-FL-A1	FLT	BRIC	BRIC	whole_seedling	OSD-37	Col-0
0.2063183894090108	0.0	0.07646038371738142	0.10416535579598789	0.0	0.06306299310504464	0.32945145104275925	0.15307196756132796	0.0	0.0	0.0674694593684881	0.0	0.0	OSD-37__Atha_Col-0_sl-pool_FLT_Rep2_R1-FL-A4	FLT	BRIC	BRIC	whole_seedling	OSD-37	Col-0
0.20658262949519274	0.0	0.06696117825137665	0.10900396714359266	0.0	0.0665748376118055	0.3468560118768143	0.13580566675033018	0.0	0.0	0.06821570887088799	0.0	0.0	OSD-37__Atha_Col-0_sl-pool_FLT_Rep3_R1-FL-B1	FLT	BRIC	BRIC	whole_seedling	OSD-37	Col-0
0.19755282455807782	0.0	0.07340493821462875	0.10884943949263912	0.0	0.06770015769686245	0.33579495224017025	0.14853984481402238	0.0	0.0	0.06815784298359918	0.0	0.0	OSD-37__Atha_Col-0_sl-pool_FLT_Rep4_R1-FL-B4	FLT	BRIC	BRIC	whole_seedling	OSD-37	Col-0
0.2355576434963871	0.0	0.06287852189939662	0.10438810167307923	0.0	0.041109777409270805	0.32108207419610557	0.17087342854534512	0.0	0.0	0.06411045278041538	0.0	0.0	OSD-37__Atha_Col-0_sl-pool_GC_Rep1_R1-GC-A1	GC	BRIC	BRIC	whole_seedling	OSD-37	Col-0
0.21047286258218967	0.0	0.05587958526485525	0.10804274077345741	0.0	0.06933217530612358	0.3434264813057823	0.14434007033892907	0.0	0.0	0.06850608442866277	0.0	0.0	OSD-37__Atha_Col-0_sl-pool_GC_Rep2_R1-GC-A4	GC	BRIC	BRIC	whole_seedling	OSD-37	Col-0
0.21802444302970017	0.0	0.05605193779274198	0.10282240927750572	0.0	0.06774691356807876	0.3417198240315543	0.14997153051738396	0.0	0.0	0.06366294178303511	0.0	0.0	OSD-37__Atha_Col-0_sl-pool_GC_Rep3_R1-GC-B1	GC	BRIC	BRIC	whole_seedling	OSD-37	Col-0
0.2125653533116411	0.0	0.0641249328525	0.10411506723452922	0.0	0.08110933880581275	0.3372238914491119	0.13712565594480866	0.0	0.0	0.06373576040159654	0.0	0.0	OSD-37__Atha_Col-0_sl-pool_GC_Rep4_R1-GC-B4	GC	BRIC	BRIC	whole_seedling	OSD-37	Col-0
0.19902226439083456	0.0	0.09140907616851231	0.11204080476288028	0.0	0.06638333404402144	0.31312521304923574	0.15181604078290278	0.0	0.0	0.06620326680161291	0.0	0.0	OSD-37__Atha_Col-0_sl-pool_FLT_Rep5_R2-FL-A1	FLT	BRIC	BRIC	whole_seedling	OSD-37	Col-0
0.2016792798281461	0.0	0.06995003636077265	0.10668737184258574	0.0	0.06844787515371548	0.33762534973618813	0.14982447310124825	0.0	0.0	0.0657856139773436	0.0	0.0	OSD-37__Atha_Col-0_sl-pool_FLT_Rep6_R2-FL-A4	FLT	BRIC	BRIC	whole_seedling	OSD-37	Col-0
0.19099198185532604	0.0	0.08549128683000778	0.10408689042164834	0.0	0.09121057274521403	0.342848751903439	0.11765884264589116	0.0	0.0	0.06771167359847365	0.0	0.0	OSD-37__Atha_Col-0_sl-pool_FLT_Rep7_R2-FL-B1	FLT	BRIC	BRIC	whole_seedling	OSD-37	Col-0
0.17731048212963657	0.0	0.07015686609221124	0.10817730502419003	0.0	0.09491114869543937	0.3557173560990907	0.11548042952621618	0.0	0.0	0.07824641243321598	0.0	0.0	OSD-37__Atha_Col-0_sl-pool_FLT_Rep8_R2-FL-B4	FLT	BRIC	BRIC	whole_seedling	OSD-37	Col-0
0.21328131318512641	0.0	0.05013479436939361	0.10926565343666866	0.0	0.07748116956628305	0.34334726390183623	0.149351382222495	0.0	0.0	0.05713842331819703	0.0	0.0	OSD-37__Atha_Col-0_sl-pool_GC_Rep5_R2-GC-A1	GC	BRIC	BRIC	whole_seedling	OSD-37	Col-0
0.20121312299064603	0.0	0.04494469923732732	0.10844105565069008	0.0	0.08777209716685566	0.3627837303605489	0.1248264991007648	0.0	0.0	0.07001879549316725	0.0	0.0	OSD-37__Atha_Col-0_sl-pool_GC_Rep6_R2-GC-A4	GC	BRIC	BRIC	whole_seedling	OSD-37	Col-0
0.21535626652135326	0.0	0.05625224161927314	0.11062011993284049	0.0	0.058653877606819387	0.3398790102038825	0.15565301612399038	0.0	0.0	0.0635854679918408	0.0	0.0	OSD-37__Atha_Col-0_sl-pool_GC_Rep7_R2-GC-B1	GC	BRIC	BRIC	whole_seedling	OSD-37	Col-0
0.2328518868600902	0.0	0.052989659205810384	0.09827256519075547	0.0	0.07336059539267599	0.3377520030685391	0.14219236731561624	0.0	0.0	0.06258092296651269	0.0	0.0	OSD-37__Atha_Col-0_sl-pool_GC_Rep8_R2-GC-B4	GC	BRIC	BRIC	whole_seedling	OSD-37	Col-0
0.2088758274378399	0.0	0.0	0.0535342106914601	0.0	0.0	0.4297048555942499	0.08173543942757897	0.0808326632696607	0.0	0.09422789874209929	0.051089104837111085	0.0	OSD-120__Atha_Col-0_root_GC_Alight_Rep1_GSM2493759_Day13	GC	CARA	CARA	root	OSD-120	Col-0
0.1871941472161317	0.0	0.0	0.031248773774375734	0.0	0.0	0.385188251236894	0.12083261173219172	0.11681513266759866	0.0	0.12184593775681515	0.036875145615993005	0.0	OSD-120__Atha_Col-0_root_GC_Alight_Rep2_GSM2493760_Day13	GC	CARA	CARA	root	OSD-120	Col-0
0.18954728335209164	0.0	0.0	0.04395532728264391	0.0	0.0	0.46069751346316073	0.02078526173271427	0.10958108327910278	0.0	0.06317559970547783	0.11225793118480884	0.0	OSD-120__Atha_Ws_root_GC_Alight_Rep1_GSM2493762_Day13	GC	CARA	CARA	root	OSD-120	WS
0.19982989891800107	0.0	0.0	0.045295558616382216	0.0	0.0	0.3895726572907642	0.1464463600038933	0.08694547092662122	0.0	0.11418628888973613	0.017723765354601816	0.0	OSD-120__Atha_Ws_root_GC_Alight_Rep2_GSM2493763_Day13	GC	CARA	CARA	root	OSD-120	WS
0.2064386061845529	0.0	0.0	0.05909761174037316	0.0	0.0	0.42802408768693484	0.0532196661699551	0.09896914974687668	0.0	0.12834334798021654	0.025907530491090822	0.0	OSD-120__Atha_Ws_root_GC_Alight_Rep3_GSM2493764_Day13	GC	CARA	CARA	root	OSD-120	WS
0.18760064527865544	0.0	0.0	0.06849403674930776	0.0	0.0	0.4619296435709659	0.027743109748493946	0.076122919914915	0.0	0.11902832556745069	0.059081319170211415	0.0	OSD-120__Atha_Col-0-PhyD_root_GC_Alight_Rep1_GSM2493765_Day13	GC	CARA	CARA	root	OSD-120	Col-0
0.2142887291194591	0.0	0.0	0.09901722745461693	0.0	0.0	0.399212190439305	0.14088351636399452	0.031952537985152234	0.0	0.11464579863747235	0.0	0.0	OSD-120__Atha_Col-0-PhyD_root_GC_Alight_Rep2_GSM2493766_Day13	GC	CARA	CARA	root	OSD-120	Col-0
0.19044741189511974	0.0	0.0	0.059344049743243095	0.0	0.0	0.390654732701402	0.12516589990192947	0.09664018240907338	0.0	0.12044182572653402	0.017305897622698324	0.0	OSD-120__Atha_Col-0-PhyD_root_GC_Alight_Rep3_GSM2493767_Day13	GC	CARA	CARA	root	OSD-120	Col-0
0.19165890982208955	0.0	0.0	0.043598141089919454	0.0	0.0	0.43684255500227487	0.05875653354112563	0.07038373300336984	0.0	0.12120599853142168	0.077554129009799	0.0	OSD-120__Atha_Col-0_root_GC_dark_Rep1_GSM2493768_Day13	GC	CARA	CARA	root	OSD-120	Col-0
0.1854098174248463	0.0	0.0	0.04533984626311381	0.0	0.0	0.44411548182721056	0.018797103333153153	0.0948856335990838	0.0	0.10002393796109844	0.11142817959149401	0.0	OSD-120__Atha_Col-0_root_GC_dark_Rep2_GSM2493769_Day13	GC	CARA	CARA	root	OSD-120	Col-0
0.1890074103237398	0.0	0.0	0.06373717917790973	0.0	0.0	0.4081630332410196	0.0971184678687705	0.06753833545425	0.0	0.138653899459344	0.03578167447496634	0.0	OSD-120__Atha_Col-0_root_GC_dark_Rep3_GSM2493770_Day13	GC	CARA	CARA	root	OSD-120	Col-0
0.2086208713840538	0.0	0.0	0.0	0.0	0.0	0.4809826282628324	0.007794656111110026	0.09523620042182133	0.0	0.07730777255689274	0.13005787126328966	0.0	OSD-120__Atha_Ws_root_GC_dark_Rep1_GSM2493771_Day13	GC	CARA	CARA	root	OSD-120	WS
0.17906689399723882	0.0	0.0	0.01516688327681928	0.0	0.0	0.4482913077040766	0.02550024094217598	0.12235024383283193	0.0	0.11064494910820849	0.09897948113864884	0.0	OSD-120__Atha_Ws_root_GC_dark_Rep2_GSM2493772_Day13	GC	CARA	CARA	root	OSD-120	WS
0.17422362777098285	0.0	0.0	0.020314011960978467	0.0	0.0	0.4540954648845827	0.05094072421481209	0.12579095479384728	0.0	0.1239091319262703	0.05072608444852636	0.0	OSD-120__Atha_Ws_root_GC_dark_Rep3_GSM2493773_Day13	GC	CARA	CARA	root	OSD-120	WS
0.20272487624359392	0.0	0.0	0.06948170570106535	0.0	0.0	0.3774479807034331	0.14041727917155075	0.055321225403917845	0.0	0.111354303716162	0.043252629060276965	0.0	OSD-120__Atha_Col-0-PhyD_root_GC_dark_Rep1_GSM2493774_Day13	GC	CARA	CARA	root	OSD-120	Col-0
0.21158452589884758	0.0	0.0	0.0147668574709312	0.0	0.0	0.424429177581762	0.09675437700573083	0.08642073137586304	0.0	0.10339605979433761	0.06264827087252764	0.0	OSD-120__Atha_Col-0-PhyD_root_GC_dark_Rep2_GSM2493775_Day13	GC	CARA	CARA	root	OSD-120	Col-0
0.22200514871985313	0.0	0.0	0.02131182823778524	0.0	0.0	0.4430579208346947	0.03986603009176237	0.09735754495823667	0.0	0.12796974332555802	0.048431783832109825	0.0	OSD-120__Atha_Col-0-PhyD_root_GC_dark_Rep3_GSM2493776_Day13	GC	CARA	CARA	root	OSD-120	Col-0
0.2041201014428787	0.0	0.0	0.05245678308998262	0.0	0.0	0.445305680383242	0.10015083580988011	0.0523666230050684	0.0	0.10353228138981722	0.042067694879130896	0.0	OSD-120__Atha_Col-0_root_FLT_Alight_Rep1_GSM2493777_Day13	FLT	CARA	CARA	root	OSD-120	Col-0
0.19400657127895785	0.0	0.0	0.06760544067553027	0.0	0.0	0.42116096927409935	0.10636424629411947	0.0542688395611113	0.0	0.11672640714403545	0.039867525772146264	0.0	OSD-120__Atha_Col-0_root_FLT_Alight_Rep2_GSM2493778_Day13	FLT	CARA	CARA	root	OSD-120	Col-0
0.1955020599666929	0.0	0.0	0.06748921883761455	0.0	0.0	0.42762169703296693	0.13873424514620847	0.05588733937314899	0.0	0.11076772514732773	0.003997714496040514	0.0	OSD-120__Atha_Col-0_root_FLT_Alight_Rep3_GSM2493779_Day13	FLT	CARA	CARA	root	OSD-120	Col-0
0.1976845150036583	0.0	0.0	0.036011456236646165	0.0	0.0	0.4188124763636973	0.10422705770823881	0.08992761488163624	0.0	0.11286552210846576	0.040471357697657334	0.0	OSD-120__Atha_Ws_root_FLT_Alight_Rep1_GSM2493780_Day13	FLT	CARA	CARA	root	OSD-120	WS
0.19335165920716518	0.0	0.0	0.05432108248130092	0.0	0.0	0.39499091325071284	0.09870055338899977	0.09353919358546216	0.0	0.12816112381411604	0.03693547427224306	0.0	OSD-120__Atha_Ws_root_FLT_Alight_Rep2_GSM2493781_Day13	FLT	CARA	CARA	root	OSD-120	WS
0.1938078533346992	0.0	0.0	0.04501467293765902	0.0	0.0	0.41030158887646795	0.10645769517870664	0.0881633221709824	0.0	0.11927532738856807	0.03697954011291673	0.0	OSD-120__Atha_Ws_root_FLT_Alight_Rep3_GSM2493782_Day13	FLT	CARA	CARA	root	OSD-120	WS
0.19509022454437552	0.0	0.0	0.04957585328181831	0.0	0.0	0.4101104605748241	0.12170279250586186	0.09378682401156736	0.0	0.11240486442188988	0.017328980659662978	0.0	OSD-120__Atha_Col-0-PhyD_root_FLT_Alight_Rep1_GSM2493783_Day13	FLT	CARA	CARA	root	OSD-120	Col-0
0.2355728754866063	0.0	0.0	0.03525514579008411	0.0	0.0	0.41895383959219934	0.11647514137487554	0.0976429360819846	0.0	0.08575036755883741	0.010349694115412738	0.0	OSD-120__Atha_Col-0-PhyD_root_FLT_Alight_Rep2_GSM2493784_Day13	FLT	CARA	CARA	root	OSD-120	Col-0
0.20159469049856035	0.0	0.0	0.0767399680815602	0.0	0.0	0.41224640132301393	0.13142931934858454	0.053654361688618306	0.0	0.1161356554080333	0.008199603651629405	0.0	OSD-120__Atha_Col-0-PhyD_root_FLT_Alight_Rep3_GSM2493785_Day13	FLT	CARA	CARA	root	OSD-120	Col-0
0.20469121678230165	0.0	0.0	0.040317149324895954	0.0	0.0	0.4268031252742047	0.1480472213704916	0.05268744762653841	0.0	0.09512048824838294	0.03233335137318466	0.0	OSD-120__Atha_Col-0_root_FLT_dark_Rep1_GSM2493786_Day13	FLT	CARA	CARA	root	OSD-120	Col-0
0.22084731783966838	0.0	0.0	0.027924369667700333	0.0	0.0	0.43597878664281964	0.05798799373450084	0.06733496771572925	0.0	0.08901542478234285	0.10091113961723883	0.0	OSD-120__Atha_Col-0_root_FLT_dark_Rep2_GSM2493787_Day13	FLT	CARA	CARA	root	OSD-120	Col-0
0.19538769372245268	0.0	0.0	0.05006118330488132	0.0	0.0	0.4512052344984074	0.10509839582894222	0.06713573961770779	0.0	0.10279109053586437	0.02832066249174416	0.0	OSD-120__Atha_Col-0_root_FLT_dark_Rep3_GSM2493788_Day13	FLT	CARA	CARA	root	OSD-120	Col-0
0.20876886367508896	0.0	0.0	0.0	0.0	0.0	0.4459146352612121	0.07420748880861185	0.08661606540481648	0.0	0.07527706171497586	0.10921588513529487	0.0	OSD-120__Atha_Ws_root_FLT_dark_Rep1_GSM2493789_Day13	FLT	CARA	CARA	root	OSD-120	WS
0.21039039288818284	0.0	0.0	0.04503234638590716	0.0	0.0	0.3886082155561738	0.09473191036197248	0.09083059170492981	0.0	0.1051941295888112	0.06521241351402288	0.0	OSD-120__Atha_Ws_root_FLT_dark_Rep2_GSM2493790_Day13	FLT	CARA	CARA	root	OSD-120	WS
0.20885782934449199	0.0	0.0	0.06617395874209889	0.0	0.0	0.3838761468023257	0.07756128714746066	0.07575834974101112	0.0	0.13013790118421037	0.0576345270384012	0.0	OSD-120__Atha_Ws_root_FLT_dark_Rep3_GSM2493791_Day13	FLT	CARA	CARA	root	OSD-120	WS
0.18134828792313715	0.0	0.0	0.035707899256039906	0.0	0.0	0.41821545607198135	0.1598007312509545	0.0704192912223097	0.0	0.10134315073764498	0.033165183537932526	0.0	OSD-120__Atha_Col-0-PhyD_root_FLT_dark_Rep1_GSM2493792_Day13	FLT	CARA	CARA	root	OSD-120	Col-0
0.21261326404100678	0.0	0.0	0.07307054068728383	0.0	0.0	0.43836847921592875	0.062336389733532546	0.03395783994614408	0.0	0.07284499739947309	0.10680848897663067	0.0	OSD-120__Atha_Col-0-PhyD_root_FLT_dark_Rep2_GSM2493793_Day13	FLT	CARA	CARA	root	OSD-120	Col-0
0.1962452880485964	0.0	0.0	0.07684779615544725	0.0	0.0	0.446237127448926	0.0	0.03641862238409774	0.0	0.11678278962906115	0.12746837633387154	0.0	OSD-120__Atha_Col-0-PhyD_root_FLT_dark_Rep3_GSM2493794_Day13	FLT	CARA	CARA	root	OSD-120	Col-0
0.1827298696478464	0.0	0.0	0.054934742383444785	0.0	0.0	0.39003019877346656	0.12752914630259257	0.09237788640388954	0.0	0.11550844268122136	0.036889713807538915	0.0	OSD-120__Atha_Col-0_root_GC_Alight_Rep3_GSM2493761_Day13	GC	CARA	CARA	root	OSD-120	Col-0
0.20416866802978806	0.0	0.0	0.08708447377106464	0.0	0.013348859934244202	0.3998604169279729	0.14275863511318287	0.03820227115330917	0.0	0.11457667507043805	0.0	0.0	OSD-217__Atha_Ws_root_GC_Rep1	GC	Veggie	VEGGIE	root	OSD-217	WS
0.20690822665737607	0.0	0.0	0.10412097553132292	0.0	0.013166446689960382	0.40421100240728197	0.1393217957665143	0.017902728156210156	0.0	0.11436882479133417	0.0	0.0	OSD-217__Atha_Ws_root_GC_Rep2	GC	Veggie	VEGGIE	root	OSD-217	WS
0.2019061745464102	0.0	0.0	0.08871866410117228	0.0	0.012773496152801635	0.39468589617461736	0.1436077493954891	0.03990409549405516	0.0	0.11840392413545421	0.0	0.0	OSD-217__Atha_Ws_root_GC_Rep3	GC	Veggie	VEGGIE	root	OSD-217	WS
0.11297441078734508	0.0	0.0	0.02475879073670713	0.0	0.14620118924577052	0.40603664355201174	0.0	0.17772869810247158	0.0	0.132300267575694	0.0	0.0	OSD-217__Atha_Ws_root_FLT_Rep1	FLT	Veggie	VEGGIE	root	OSD-217	WS
0.11714167644492304	0.0	0.0	0.03632980827545631	0.0	0.13711619685852178	0.4184633110116477	0.0	0.1597754326877777	0.0	0.13117357472167346	0.0	0.0	OSD-217__Atha_Ws_root_FLT_Rep2	FLT	Veggie	VEGGIE	root	OSD-217	WS
0.11427895773901493	0.0	0.0	0.023170891273171682	0.0	0.15019591245731123	0.40569833043250475	0.0	0.1741582030647359	0.0	0.13249770503326153	0.0	0.0	OSD-217__Atha_Ws_root_FLT_Rep3	FLT	Veggie	VEGGIE	root	OSD-217	WS
0.1956084528531495	0.0	0.0	0.11033033962902644	0.0	0.019382525933125876	0.3925048892000054	0.1330565487191899	0.026785394008429893	0.0	0.122331849657073	0.0	0.0	OSD-217__Atha_Ws_leaf_GC_Rep1	GC	Veggie	VEGGIE	leaf	OSD-217	WS
0.19669269367268924	0.0	0.0	0.10008099288128298	0.0	0.018165856089417596	0.39720991245435083	0.13323123430363237	0.032743792165020755	0.0	0.12187551843360625	0.0	0.0	OSD-217__Atha_Ws_leaf_GC_Rep2	GC	Veggie	VEGGIE	leaf	OSD-217	WS
0.20432416999421224	0.0	0.0	0.08927190549133732	0.0	0.00192764984856066	0.4002935191956351	0.13976916723096755	0.04652424748651692	0.0	0.11788934075277022	0.0	0.0	OSD-217__Atha_Ws_leaf_GC_Rep3	GC	Veggie	VEGGIE	leaf	OSD-217	WS
0.12487173974241608	0.0	0.0	0.03735057926541802	0.0	0.13577441330707601	0.4157299783793415	0.0	0.1504669397727054	0.0	0.12603453460692624	0.009771814926116859	0.0	OSD-217__Atha_Ws_leaf_FLT_Rep1	FLT	Veggie	VEGGIE	leaf	OSD-217	WS
0.11744526282034505	0.0	0.0	0.046070382758161416	0.0	0.1529852860847439	0.4161085672895287	0.0	0.13995852786605692	0.0	0.12743197318116398	0.0	0.0	OSD-217__Atha_Ws_leaf_FLT_Rep2	FLT	Veggie	VEGGIE	leaf	OSD-217	WS
0.1246556640820854	0.0	0.000642864583018107	0.059113498642081735	0.0	0.15160063732501142	0.4227342125014302	0.0	0.11670290636800962	0.0	0.12455021649836356	0.0	0.0	OSD-217__Atha_Ws_leaf_FLT_Rep3	FLT	Veggie	VEGGIE	leaf	OSD-217	WS
0.20803468585813745	0.0	0.0	0.10381606491648925	0.0	0.02890293523474967	0.3838414940997972	0.14227447729111184	0.03774140834762815	0.0	0.0953889342520865	0.0	0.0	OSD-321__GSM4486031	FLT	BRIC	BRIC	whole_seedling	OSD-321	Col-0
0.19759244482813054	0.0	0.0	0.0957546920648661	0.0	0.042850570690466085	0.38142041386455794	0.14049321130798254	0.046308460230161226	0.0	0.09558020701383553	0.0	0.0	OSD-321__GSM4486032	FLT	BRIC	BRIC	whole_seedling	OSD-321	Col-0
0.2096422112161274	0.0	0.0	0.09972888200816084	0.0	0.043823922922512686	0.39109720564960804	0.11388614330482978	0.04780397423905993	0.0	0.0940176606597012	0.0	0.0	OSD-321__GSM4486033	FLT	BRIC	BRIC	whole_seedling	OSD-321	Col-0
0.20232920460096304	0.0	0.0	0.10396476375531555	0.0	0.04873646078873131	0.4009949243696913	0.11098159790271285	0.03949254751860634	0.0	0.09350050106397956	0.0	0.0	OSD-321__GSM4486034	FLT	BRIC	BRIC	whole_seedling	OSD-321	Col-0
0.2088356052044859	0.0	0.02890361348920937	0.11966504847351025	0.0	0.0028653895726230305	0.3761848592981873	0.16329705785346463	0.008726161303027835	0.0	0.09152226480549179	0.0	0.0	OSD-321__GSM4486035	GC	BRIC	BRIC	whole_seedling	OSD-321	Col-0
0.21408371712084662	0.0	0.039418736100035844	0.09341078762633243	0.0	0.008454084816506667	0.36074579924613753	0.17148355926943507	0.02785753998200505	0.0	0.08454577583870074	0.0	0.0	OSD-321__GSM4486036	GC	BRIC	BRIC	whole_seedling	OSD-321	Col-0
0.20588713479236698	0.0	0.03269266028651387	0.1134254356828845	0.0	0.0	0.3613340951232882	0.18226893791073756	0.009772702675552594	0.0	0.09461903352865625	0.0	0.0	OSD-321__GSM4486037	GC	BRIC	BRIC	whole_seedling	OSD-321	Col-0
0.20931002126407824	0.0	0.04489831379610742	0.11428552167155236	0.0	0.004948147282753249	0.36295598006575863	0.16395373230024854	0.011321352823157823	0.0	0.08832693079634375	0.0	0.0	OSD-321__GSM4486038	GC	BRIC	BRIC	whole_seedling	OSD-321	Col-0
0.2146336171097516	0.0	0.0	0.1080334021526185	0.0	0.038474311842129065	0.39088338921731264	0.11710229797127097	0.032588230137551195	0.0	0.09516339229499655	0.003121359274369595	0.0	OSD-321__GSM4486039	FLT	BRIC	BRIC	whole_seedling	OSD-321	Col-0
0.20529143950683015	0.0	0.0	0.09307900878560757	0.0	0.04393421938036647	0.383869026784259	0.125538062599887	0.05428350678274409	0.0	0.09287377688705128	0.0011309592732544258	0.0	OSD-321__GSM4486040	FLT	BRIC	BRIC	whole_seedling	OSD-321	Col-0
0.20506889495450317	0.0	0.0	0.09911737232933845	0.0	0.046294725753614215	0.3952492590084254	0.10803777681632648	0.04898449496128718	0.0	0.09724747617650499	0.0	0.0	OSD-321__GSM4486041	FLT	BRIC	BRIC	whole_seedling	OSD-321	Col-0
0.20577745201788	0.0	0.0	0.09564543941199684	0.0	0.04522838972521553	0.39274459643552584	0.11257783872922864	0.05111582959014455	0.0	0.0968197000642048	9.075402580377399e-05	0.0	OSD-321__GSM4486042	FLT	BRIC	BRIC	whole_seedling	OSD-321	Col-0
0.2165767573827039	0.0	0.024587395592080796	0.11414483980015044	0.0	0.0030166830483487083	0.37386066556582753	0.15948716213774616	0.013950133748321008	0.0	0.09437636272482143	0.0	0.0	OSD-321__GSM4486043	GC	BRIC	BRIC	whole_seedling	OSD-321	Col-0
0.21867655125404348	0.0	0.02319846386637485	0.08912972360514335	0.0	0.017086345160038065	0.3737246938344446	0.16540646472378134	0.03293839369398066	0.0	0.07983936386219369	0.0	0.0	OSD-321__GSM4486044	GC	BRIC	BRIC	whole_seedling	OSD-321	Col-0
0.20290564697528218	0.0	0.026956885981751492	0.11822471982538038	0.0	0.0	0.3701366250634097	0.17648658682583815	0.008646428286920645	0.0	0.0966431070414175	0.0	0.0	OSD-321__GSM4486045	GC	BRIC	BRIC	whole_seedling	OSD-321	Col-0
0.2090170806862493	0.0	0.038318529733962166	0.11882100562617416	0.0	0.00885952226707503	0.3658709385475029	0.16122304633884232	0.009511050098915303	0.0	0.0883788267012788	0.0	0.0	OSD-321__GSM4486046	GC	BRIC	BRIC	whole_seedling	OSD-321	Col-0
0.20707927296740133	0.0	0.0	0.10425247946370395	0.0	0.04331794267713158	0.39261318198698203	0.11981069868299887	0.03881533504109098	0.0	0.09411108918069135	0.0	0.0	OSD-321__GSM4486047	FLT	BRIC	BRIC	whole_seedling	OSD-321	Col-0
0.20862306261719132	0.0	0.0	0.10829151420689148	0.0	0.0456889705260673	0.39172605300459085	0.10749544569416196	0.03531703622539469	0.0	0.10134568924608787	0.00151222847961451	0.0	OSD-321__GSM4486048	FLT	BRIC	BRIC	whole_seedling	OSD-321	Col-0
0.21011437411203332	0.0	0.0	0.10246189006782787	0.0	0.04060463197562858	0.3900714642491191	0.11853015602253089	0.04374907029472836	0.0	0.09323512060457725	0.0012332926735546827	0.0	OSD-321__GSM4486049	FLT	BRIC	BRIC	whole_seedling	OSD-321	Col-0
0.20416695998435436	0.0	0.0	0.10379807480735524	0.0	0.04600531204469807	0.3957899029403516	0.11783679809144396	0.038952884112265794	0.0	0.09345006801953103	0.0	0.0	OSD-321__GSM4486050	FLT	BRIC	BRIC	whole_seedling	OSD-321	Col-0
0.21102357272891015	0.0	0.0	0.0985651300016237	0.0	0.04774347140155966	0.38964426543152414	0.11856635177603458	0.03806826648625703	0.0	0.09638894217409084	0.0	0.0	OSD-321__GSM4486051	FLT	BRIC	BRIC	whole_seedling	OSD-321	Col-0
0.20906186000646873	0.0	0.031212113216058598	0.11911080698624837	0.0	0.01137942368501782	0.3704714093226935	0.15664593421246753	0.011221333447564357	0.0	0.09089711912348107	0.0	0.0	OSD-321__GSM4486052	GC	BRIC	BRIC	whole_seedling	OSD-321	Col-0
0.2118573446235235	0.0	0.02969310629086047	0.10865094296088695	0.0	0.005108950869101458	0.3633573984970878	0.16769971518478116	0.021914537596502668	0.0	0.09171800397725594	0.0	0.0	OSD-321__GSM4486053	GC	BRIC	BRIC	whole_seedling	OSD-321	Col-0
0.20525253633053273	0.0	0.026294523011223092	0.08922030827532614	0.0	0.02960358057455407	0.3674167082102987	0.16075770597144004	0.03297335964203368	0.0	0.08848127798459153	0.0	0.0	OSD-321__GSM4486054	GC	BRIC	BRIC	whole_seedling	OSD-321	Col-0
0.2156447446974029	0.0	0.035977781379110785	0.10913004505740304	0.0	0.004503389467166259	0.3611660736466026	0.16812313539656748	0.0223192050112551	0.0	0.08313562534449194	0.0	0.0	OSD-321__GSM4486055	GC	BRIC	BRIC	whole_seedling	OSD-321	Col-0
0.21479459265600742	0.0	0.03818531559905313	0.11359143189565972	0.0	0.0	0.36331351757056324	0.16791134359853066	0.011806744417376806	0.0	0.09039705426280892	0.0	0.0	OSD-321__GSM4486056	GC	BRIC	BRIC	whole_seedling	OSD-321	Col-0
0.2110723431225705	0.0	0.0	0.10918141704200025	0.0	0.02880717303383656	0.3858418965578117	0.14026101403002506	0.032190906719230215	0.0	0.09264524949452561	0.0	0.0	OSD-321__GSM4486057	FLT	BRIC	BRIC	whole_seedling	OSD-321	Col-0
0.20698124739757942	0.0	0.0	0.09826709416748708	0.0	0.04534987108237401	0.38449236364306166	0.12522973981084798	0.0466092007434202	0.0	0.0904634362225089	0.002607046932720714	0.0	OSD-321__GSM4486058	FLT	BRIC	BRIC	whole_seedling	OSD-321	Col-0
0.2062237337221178	0.0	0.0	0.10325138446843231	0.0	0.04251092963174639	0.3906194877111184	0.11936386433332011	0.042658881345795915	0.0	0.09513973580894121	0.0002319829785277666	0.0	OSD-321__GSM4486059	FLT	BRIC	BRIC	whole_seedling	OSD-321	Col-0
0.21153599736580006	0.0	0.0	0.10054766869507661	0.0	0.042999757157089535	0.38644795696077233	0.12147748432873703	0.03898870646788308	0.0	0.09800242902464149	0.0	0.0	OSD-321__GSM4486060	FLT	BRIC	BRIC	whole_seedling	OSD-321	Col-0
0.20419738255335698	0.0	0.030075061550022104	0.11602772459365786	0.0	0.007694001060938753	0.3650654430166932	0.1652744701854606	0.017322235034481628	0.0	0.09434368200538885	0.0	0.0	OSD-321__GSM4486061	GC	BRIC	BRIC	whole_seedling	OSD-321	Col-0
0.21009458025091854	0.0	0.03386855203823616	0.09617071136501483	0.0	0.009720486465016415	0.35823659265638286	0.1699561218003244	0.02763765575672736	0.0	0.09431529966737927	0.0	0.0	OSD-321__GSM4486062	GC	BRIC	BRIC	whole_seedling	OSD-321	Col-0
0.20742087219593106	0.0	0.036003611724599004	0.11058067738220087	0.0	0.0	0.3625537271692109	0.1805218823610273	0.011953405210014052	0.0	0.09096582395701669	0.0	0.0	OSD-321__GSM4486063	GC	BRIC	BRIC	whole_seedling	OSD-321	Col-0
0.21557033054597255	0.0	0.059229275196583143	0.11293477624368478	0.0	0.001386170715576917	0.3453639913838077	0.1849982826836044	0.00820945264333124	0.0	0.07230772058743923	0.0	0.0	OSD-321__GSM4486064	GC	BRIC	BRIC	whole_seedling	OSD-321	Col-0
0.2031395623508104	0.0	0.0	0.09668037293683855	0.0	0.04564633466970091	0.39023217334361243	0.1093137336564289	0.0527500491895317	0.0	0.10031232935436564	0.0019254444987114646	0.0	OSD-321__GSM4486065	FLT	BRIC	BRIC	whole_seedling	OSD-321	Col-0
0.20873254457488608	0.0	0.0	0.09852644952972413	0.0	0.04094436738613293	0.38409054620748906	0.12956914154911384	0.043255776355729525	0.0	0.09488117439692445	0.0	0.0	OSD-321__GSM4486066	FLT	BRIC	BRIC	whole_seedling	OSD-321	Col-0
0.19998453041330908	0.0	0.0	0.0898506827151108	0.0	0.04703956974710118	0.3796684472077908	0.1394185999820367	0.05101305862540285	0.0	0.09302511130924872	0.0	0.0	OSD-321__GSM4486067	FLT	BRIC	BRIC	whole_seedling	OSD-321	Col-0
0.20137869687739954	0.0	0.0	0.0978475961612541	0.0	0.039505110357821005	0.39424829846629894	0.11724832472383659	0.051989589276889514	0.0	0.09778238413650023	0.0	0.0	OSD-321__GSM4486068	FLT	BRIC	BRIC	whole_seedling	OSD-321	Col-0
0.19966324313243283	0.0	0.0	0.09469723516779512	0.0	0.049105507360377	0.38446995490436725	0.12055446416833965	0.052239912013421014	0.0	0.09926968325326704	0.0	0.0	OSD-321__GSM4486069	FLT	BRIC	BRIC	whole_seedling	OSD-321	Col-0
0.2104964128086328	0.0	0.04502307900376323	0.10926959718822779	0.0	0.0	0.3556868681292249	0.16636207376814133	0.01873661764178557	0.0	0.09442535146022432	0.0	0.0	OSD-321__GSM4486070	GC	BRIC	BRIC	whole_seedling	OSD-321	Col-0
0.2166654061191679	0.0	0.04137861606288943	0.09530651855803846	0.0	0.0181994641778372	0.363448333342502	0.15581418888886853	0.026555836909708187	0.0	0.08263163594098841	0.0	0.0	OSD-321__GSM4486071	GC	BRIC	BRIC	whole_seedling	OSD-321	Col-0
0.20669015010722785	0.0	0.040447531309987	0.11327540093623088	0.0	0.0014947858162553463	0.3637202955668934	0.1647292863215216	0.01636680320611587	0.0	0.09327574673576797	0.0	0.0	OSD-321__GSM4486072	GC	BRIC	BRIC	whole_seedling	OSD-321	Col-0
0.21393954964941875	0.0	0.054538049661347586	0.11204875318254595	0.0	0.0	0.35018126287961276	0.1702829497293623	0.008837600309723892	0.0	0.09017183458798865	0.0	0.0	OSD-321__GSM4486073	GC	BRIC	BRIC	whole_seedling	OSD-321	Col-0
0.21334977898506935	0.0	0.05634788552249909	0.09231122723144167	0.0	0.00617945785397368	0.34488320977606646	0.16895386890298789	0.029520537750421728	0.0	0.08845403397754009	0.0	0.0	OSD-321__GSM4486074	GC	BRIC	BRIC	whole_seedling	OSD-321	Col-0
0.18657187506657205	0.0	0.0	0.10540890653894425	0.0	0.07566169607788971	0.41467075265586567	0.12305482320229034	0.0	0.0	0.09463194645843793	0.0	0.0	OSD-314__21H5_WT_RED_Col0_1g_Rep1	GC	EMCS	VEGGIE	whole_seedling	OSD-314	Col-0
0.1799141470069298	0.0	0.0	0.10134066455220926	0.0	0.08615533930396425	0.4207818097828706	0.10811845270682989	0.0	0.0	0.10368958664719613	0.0	0.0	OSD-314__22A6_WT_RED_Col0_1g_Rep2	GC	EMCS	VEGGIE	whole_seedling	OSD-314	Col-0
0.18020685595626337	0.0	0.0	0.10551233662672718	0.0	0.08272449908267701	0.419555291282909	0.10893863874792979	0.0	0.0	0.10306237830349357	0.0	0.0	OSD-314__23B6_WT_RED_Col0_1g_Rep3	GC	EMCS	VEGGIE	whole_seedling	OSD-314	Col-0
0.189628729714033	0.0	0.05204110999887959	0.10944719280360478	0.0	0.07985596272405082	0.37645037319550934	0.10989006803985724	0.0	0.0	0.0826865635240654	0.0	0.0	OSD-314__30H7_WT_DARK_Col0_1g_Rep1	GC	EMCS	VEGGIE	whole_seedling	OSD-314	Col-0
0.19336174957482496	0.0	0.028825147731193074	0.10548142456104272	0.0	0.05526214601052323	0.3819794906508078	0.14592234113324828	0.0	0.0	0.08916770033835991	0.0	0.0	OSD-314__31A8_WT_DARK_Col0_1g_Rep2	GC	EMCS	VEGGIE	whole_seedling	OSD-314	Col-0
0.1939591278224792	0.0	0.04827616637279219	0.10271527332400657	0.0	0.05719060696625458	0.36864410869574316	0.14167859566026364	0.0	0.0	0.08753612115846071	0.0	0.0	OSD-314__32B8_WT_DARK_Col0_1g_Rep3	GC	EMCS	VEGGIE	whole_seedling	OSD-314	Col-0
0.18844091013169503	0.0	0.021978336938930813	0.11157384290897389	0.0	0.06872592725492281	0.41794806549625896	0.09859473976960777	0.0	0.0	0.09273817749961079	0.0	0.0	OSD-314__05G4_WT_RED_Col0_03g_Rep1	FLT	EMCS	VEGGIE	whole_seedling	OSD-314	Col-0
0.19540323738622808	0.0	0.01634074889388422	0.11014520482076039	0.0	0.07435681179731093	0.42262705906272885	0.08587665372390148	0.0	0.0	0.09525028431518599	0.0	0.0	OSD-314__06H4_WT_RED_Col0_03g_Rep2	FLT	EMCS	VEGGIE	whole_seedling	OSD-314	Col-0
0.19022016646303924	0.0	0.0	0.10550977382417713	0.0	0.06171369372407436	0.4411325369570012	0.09611456492116197	0.0	0.0	0.10530926411054602	0.0	0.0	OSD-314__07A5_WT_RED_Col0_03g_Rep3	FLT	EMCS	VEGGIE	whole_seedling	OSD-314	Col-0
0.1960171674446389	0.0	0.04931376728735762	0.12102632038356065	0.0	0.03952965140196361	0.39592650531133733	0.11396125930376134	0.0	0.0	0.08422532886738049	0.0	0.0	OSD-314__13I4_WT_DARK_Col0_03g_Rep1	FLT	EMCS	VEGGIE	whole_seedling	OSD-314	Col-0
0.19615927226978805	0.0	0.05572713913790867	0.11774561564572546	0.0	0.04656182854815826	0.3804591728428017	0.11680204699109534	0.0	0.0	0.08654492456452256	0.0	0.0	OSD-314__14J4_WT_DARK_Col0_03g_Rep2	FLT	EMCS	VEGGIE	whole_seedling	OSD-314	Col-0
0.1864641036984963	0.0	0.04845692215466486	0.11612149429105348	0.0	0.04177277615634177	0.38828551767717717	0.12713941700433506	0.0	0.0	0.09175976901793126	0.0	0.0	OSD-314__15A7_WT_DARK_Col0_03g_Rep3	FLT	EMCS	VEGGIE	whole_seedling	OSD-314	Col-0
0.19465663343228612	0.0	0.018514638655932853	0.0977988434955644	0.0	0.05796205041648145	0.40359428595219965	0.1267058387817883	0.0	0.0	0.1007677092657472	0.0	0.0	OSD-314__JBA1_WT_DARK_Col0_0g_Rep1	FLT	EMCS	VEGGIE	whole_seedling	OSD-314	Col-0
0.18735497363993914	0.0	0.03639637901346913	0.11276993089532295	0.0	0.07191250782506285	0.3862401953213978	0.11025065555722197	0.0	0.0	0.0950753577475862	0.0	0.0	OSD-314__JBB1_WT_DARK_Col0_0g_Rep2	FLT	EMCS	VEGGIE	whole_seedling	OSD-314	Col-0
0.18611249797185356	0.0	0.0	0.08997441816807229	0.0	0.06709894035452828	0.4151414097407475	0.13207834363583754	0.0	0.0	0.10959439012896083	0.0	0.0	OSD-314__JBH2_WT_RED_Col0_0g_Rep1	FLT	EMCS	VEGGIE	whole_seedling	OSD-314	Col-0
0.18781510589930522	0.0	0.0	0.09502893246421071	0.0	0.06317397720691244	0.4163934288949191	0.12284304317556458	0.0	0.0	0.11474551235908784	0.0	0.0	OSD-314__JBA3_WT_RED_Col0_0g_Rep2	FLT	EMCS	VEGGIE	whole_seedling	OSD-314	Col-0
0.19181795796750808	0.0	0.0	0.09253098734597856	0.0	0.06738062752790687	0.4008736301036171	0.12955499711403395	0.0	0.0	0.1178417999409555	0.0	0.0	OSD-314__JBB3_WT_RED_Col0_0g_Rep3	FLT	EMCS	VEGGIE	whole_seedling	OSD-314	Col-0
0.21062403706797667	0.0	0.0	0.11268481212805267	0.0	0.035237136721193586	0.417445528880462	0.08577436319602018	0.02696680201832655	0.0	0.11126731998796839	0.0	0.0	OSD-678__Ground_control_Col-0_Dark_bio_rep1	GC	Veggie	VEGGIE	leaf	OSD-678	Col-0
0.156388982191913	0.0	0.0	0.06351491506437908	0.0	0.11444280171206872	0.42935750775439835	0.0	0.10062617029637703	0.0	0.126254197555382	0.009415425425481893	0.0	OSD-678__Ground_control_Ws_Light_bio_rep3	GC	Veggie	VEGGIE	unknown	OSD-678	WS
0.1640767372490837	0.0	0.0	0.059266903394777554	0.0	0.11371747403219663	0.4327857640800938	0.0	0.101283137744373	0.0	0.12043254951872855	0.008437433980746695	0.0	OSD-678__Ground_control_Ws_Light_bio_rep2	GC	Veggie	VEGGIE	unknown	OSD-678	WS
0.16130890762502	0.0	0.0	0.057814180951669625	0.0	0.1124280021175586	0.4355181647238483	0.0	0.10826457466448522	0.0	0.12096923619035002	0.003696933727068228	0.0	OSD-678__Ground_control_Ws_Light_bio_rep1	GC	Veggie	VEGGIE	unknown	OSD-678	WS
0.16380201190882368	0.0	0.0	0.08480992592478076	0.0	0.11961916791487234	0.4472865483502659	0.0	0.06572050641749409	0.0	0.11577082168285184	0.002991017800911353	0.0	OSD-678__Ground_control_phyD_Light_bio_rep3	GC	Veggie	VEGGIE	unknown	OSD-678	Col-0
0.1561065785693596	0.0	0.0	0.08061227009707457	0.0	0.1167382385210961	0.444790897076683	0.0	0.0750460300378229	0.0	0.12185697897767905	0.00484900672028478	0.0	OSD-678__Ground_control_phyD_Light_bio_rep2	GC	Veggie	VEGGIE	unknown	OSD-678	Col-0
0.20138331243108093	0.0	0.0	0.05771458683635037	0.0	0.06671930077811175	0.43341823936309926	0.0	0.09052669587770243	0.0	0.11879290581902878	0.03144495889462658	0.0	OSD-678__Flight_Ws_Dark_bio_rep3	FLT	Veggie	VEGGIE	unknown	OSD-678	WS
0.20047818836591064	0.0	0.0	0.05710102906785784	0.0	0.06280150647929829	0.4328271877391842	0.0013040649527860818	0.09670706395358965	0.0	0.11887972629176055	0.029901233149612724	0.0	OSD-678__Flight_Ws_Dark_bio_rep2	FLT	Veggie	VEGGIE	unknown	OSD-678	WS
0.20487282255993788	0.0	0.0	0.06385108271243592	0.0	0.06447716594462498	0.43610790793423565	0.0005372860728838305	0.07975678242435502	0.0	0.1142125050656063	0.03618444728592045	0.0	OSD-678__Flight_Ws_Dark_bio_rep1	FLT	Veggie	VEGGIE	unknown	OSD-678	WS
0.20230988417118925	0.0	0.0	0.0849683436096189	0.0	0.05649387535062212	0.4230050352320521	0.030735531270161872	0.06522646668262375	0.0	0.11388932195867565	0.02337154172505649	0.0	OSD-678__Flight_phyD_Dark_bio_rep3	FLT	Veggie	VEGGIE	unknown	OSD-678	Col-0
0.2102097549780851	0.0	0.0	0.09915944440124573	0.0	0.0569036208119811	0.4163759665172962	0.036769412772917905	0.04432748630997083	0.0	0.10906658240701765	0.027187731801485655	0.0	OSD-678__Flight_phyD_Dark_bio_rep2	FLT	Veggie	VEGGIE	unknown	OSD-678	Col-0
0.2109828409304304	0.0	0.0	0.09405283573403282	0.0	0.0579652499412011	0.4257040468821835	0.029955782444244974	0.04538467947875186	0.0	0.10879496360318572	0.027159600985969798	0.0	OSD-678__Flight_phyD_Dark_bio_rep1	FLT	Veggie	VEGGIE	unknown	OSD-678	Col-0
0.15374864999003415	0.0	0.0	0.077962315279301	0.0	0.12028145500250348	0.4404631847903082	0.0	0.07575236418250304	0.0	0.12114030155514525	0.010651729200204884	0.0	OSD-678__Ground_control_phyD_Light_bio_rep1	GC	Veggie	VEGGIE	unknown	OSD-678	Col-0
0.1866230064853742	0.0	0.03377154266407627	0.10221353252894028	0.0	0.11611651685276878	0.41464077444110575	0.0	0.04942033019364961	0.0	0.07087533209239345	0.026338964741691617	0.0	OSD-678__Flight_Col-0_Dark_bio_rep3	FLT	Veggie	VEGGIE	leaf	OSD-678	Col-0
0.20170390637564828	0.0	0.0	0.10540716016093211	0.0	0.06337427045610401	0.42121109886331926	0.04515377297462577	0.04292902542171326	0.0	0.10513877892359277	0.015081986824064576	0.0	OSD-678__Flight_Col-0_Dark_bio_rep2	FLT	Veggie	VEGGIE	leaf	OSD-678	Col-0
0.20673193877056412	0.0	0.0	0.0858482082655609	0.0	0.06308922134221388	0.4182921882632264	0.036692965106969996	0.059662639708579886	0.0	0.10296237687914855	0.026720461663736195	0.0	OSD-678__Flight_Col-0_Dark_bio_rep1	FLT	Veggie	VEGGIE	leaf	OSD-678	Col-0
0.18704860594721281	0.0	0.0	0.07940982650435949	0.0	0.11305915911049942	0.42404903353808754	0.0	0.08236209884977622	0.0	0.10276751285712522	0.011303763192939121	0.0	OSD-678__Flight_Ws_Light_bio_rep3	FLT	Veggie	VEGGIE	unknown	OSD-678	WS
0.16700163750443509	0.0	0.037703692304059185	0.05773635357825543	0.0	0.10505097650563398	0.4064562445364349	0.0	0.11596727445992575	0.0	0.09895697832939462	0.011126842781861107	0.0	OSD-678__Flight_Ws_Light_bio_rep2	FLT	Veggie	VEGGIE	unknown	OSD-678	WS
0.1549128742099889	0.0	0.04112722146232332	0.05487508481374888	0.0	0.11655454763743484	0.4022753836045716	0.0	0.12003789783574545	0.0	0.10229528037974606	0.007921710056440965	0.0	OSD-678__Flight_Ws_Light_bio_rep1	FLT	Veggie	VEGGIE	unknown	OSD-678	WS
0.14985722299847198	0.0	0.029845578937802666	0.09473469941750418	0.0	0.11526356465670046	0.41640262592608274	0.0	0.08571628437579829	0.0	0.10234897519830512	0.0058310484893345825	0.0	OSD-678__Flight_phyD_Light_bio_rep3	FLT	Veggie	VEGGIE	unknown	OSD-678	Col-0
0.16088933248227627	0.0	0.07953529807061477	0.08108570294453986	0.0	0.1113627066115882	0.37413490395105353	0.0	0.10142099426154828	0.0	0.09157106167837921	0.0	0.0	OSD-678__Flight_phyD_Light_bio_rep2	FLT	Veggie	VEGGIE	unknown	OSD-678	Col-0
0.15835457465985298	0.0	0.07670051390657455	0.08286859228520074	0.0	0.11293268613923499	0.37913641791807334	0.0	0.10191693878939997	0.0	0.08809027630166341	0.0	0.0	OSD-678__Flight_phyD_Light_bio_rep1	FLT	Veggie	VEGGIE	unknown	OSD-678	Col-0
0.19688569577738274	0.0	0.0	0.09835014252087294	0.0	0.08554946003699473	0.44191164568676744	0.014407253795741197	0.060604791478298926	0.0	0.09343070379428439	0.008860306909657702	0.0	OSD-678__Flight_Col-0_Light_bio_rep3	FLT	Veggie	VEGGIE	leaf	OSD-678	Col-0
0.14498438445016992	0.0	0.0	0.0773195063215806	0.0	0.11787063236203334	0.4365919586194131	0.0	0.08438713422930422	0.0	0.11652090956792648	0.02232547444957242	0.0	OSD-678__Ground_control_Col-0_Light_bio_rep3	GC	Veggie	VEGGIE	leaf	OSD-678	Col-0
0.1941949001536902	0.0	0.06123704564081327	0.10609762387340183	0.0	0.09539030398959461	0.4002548689118883	0.0	0.05734882691930387	0.0	0.0854764305113079	0.0	0.0	OSD-678__Flight_Col-0_Light_bio_rep2	FLT	Veggie	VEGGIE	leaf	OSD-678	Col-0
0.19402645729275206	0.0	0.06584915955990762	0.11067297141584129	0.0	0.08979427005446602	0.3990403241325277	0.0	0.051905680850498084	0.0	0.08871113669400725	0.0	0.0	OSD-678__Flight_Col-0_Light_bio_rep1	FLT	Veggie	VEGGIE	leaf	OSD-678	Col-0
0.21029064219226934	0.0	0.0	0.08816883440834906	0.0	0.025185898421874516	0.412060911232161	0.09250137018703648	0.05851418240951839	0.0	0.11327816114879129	0.0	0.0	OSD-678__Ground_control_Ws_Dark_bio_rep3	GC	Veggie	VEGGIE	unknown	OSD-678	WS
0.2042927379525221	0.0	0.0	0.07785803738607769	0.0	0.03352216111040187	0.4092268350322567	0.06913984140970891	0.0803714671480553	0.0	0.12017775214339986	0.005411167817577639	0.0	OSD-678__Ground_control_Ws_Dark_bio_rep2	GC	Veggie	VEGGIE	unknown	OSD-678	WS
0.20284511410445927	0.0	0.0	0.07192850447353485	0.0	0.05407811628267926	0.4098199100315007	0.043653123492824415	0.08429118533045363	0.0	0.12252732901865013	0.010856717265897674	0.0	OSD-678__Ground_control_Ws_Dark_bio_rep1	GC	Veggie	VEGGIE	unknown	OSD-678	WS
0.21212621342096072	0.0	0.0	0.10030743730330942	0.0	0.05019120157602937	0.40811144447402764	0.066045810313179	0.02169082158417664	0.0	0.11951136038877497	0.022015710939542302	0.0	OSD-678__Ground_control_phyD_Dark_bio_rep3	GC	Veggie	VEGGIE	unknown	OSD-678	Col-0
0.2066946711183141	0.0	0.0	0.10470637659763829	0.0	0.03928701109345779	0.40748166523478246	0.08082379159748869	0.03489649021888581	0.0	0.119089941729707	0.007020052409725907	0.0	OSD-678__Ground_control_phyD_Dark_bio_rep2	GC	Veggie	VEGGIE	unknown	OSD-678	Col-0
0.20873673995316916	0.0	0.0	0.1019683895836466	0.0	0.04013390866176957	0.40787874292201626	0.07901634386979643	0.03800470312244054	0.0	0.11629297399186239	0.007968197895299092	0.0	OSD-678__Ground_control_phyD_Dark_bio_rep1	GC	Veggie	VEGGIE	unknown	OSD-678	Col-0
0.20817905736257483	0.0	0.0	0.1012324216998497	0.0	0.06478707204948808	0.4150568879001191	0.053723614680618405	0.027485666565429164	0.0	0.10705855377614991	0.022476725965770872	0.0	OSD-678__Ground_control_Col-0_Dark_bio_rep3	GC	Veggie	VEGGIE	leaf	OSD-678	Col-0
0.21234553231507966	0.0	0.0	0.11209094757365899	0.0	0.04197209737846889	0.41767412492146894	0.07897885962604413	0.02676226682375108	0.0	0.11017617136152835	0.0	0.0	OSD-678__Ground_control_Col-0_Dark_bio_rep2	GC	Veggie	VEGGIE	leaf	OSD-678	Col-0
0.16457300872672398	0.0	0.0	0.0722463448850454	0.0	0.12047308473594466	0.4256596858323201	0.0	0.07783799933105409	0.0	0.12389940390170878	0.015310472587203047	0.0	OSD-678__Ground_control_Col-0_Light_bio_rep2	GC	Veggie	VEGGIE	leaf	OSD-678	Col-0
0.16673159228691622	0.0	0.004790478687503166	0.07345905598949169	0.0	0.11208614405935284	0.43358136556605453	0.0	0.07765883446567831	0.0	0.12873927112931244	0.00295325781569079	0.0	OSD-678__Ground_control_Col-0_Light_bio_rep1	GC	Veggie	VEGGIE	leaf	OSD-678	Col-0
0.1873428245529165	0.0	0.0	0.05324539769130561	0.0	0.10550475242803158	0.40867453280324834	0.10811109476782425	0.04803704080615944	0.0	0.08908435695051438	0.0	0.0	OSD-38__Atha_WT-Col-0_sl_FLT_Rep1_G1S1	FLT	BRIC	BRIC	whole_seedling	OSD-38	Col-0
0.19237672701936775	0.0	0.0	0.08146486206646181	0.0	0.10556245212557644	0.39558706903223395	0.11895034787783947	0.015114713403177634	0.0	0.09094382847534292	0.0	0.0	OSD-38__Atha_WT-Col-0_sl_FLT_Rep2_G1S2	FLT	BRIC	BRIC	whole_seedling	OSD-38	Col-0
0.1846742262056063	0.0	0.0	0.09230501333081954	0.0	0.09103494611246896	0.3958880789992617	0.13146423020339193	0.011838086155402746	0.0	0.09279541899304879	0.0	0.0	OSD-38__Atha_WT-Col-0_sl_FLT_Rep3_G1S3	FLT	BRIC	BRIC	whole_seedling	OSD-38	Col-0
0.19488970929732177	0.0	0.0	0.11614309871574016	0.0	0.04882773158603651	0.3925242755141424	0.16080450545191297	0.0	0.0	0.08681067943484627	0.0	0.0	OSD-38__Atha_WT-Col-0_sl_GC_Rep1_G2S1	GC	BRIC	BRIC	whole_seedling	OSD-38	Col-0
0.19239869673454074	0.0	0.0	0.11090713546916735	0.0	0.053039473369307866	0.380143525781736	0.16674374668297295	0.0	0.0	0.09676742196227513	0.0	0.0	OSD-38__Atha_WT-Col-0_sl_GC_Rep2_G2S2	GC	BRIC	BRIC	whole_seedling	OSD-38	Col-0
0.19523210602143343	0.0	0.0	0.11395824035768307	0.0	0.04851271484410989	0.3841081075758605	0.16701406071653055	0.0	0.0	0.09117477048438244	0.0	0.0	OSD-38__Atha_WT-Col-0_sl_GC_Rep3_G2S3	GC	BRIC	BRIC	whole_seedling	OSD-38	Col-0
0.19919795743250163	0.0	0.0	0.08037077048097908	0.0	0.06609254782417082	0.388983782255037	0.16074894698444792	0.0	0.0	0.10460599502286362	0.0	0.0	OSD-38__Atha_WT-Col-0_sl_LN2_Rep1_n2-1	GC	BRIC	BRIC	whole_seedling	OSD-38	Col-0
0.1956562451534475	0.0	0.0	0.08762118524897175	0.0	0.05488459116242987	0.3542473626950181	0.19182359475195263	0.0	0.0	0.11576702098818022	0.0	0.0	OSD-38__Atha_WT-Col-0_sl_LN2_Rep2_n2-2	GC	BRIC	BRIC	whole_seedling	OSD-38	Col-0
0.1997978473634736	0.0	0.006903842724105774	0.08756803537248309	0.0	0.043950243842267304	0.35325869448067854	0.19695071829934147	0.0	0.0	0.11157061791765036	0.0	0.0	OSD-38__Atha_WT-Col-0_sl_LN2_Rep3_n2-3	GC	BRIC	BRIC	whole_seedling	OSD-38	Col-0
0.18625229709023908	0.0	0.0	0.11574053268070748	0.0	0.05943907699096076	0.38214933504934334	0.1576657539060967	0.0	0.0	0.09875300428265257	0.0	0.0	OSD-38__Atha_WT-Col-0_sl_RNAlat_Rep1_rl1	GC	BRIC	BRIC	whole_seedling	OSD-38	Col-0
0.1868393567517998	0.0	0.08467561194411355	0.1076690487048621	0.0	0.02395487664967171	0.3194407879142986	0.1793234275848591	0.0	0.0	0.09809689045039512	0.0	0.0	OSD-38__Atha_WT-Col-0_sl_RNAlat_Rep2_rl2	GC	BRIC	BRIC	whole_seedling	OSD-38	Col-0
0.18761379101778522	0.0	0.003653222476460169	0.11221866535409587	0.0	0.06245392479780292	0.3800033821722765	0.14970758685288643	0.0	0.0	0.1043494273286928	0.0	0.0	OSD-38__Atha_WT-Col-0_sl_RNAlat_Rep3_rl3	GC	BRIC	BRIC	whole_seedling	OSD-38	Col-0
0.18733499886064287	0.0	0.0	0.14238044732893468	0.0	0.0891381031945942	0.43982432242551506	0.0	0.0	0.0	0.14132212819031323	0.0	0.0	OSD-7__Atha_WS-0_Whole-Plant_FLT_Rep1	FLT	APEX-TAGES	BRIC	whole_seedling	OSD-7	WS
0.19447987777060174	0.0	0.0	0.13491263315286037	0.0	0.08472160129380706	0.4402992374651912	0.006816313972284431	0.0	0.0	0.13877033634525526	0.0	0.0	OSD-7__Atha_WS-0_Whole-Plant_FLT_Rep2	FLT	APEX-TAGES	BRIC	whole_seedling	OSD-7	WS
0.19173684916941863	0.0	0.005755071109533521	0.13627810045722422	0.0	0.0815412277927944	0.42627634111466056	0.016307353938520376	0.0	0.0	0.14210505641784832	0.0	0.0	OSD-7__Atha_WS-0_Whole-Plant_FLT_Rep3	FLT	APEX-TAGES	BRIC	whole_seedling	OSD-7	WS
0.18599139636315448	0.0	0.0	0.1374415422251207	0.0	0.08715476190207223	0.4391523048024089	0.0	0.008832294733015344	0.0	0.14142769997422835	0.0	0.0	OSD-7__Atha_WS-0_Whole-Plant_GC_Rep1	GC	APEX-TAGES	BRIC	whole_seedling	OSD-7	WS
0.19491878369464266	0.0	0.0	0.13670768716776183	0.0	0.08151055548029326	0.427594531764011	0.01408616241232615	0.0	0.0	0.14518227948096504	0.0	0.0	OSD-7__Atha_WS-0_Whole-Plant_GC_Rep2	GC	APEX-TAGES	BRIC	whole_seedling	OSD-7	WS
0.1944225775771251	0.0	0.0	0.13825066059744728	0.0	0.082699427490231	0.42893320554564995	0.01638509783960056	0.0	0.0	0.13930903094994607	0.0	0.0	OSD-7__Atha_WS-0_Whole-Plant_GC_Rep3	GC	APEX-TAGES	BRIC	whole_seedling	OSD-7	WS
0.1662500759709049	0.0	0.0	0.14448426625684882	0.0	0.10479671686075613	0.4269212383110129	0.0	0.001238609649845321	0.0	0.1386110736607599	0.01769801928987202	0.0	OSD-7__Atha_WS-0_Col-0_Shoot_FLT_Rep1	FLT	APEX-TAGES	BRIC	shoot	OSD-7	Col-0
0.1681152704793069	0.0	0.0	0.13730097523057355	0.0	0.10463042563187745	0.4322677882939261	0.0	0.007067140816026482	0.0	0.14200382282688184	0.008614576721407615	0.0	OSD-7__Atha_WS-0_Col-0_Shoot_FLT_Rep2	FLT	APEX-TAGES	BRIC	shoot	OSD-7	Col-0
0.1657699485558001	0.0	0.0	0.14530107459897984	0.0	0.10296806855972697	0.4344613723154704	0.0	0.0	0.0	0.14320834166768923	0.008291194302333578	0.0	OSD-7__Atha_WS-0_Col-0_Shoot_FLT_Rep3	FLT	APEX-TAGES	BRIC	shoot	OSD-7	Col-0
0.1629837756533581	0.0	0.0	0.1431604809161698	0.0	0.10852683488320314	0.43125131875584627	0.0	0.0	0.0	0.14244921018084028	0.011628379610582404	0.0	OSD-7__Atha_WS-0_Col-0_Shoot_FLT_Rep4	FLT	APEX-TAGES	BRIC	shoot	OSD-7	Col-0
0.16349365050544565	0.0	0.0	0.14924994233934955	0.0	0.1019819818717828	0.4312136972280202	0.0	0.0	0.0	0.14450341049194196	0.009557317563459792	0.0	OSD-7__Atha_WS-0_Col-0_Shoot_FLT_Rep5	FLT	APEX-TAGES	BRIC	shoot	OSD-7	Col-0
0.16370795135346738	0.0	0.0	0.14253817414009654	0.0	0.10186929394364679	0.4281007321422412	0.0	0.009892440854382472	0.0	0.14469526341444086	0.009196144151724827	0.0	OSD-7__Atha_WS-0_Col-0_Shoot_GC_Rep1	GC	APEX-TAGES	BRIC	shoot	OSD-7	Col-0
0.1623066036354476	0.0	0.0	0.13101301031481896	0.0	0.10443570779787605	0.421336695736614	0.0	0.016124788036785232	0.0	0.14457205758008235	0.020211136898375802	0.0	OSD-7__Atha_WS-0_Col-0_Shoot_GC_Rep2	GC	APEX-TAGES	BRIC	shoot	OSD-7	Col-0
0.16515486575692867	0.0	0.0	0.14548089597789873	0.0	0.10346043205607677	0.432505764412167	0.0	0.0	0.0	0.14197196824880468	0.01142607354812422	0.0	OSD-7__Atha_WS-0_Col-0_Shoot_GC_Rep3	GC	APEX-TAGES	BRIC	shoot	OSD-7	Col-0
0.16550666281960716	0.0	0.0	0.13397013268989186	0.0	0.1023718299378997	0.42243157735193543	0.0	0.012442157126712351	0.0	0.14314581473874996	0.020131825335203496	0.0	OSD-7__Atha_WS-0_Col-0_Shoot_GC_Rep4	GC	APEX-TAGES	BRIC	shoot	OSD-7	Col-0
0.16257348548232126	0.0	0.0	0.14782525282089587	0.0	0.10280517627096931	0.42805492019086483	0.0	0.0	0.0	0.14257687602950736	0.01616428920544141	0.0	OSD-7__Atha_WS-0_Col-0_Shoot_GC_Rep5	GC	APEX-TAGES	BRIC	shoot	OSD-7	Col-0
0.17948997241611414	0.0	0.0	0.1520354443108043	0.0	0.07506554379121147	0.4168331776195623	0.0	0.0	0.0	0.16599404204215684	0.010581819820151021	0.0	OSD-7__Atha_WS-0_Col-0_Hypocotyl_FLT_Rep1	FLT	APEX-TAGES	BRIC	hypocotyl	OSD-7	Col-0
0.17624439703855468	0.0	0.0	0.14831738175942616	0.0	0.07061697988694919	0.41835944229541144	0.0	0.0	0.0	0.1732720468190869	0.013189752200571727	0.0	OSD-7__Atha_WS-0_Col-0_Hypocotyl_FLT_Rep2	FLT	APEX-TAGES	BRIC	hypocotyl	OSD-7	Col-0
0.17753044653567163	0.0	0.0	0.1494338590781024	0.0	0.06977718388495469	0.4233180545843354	0.0	0.0	0.0	0.17390876527554974	0.006031690641386133	0.0	OSD-7__Atha_WS-0_Col-0_Hypocotyl_FLT_Rep3	FLT	APEX-TAGES	BRIC	hypocotyl	OSD-7	Col-0
0.17968682144007486	0.0	0.0	0.14309891620446483	0.0	0.07614832324782964	0.42063689432410145	0.0	0.0	0.0	0.17113723383027085	0.009291810953258355	0.0	OSD-7__Atha_WS-0_Col-0_Hypocotyl_FLT_Rep4	FLT	APEX-TAGES	BRIC	hypocotyl	OSD-7	Col-0
0.17926949025104008	0.0	0.0	0.1475946958260508	0.0	0.0714488897169795	0.4229996551315376	0.0	0.0	0.0	0.1693865297296236	0.009300739344768482	0.0	OSD-7__Atha_WS-0_Col-0_Hypocotyl_FLT_Rep5	FLT	APEX-TAGES	BRIC	hypocotyl	OSD-7	Col-0
0.1791881065935169	0.0	0.0	0.14391915391813292	0.0	0.07335344283872151	0.4185543614389081	0.0	0.0	0.0	0.17182115429660977	0.013163780914110669	0.0	OSD-7__Atha_WS-0_Col-0_Hypocotyl_GC_Rep1	GC	APEX-TAGES	BRIC	hypocotyl	OSD-7	Col-0
0.17465856323042842	0.0	0.0	0.13582119584851088	0.0	0.07556293812705313	0.4120520277049943	0.0	0.0059658537658698755	0.0	0.17695967276299832	0.018979748560145088	0.0	OSD-7__Atha_WS-0_Col-0_Hypocotyl_GC_Rep2	GC	APEX-TAGES	BRIC	hypocotyl	OSD-7	Col-0
0.1771092597316275	0.0	0.0	0.1502269477437283	0.0	0.07528832577472981	0.4198044522683506	0.0	0.0	0.0	0.15871598483016439	0.01885502965139936	0.0	OSD-7__Atha_WS-0_Col-0_Hypocotyl_GC_Rep3	GC	APEX-TAGES	BRIC	hypocotyl	OSD-7	Col-0
0.18175195011081863	0.0	0.0	0.13506236178233963	0.0	0.06983168051173533	0.4130813177935858	0.0	0.004629778266469044	0.0	0.17401437502153758	0.021628536513514127	0.0	OSD-7__Atha_WS-0_Col-0_Hypocotyl_GC_Rep4	GC	APEX-TAGES	BRIC	hypocotyl	OSD-7	Col-0
0.1766165767293864	0.0	0.0	0.15234928540621928	0.0	0.07216919898264246	0.42388963482386344	0.0	0.0	0.0	0.16231990791752748	0.012655396140361007	0.0	OSD-7__Atha_WS-0_Col-0_Hypocotyl_GC_Rep5	GC	APEX-TAGES	BRIC	hypocotyl	OSD-7	Col-0
0.2079419748132208	0.0	0.0	0.14443447980999952	0.0	0.05048997603490738	0.40408125461218686	0.052124919154945444	0.0	0.0	0.14092739557474	0.0	0.0	OSD-7__Atha_WS-0_Col-0_Root_FLT_Rep1	FLT	APEX-TAGES	BRIC	root	OSD-7	Col-0
0.2111482941704223	0.0	0.0	0.13528707686818411	0.0	0.04291708690361441	0.41489089051174166	0.052863803453541615	0.0	0.0	0.14289284809249594	0.0	0.0	OSD-7__Atha_WS-0_Col-0_Root_FLT_Rep2	FLT	APEX-TAGES	BRIC	root	OSD-7	Col-0
0.20652041882526725	0.0	0.0	0.14265385788743098	0.0	0.04577166172696921	0.4269413218051146	0.034306718170853324	0.0	0.0	0.14380602158436445	0.0	0.0	OSD-7__Atha_WS-0_Col-0_Root_FLT_Rep3	FLT	APEX-TAGES	BRIC	root	OSD-7	Col-0
0.21213786897660059	0.0	0.0	0.13163022518653644	0.0	0.048935230958723056	0.407688507615026	0.059636016730165504	0.0	0.0	0.1399721505329484	0.0	0.0	OSD-7__Atha_WS-0_Col-0_Root_FLT_Rep4	FLT	APEX-TAGES	BRIC	root	OSD-7	Col-0
0.20701689606605508	0.0	0.0	0.13790368262679242	0.0	0.047208064607666154	0.4234720462297397	0.043834582893502796	0.0	0.0	0.14056472757624386	0.0	0.0	OSD-7__Atha_WS-0_Col-0_Root_FLT_Rep5	FLT	APEX-TAGES	BRIC	root	OSD-7	Col-0
0.20810188844015703	0.0	0.0	0.14796280918298022	0.0	0.04150514210607853	0.4170209646241523	0.04058806258889499	0.0	0.0	0.14482113305773692	0.0	0.0	OSD-7__Atha_WS-0_Col-0_Root_GC_Rep1	GC	APEX-TAGES	BRIC	root	OSD-7	Col-0
0.21486593228990525	0.0	0.0	0.1331738223556428	0.0	0.03563811273803262	0.38995622014594317	0.0828095577157204	0.0	0.0	0.1435563547547558	0.0	0.0	OSD-7__Atha_WS-0_Col-0_Root_GC_Rep2	GC	APEX-TAGES	BRIC	root	OSD-7	Col-0
0.20570790433871516	0.0	0.0	0.14593498554935186	0.0	0.04630375923965748	0.4151780899993353	0.0466182287061816	0.0	0.0	0.14025703216675858	0.0	0.0	OSD-7__Atha_WS-0_Col-0_Root_GC_Rep3	GC	APEX-TAGES	BRIC	root	OSD-7	Col-0
0.21940651982874332	0.0	0.0	0.130403198346689	0.0	0.034851753604817334	0.3894420061014003	0.083387264646022	0.0	0.0	0.1425092574723281	0.0	0.0	OSD-7__Atha_WS-0_Col-0_Root_GC_Rep4	GC	APEX-TAGES	BRIC	root	OSD-7	Col-0
0.2108072964958781	0.0	0.0	0.14070031096417313	0.0	0.04213224138657098	0.4004160971675552	0.06405078463811781	0.0	0.0	0.1418932693477047	0.0	0.0	OSD-7__Atha_WS-0_Col-0_Root_GC_Rep5	GC	APEX-TAGES	BRIC	root	OSD-7	Col-0
0.18309723486735255	0.0	0.11510980947238107	0.11890447082186942	0.0	0.0012522663574006758	0.38013030553152755	0.04336198169048305	0.033407034294069805	0.0	0.12473689696491602	0.0	0.0	OSD-17__Atha_Col-0_sl_FLT_BA1	FLT	BRIC	BRIC	whole_seedling	OSD-17	Col-0
0.18051948590562245	0.0	0.11446863823597025	0.12479869251052196	0.0	0.024060084079059112	0.3695109976000666	0.046716077371783765	0.02025452351244655	0.0	0.1196715007845293	0.0	0.0	OSD-17__Atha_Col-0_sl_FLT_BA2	FLT	BRIC	BRIC	whole_seedling	OSD-17	Col-0
0.1734310837523926	0.0	0.0734106330139924	0.1361387194634064	0.0	0.042649921053067995	0.39403074563692064	0.04234836338783614	0.0	0.0	0.13799053369238393	0.0	0.0	OSD-17__Atha_Col-0_sl_FLT_BA3	FLT	BRIC	BRIC	whole_seedling	OSD-17	Col-0
0.173467958670502	0.0	0.12124269350694536	0.09564762247339405	0.0	0.0	0.3637087760560973	0.049858342446520744	0.0771013299581296	0.0	0.11897327688841097	0.0	0.0	OSD-17__Atha_Col-0_sl_FLT_BA4	FLT	BRIC	BRIC	whole_seedling	OSD-17	Col-0
0.2068469350078053	0.0	0.04697093237385414	0.13012756714100607	0.0	0.014095065075368658	0.4151415465025383	0.05194257764353071	0.0	0.0	0.13487537625589677	0.0	0.0	OSD-17__Atha_Col-0_sl_FLT_BA5	FLT	BRIC	BRIC	whole_seedling	OSD-17	Col-0
0.17684285161963212	0.0	0.12339482125371562	0.1237315357520872	0.0	0.006779054633610308	0.3641082598873686	0.06011194587863934	0.020481580299433973	0.0	0.12454995067551285	0.0	0.0	OSD-17__Atha_Col-0_sl_FLT_BG1	FLT	BRIC	BRIC	whole_seedling	OSD-17	Col-0
0.17073588898732797	0.0	0.07114505913110858	0.11776383143514949	0.0	0.018864660258760085	0.3973504154050415	0.05951270676548273	0.030355298061628105	0.0	0.13427213995550158	0.0	0.0	OSD-17__Atha_Col-0_sl_GC_BA1	GC	BRIC	BRIC	whole_seedling	OSD-17	Col-0
0.16999807795448807	0.0	0.08308738249999931	0.11853135379553344	0.0	0.0	0.3916587299385459	0.06447805246520003	0.044449410412264856	0.0	0.12779699293396843	0.0	0.0	OSD-17__Atha_Col-0_sl_GC_BA2	GC	BRIC	BRIC	whole_seedling	OSD-17	Col-0
0.17893898718609783	0.0	0.07844234589696826	0.10511684548263667	0.0	0.006525880529893657	0.39345227108096203	0.059208166275473255	0.047059178447834436	0.0	0.13125632510013382	0.0	0.0	OSD-17__Atha_Col-0_sl_GC_BA3	GC	BRIC	BRIC	whole_seedling	OSD-17	Col-0
0.1703984870595814	0.0	0.07597098413623603	0.13035227795444612	0.0	0.019949250936884065	0.39305557296881016	0.07093583419942684	0.0	0.0	0.1393375927446152	0.0	0.0	OSD-17__Atha_Col-0_sl_GC_BA4	GC	BRIC	BRIC	whole_seedling	OSD-17	Col-0
0.1892961166242745	0.0	0.07594459686727034	0.12472077684546216	0.0	0.029535103080205957	0.39623734092944796	0.04405128482577458	0.0	0.0	0.14021478082756442	0.0	0.0	OSD-17__Atha_Col-0_sl_GC_BA5	GC	BRIC	BRIC	whole_seedling	OSD-17	Col-0
0.17922328172412266	0.0	0.07736856376229538	0.1269340871525807	0.0	0.01814695006931397	0.38928116015627934	0.061738737422012455	0.01194978508784151	0.0	0.13535743462555405	0.0	0.0	OSD-17__Atha_Col-0_sl_GC_BG1	GC	BRIC	BRIC	whole_seedling	OSD-17	Col-0
0.20623555260724521	0.0	0.0	0.14822865382273875	0.0	0.07657852820839463	0.3636910606949345	0.059650787560102274	0.0034976027231071586	0.0	0.06912703293954744	0.07299078144392995	0.0	OSD-17__Atha_Col-0_UdCC_FLT_BB2	FLT	BRIC	BRIC	undifferentiated cell culture	OSD-17	Col-0
0.20543159934992683	0.0	0.0	0.15175596101347869	0.0	0.08139631722044333	0.351810030851306	0.06540649721961514	0.0	0.0	0.06983757641765932	0.07436201792757063	0.0	OSD-17__Atha_Col-0_UdCC_FLT_BB3	FLT	BRIC	BRIC	undifferentiated cell culture	OSD-17	Col-0
0.20202867979230957	0.0	0.01076088855253716	0.14210556045471054	0.0	0.06336103626514046	0.34192071103032023	0.09330052888298565	0.014742883258169047	0.0	0.07433716180727892	0.05744254995654838	0.0	OSD-17__Atha_Col-0_UdCC_FLT_BB4	FLT	BRIC	BRIC	undifferentiated cell culture	OSD-17	Col-0
0.2080619791942158	0.0	0.0	0.1478475736125707	0.0	0.08360686800239323	0.3609597692983417	0.06015756262067514	0.0	0.0	0.06994506624600202	0.0694211810258014	0.0	OSD-17__Atha_Col-0_UdCC_FLT_BB5	FLT	BRIC	BRIC	undifferentiated cell culture	OSD-17	Col-0
0.20785126295668213	0.0	0.00038129214935922413	0.14552783024737723	0.0	0.07113294464384463	0.35484026253314455	0.08387105796714625	0.002529796421922381	0.0	0.0647700637581482	0.06909548932237528	0.0	OSD-17__Atha_Col-0_UdCC_FLT_BG2	FLT	BRIC	BRIC	undifferentiated cell culture	OSD-17	Col-0
0.2089388698535295	0.0	0.0025098389727249036	0.14487848357759048	0.0	0.07725306672852085	0.3540929060179602	0.07093925422670115	0.0	0.0	0.06653345590041629	0.07485412472255663	0.0	OSD-17__Atha_Col-0_UdCC_FLT_BG3	FLT	BRIC	BRIC	undifferentiated cell culture	OSD-17	Col-0
0.1856905845499605	0.0	0.21164156301224113	0.12111439942104796	0.0	0.00923794306837192	0.22966427045035515	0.11139227496209428	0.03312957728101302	0.0	0.09812938725491611	0.0	0.0	OSD-17__Atha_Col-0_UdCC_GC_BB2	GC	BRIC	BRIC	undifferentiated cell culture	OSD-17	Col-0
0.21540683887854142	0.0	0.017915189540994452	0.15990731777509118	0.0	0.05110909859156391	0.32860001843931147	0.10139546127808638	0.00047548399815267126	0.0	0.06639920631730369	0.05879138518095489	0.0	OSD-17__Atha_Col-0_UdCC_GC_BB3	GC	BRIC	BRIC	undifferentiated cell culture	OSD-17	Col-0
0.20790155671008487	0.0	0.012508434771353646	0.15250733801570038	0.0	0.06932511897456847	0.34238345013970234	0.07984563055799639	0.0036173992286139284	0.0	0.07644700329359382	0.05546406830838626	0.0	OSD-17__Atha_Col-0_UdCC_GC_BB4	GC	BRIC	BRIC	undifferentiated cell culture	OSD-17	Col-0
0.22302049484562186	0.0	0.0	0.14787945335183794	0.0	0.052209334161337974	0.3483705795689088	0.1003160233249864	0.00616375038441955	0.0	0.0688459505702274	0.053194413792660114	0.0	OSD-17__Atha_Col-0_UdCC_GC_BB5	GC	BRIC	BRIC	undifferentiated cell culture	OSD-17	Col-0
0.20832418797884034	0.0	0.005921556776376125	0.14924651974758424	0.0	0.07548239678907724	0.35542211536655255	0.07871149527161539	0.0	0.0	0.07133262790176785	0.05555910016818637	0.0	OSD-17__Atha_Col-0_UdCC_GC_BG2	GC	BRIC	BRIC	undifferentiated cell culture	OSD-17	Col-0
0.2185810686212744	0.0	0.0008946069758430359	0.15104236203114244	0.0	0.05015332449067473	0.3431594845024225	0.10378354176154009	0.002778491639735245	0.0	0.07037756733725892	0.059229552640108575	0.0	OSD-17__Atha_Col-0_UdCC_GC_BG3	GC	BRIC	BRIC	undifferentiated cell culture	OSD-17	Col-0
0.21497663575307308	0.0	0.10178746531740113	0.07623020015874163	0.0	0.0	0.40948101745814014	0.023679331099649974	0.06185879848531488	0.0	0.1119865517276792	0.0	0.0	OSD-147__Atha_Col-0_HypocotylCC_ARG1-KO_FLT_Rep1	FLT	BRIC	BRIC	hypocotyl	OSD-147	Col-0
0.21377359489959105	0.0	0.10705652533025617	0.07623578664072035	0.0	0.0	0.4075372903084439	0.022558650584972525	0.06132182978340408	0.0	0.11151632245261192	0.0	0.0	OSD-147__Atha_Col-0_HypocotylCC_ARG1-KO_FLT_Rep2	FLT	BRIC	BRIC	hypocotyl	OSD-147	Col-0
0.2106474907893268	0.0	0.07904268681641173	0.07159778259985707	0.0	0.0	0.4249589596604873	0.025483847772877634	0.07409446627213016	0.0	0.11253569834814998	0.0016390677407594288	0.0	OSD-147__Atha_Col-0_HypocotylCC_ARG1-KO_FLT_Rep3	FLT	BRIC	BRIC	hypocotyl	OSD-147	Col-0
0.21218381037812295	0.0	0.09689080847979356	0.07379742693055902	0.0	0.0	0.41526339931710116	0.021780698965827065	0.06723972123327347	0.0	0.11284413469532276	0.0	0.0	OSD-147__Atha_Col-0_HypocotylCC_ARG1-KO_FLT_Rep4	FLT	BRIC	BRIC	hypocotyl	OSD-147	Col-0
0.21172056980774814	0.0	0.08489299022315619	0.0743902733492173	0.0	0.0038994856341543855	0.4202807866999719	0.02118581089051652	0.06809750757457782	0.0	0.11012552618884446	0.0054070496318133964	0.0	OSD-147__Atha_Col-0_HypocotylCC_ARG1-KO_GC_Rep1	GC	BRIC	BRIC	hypocotyl	OSD-147	Col-0
0.2103538295185703	0.0	0.09001436095739895	0.07525767729543006	0.0	0.0	0.41641161999387194	0.02195671098258689	0.07086922842205777	0.0	0.11170592174367461	0.003430651086409568	0.0	OSD-147__Atha_Col-0_HypocotylCC_ARG1-KO_GC_Rep2	GC	BRIC	BRIC	hypocotyl	OSD-147	Col-0
0.21549949052188103	0.0	0.08578869931208989	0.07321335093173725	0.0	0.0	0.42137009185345636	0.02060286027192062	0.06803103718151228	0.0	0.11032660041489885	0.005167869512503631	0.0	OSD-147__Atha_Col-0_HypocotylCC_ARG1-KO_GC_Rep3	GC	BRIC	BRIC	hypocotyl	OSD-147	Col-0
0.2147430602178562	0.0	0.0876511656630118	0.06942811438344357	0.0	0.0003168823537342443	0.4207429769926965	0.020512761533081788	0.07270385809572757	0.0	0.11026797829606176	0.003633202464386712	0.0	OSD-147__Atha_Col-0_HypocotylCC_ARG1-KO_GC_Rep4	GC	BRIC	BRIC	hypocotyl	OSD-147	Col-0
0.21240119643457836	0.0	0.08006202638471896	0.07545909530934442	0.0	0.0052214596330784	0.41899150436621824	0.02220052271677851	0.06863200401596423	0.0	0.11072115162761656	0.006311039511702455	0.0	OSD-147__Atha_Col-0_HypocotylCC_WT_FLT_Rep1	FLT	BRIC	BRIC	hypocotyl	OSD-147	Col-0
0.21105687483575203	0.0	0.07956174026605646	0.07769483422910733	0.0	0.004017858089870437	0.4156231333465187	0.024560361144911353	0.06762133274415051	0.0	0.11315335239021011	0.006710512953423062	0.0	OSD-147__Atha_Col-0_HypocotylCC_WT_FLT_Rep2	FLT	BRIC	BRIC	hypocotyl	OSD-147	Col-0
0.21477705648682838	0.0	0.08368181225997236	0.07208253907689044	0.0	0.0049693997682276145	0.42155435653681567	0.022239931971753276	0.06590185698441899	0.0	0.10925880904518841	0.005534237869904886	0.0	OSD-147__Atha_Col-0_HypocotylCC_WT_FLT_Rep3	FLT	BRIC	BRIC	hypocotyl	OSD-147	Col-0
0.21244798639069876	0.0	0.09639923459399553	0.07586163862781899	0.0	0.0	0.4081773192986816	0.026964495099387985	0.0663340647495005	0.0	0.11381526123991684	0.0	0.0	OSD-147__Atha_Col-0_HypocotylCC_WT_FLT_Rep4	FLT	BRIC	BRIC	hypocotyl	OSD-147	Col-0
0.21285545854630317	0.0	0.07279299365479781	0.07904188176323586	0.0	0.0	0.41965730827876857	0.02130137190455608	0.0718901272663832	0.0	0.11802525604654689	0.004435602539408495	0.0	OSD-147__Atha_Col-0_HypocotylCC_WT_FLT_Rep5	FLT	BRIC	BRIC	hypocotyl	OSD-147	Col-0
0.2145697389207067	0.0	0.0730664487031374	0.07928762622015455	0.0	0.006324941341636423	0.4268231536371088	0.015408286307165385	0.06357985013109667	0.0	0.1118977752926789	0.009042179446315168	0.0	OSD-147__Atha_Col-0_HypocotylCC_WT_GC_Rep1	GC	BRIC	BRIC	hypocotyl	OSD-147	Col-0
0.21251260732526425	0.0	0.07344932733852987	0.08019749031410921	0.0	0.004419931469431804	0.4234387085175919	0.02097379904600971	0.06290911704517684	0.0	0.1121869024079982	0.009912116535888336	0.0	OSD-147__Atha_Col-0_HypocotylCC_WT_GC_Rep2	GC	BRIC	BRIC	hypocotyl	OSD-147	Col-0
0.215909474962389	0.0	0.07620267200431353	0.08072562845182762	0.0	0.005831911243257524	0.4205786960398176	0.01705476468302986	0.061973940962241	0.0	0.11253550610034746	0.009187405552776477	0.0	OSD-147__Atha_Col-0_HypocotylCC_WT_GC_Rep3	GC	BRIC	BRIC	hypocotyl	OSD-147	Col-0
0.21300999779545762	0.0	0.07746879949157513	0.07834611296894091	0.0	0.001264251053169394	0.4194544434684907	0.028611034831728815	0.06302026710215572	0.0	0.113742447578196	0.0050826457102856925	0.0	OSD-147__Atha_Col-0_HypocotylCC_WT_GC_Rep4	GC	BRIC	BRIC	hypocotyl	OSD-147	Col-0
0.21200894671793552	0.0	0.08275627931436697	0.07863680473124357	0.0	0.0	0.419915178276846	0.026502371281637575	0.06190312335306156	0.0	0.11597797630067064	0.0022993200242381385	0.0	OSD-147__Atha_Col-0_HypocotylCC_WT_GC_Rep5	GC	BRIC	BRIC	hypocotyl	OSD-147	Col-0
0.20939563304689054	0.0	0.08632604017803061	0.06940885105461916	0.0	0.002310682053098262	0.41385583014857813	0.022170430807194667	0.07875345716800079	0.0	0.10672911087259487	0.011049964670992904	0.0	OSD-205__Atha_Col-0_HypocotylCC_WT_FLT_Rep1	FLT	BRIC	BRIC	hypocotyl	OSD-205	Col-0
0.20875358517043816	0.0	0.0862243525638116	0.07165277033525987	0.0	0.0015801386934544788	0.41029123706909465	0.023685389748912582	0.07746205840943925	0.0	0.10880495128456211	0.011545516725027382	0.0	OSD-205__Atha_Col-0_HypocotylCC_WT_FLT_Rep2	FLT	BRIC	BRIC	hypocotyl	OSD-205	Col-0
0.21219796957444356	0.0	0.09055526063907123	0.06583918808352698	0.0	0.002513462592478135	0.41622146000202603	0.021331974555649173	0.07602203363902432	0.0	0.10478615868990042	0.010532492223880158	0.0	OSD-205__Atha_Col-0_HypocotylCC_WT_FLT_Rep3	FLT	BRIC	BRIC	hypocotyl	OSD-205	Col-0
0.2088928368593153	0.0	0.10322384851956322	0.06817805240773032	0.0	0.0	0.4040004739730937	0.024982161070461684	0.07969914259310379	0.0	0.11102348457673203	0.0	0.0	OSD-205__Atha_Col-0_HypocotylCC_WT_FLT_Rep4	FLT	BRIC	BRIC	hypocotyl	OSD-205	Col-0
0.20906264160032634	0.0	0.07854724762258344	0.07285819251115899	0.0	0.0	0.41586505901402065	0.018527277640045817	0.08192297305340522	0.0	0.11377011638758602	0.009446492170873363	0.0	OSD-205__Atha_Col-0_HypocotylCC_WT_FLT_Rep5	FLT	BRIC	BRIC	hypocotyl	OSD-205	Col-0
0.21135069380817204	0.0	0.07949864952713136	0.07368218333804784	0.0	0.003539236688471038	0.42207167656227706	0.014810901433579302	0.07255532454601528	0.0	0.10769648655084109	0.014794847545465185	0.0	OSD-205__Atha_Col-0_HypocotylCC_WT_GC_Rep1	GC	BRIC	BRIC	hypocotyl	OSD-205	Col-0
0.20932024839425986	0.0	0.07867651640810738	0.07515039203478731	0.0	0.002085844522111832	0.4196125247475042	0.01984794898981023	0.07208637145202425	0.0	0.10801394583674266	0.015206207614652247	0.0	OSD-205__Atha_Col-0_HypocotylCC_WT_GC_Rep2	GC	BRIC	BRIC	hypocotyl	OSD-205	Col-0
0.21321359407059556	0.0	0.08225912048126006	0.07592879601155698	0.0	0.0024661713337376335	0.4156640800454542	0.016421025435942857	0.07129220883381748	0.0	0.10873164261701394	0.014023361170621121	0.0	OSD-205__Atha_Col-0_HypocotylCC_WT_GC_Rep3	GC	BRIC	BRIC	hypocotyl	OSD-205	Col-0
0.21009884456194872	0.0	0.08398143014866127	0.07175179707394239	0.0	0.0	0.4142143498102689	0.027162632679779888	0.07341223043880944	0.0	0.10981124488736409	0.009567470399225241	0.0	OSD-205__Atha_Col-0_HypocotylCC_WT_GC_Rep4	GC	BRIC	BRIC	hypocotyl	OSD-205	Col-0
0.20813034652210752	0.0	0.08990328635795398	0.07194348157731115	0.0	0.0	0.4145732750226927	0.02430908033963826	0.07203305112808359	0.0	0.1123130577550646	0.0067944212971480485	0.0	OSD-205__Atha_Col-0_HypocotylCC_WT_GC_Rep5	GC	BRIC	BRIC	hypocotyl	OSD-205	Col-0
0.2058758482227213	0.0	0.10930466806815854	0.06756041771608189	0.0	0.0	0.40077438239849866	0.031123025908331253	0.07250474473804486	0.0	0.1062265327535253	0.006630380194638179	0.0	OSD-205__Atha_Col-0_HypocotylCC_HSFA2-KO_FLT_Rep1	FLT	BRIC	BRIC	hypocotyl	OSD-205	Col-0
0.20219924720407598	0.0	0.09731494378725851	0.06837511433038797	0.0	0.0	0.4032166615119237	0.03385777559122854	0.0817768580991425	0.0	0.11048727569934075	0.0027721237766423984	0.0	OSD-205__Atha_Col-0_HypocotylCC_HSFA2-KO_FLT_Rep2	FLT	BRIC	BRIC	hypocotyl	OSD-205	Col-0
0.2056759697133011	0.0	0.10221701464013379	0.0705482105970201	0.0	0.0	0.4000966613995167	0.03301812415369793	0.07071954684724163	0.0	0.10911231606088358	0.008612156588205098	0.0	OSD-205__Atha_Col-0_HypocotylCC_HSFA2-KO_FLT_Rep3	FLT	BRIC	BRIC	hypocotyl	OSD-205	Col-0
0.20639008524187696	0.0	0.07973592762612422	0.06673937178393431	0.0	0.0	0.41986645957073043	0.02192092880963555	0.07884561510328734	0.0	0.10699596095711861	0.019505650907292504	0.0	OSD-205__Atha_Col-0_HypocotylCC_HSFA2-KO_GC_Rep1	GC	BRIC	BRIC	hypocotyl	OSD-205	Col-0
0.20654800404219273	0.0	0.10067588521187135	0.0652146869210689	0.0	0.0	0.40882854228021864	0.027589377838449936	0.07622234596752064	0.0	0.10554739788160836	0.009373759857069579	0.0	OSD-205__Atha_Col-0_HypocotylCC_HSFA2-KO_GC_Rep2	GC	BRIC	BRIC	hypocotyl	OSD-205	Col-0
0.20805434759100175	0.0	0.09801152394252118	0.07198692645818287	0.0	0.0011632414526297364	0.40822750423139204	0.02649558539506664	0.06440537113432848	0.0	0.10455667867616952	0.017098821118707877	0.0	OSD-205__Atha_Col-0_HypocotylCC_HSFA2-KO_GC_Rep3	GC	BRIC	BRIC	hypocotyl	OSD-205	Col-0
