sample_name	ecotype	organ	flight	light	osd_id	omics_type	full_sample_id	hardware	cfd_hardware	gravity_key	cfd_scale	gravity_g	g_bl_mol_m2_s	delta_mm	sherwood	dC_CO2_mean_bl	o2_excess_ppm_bl	u_max	Ra_H2O	dC_H2O_mean	dC_H2O_peak	dC_CO2_mean	dC_CO2_peak	dC_O2_mean	dC_O2_peak	surf_dC_H2O_hw	surf_dC_CO2_hw	dishmean_CO2_hw	carbon_12h_pct_earth	A_start_umol_m2_s	A_end_umol_m2_s	net_assimilation_pct	co2_drawdown_mean_ppm	co2_drawdown_peak_ppm	o2_buildup_mean_ppm	enclosure_type	co2_depletion_min	co2_stress_hr	o2_hypoxia_days	earth_equiv_fan_cm_s	has_forced_airflow	fan_cm_s
Atha_Ws-2_sl-pool_FLT_Rep1_R1-FL-C1	WS	whole_seedling	FLT	unspecified	OSD-37	RNAseq	OSD-37__Atha_Ws-2_sl-pool_FLT_Rep1_R1-FL-C1	BRIC	BRIC	ug	rosette	0.0	0.291	2.29	8.8	-0.554	8.6	0.0	0	0.384	0.698	-0.554	-1.033	0.36	0.659	0.471	0.577	-0.256	1.0	3.82	0.0	96.5	13.2	24.7	8.6	sealed	7.0	9.4	6.5	11.0	0	0.0
Atha_Ler-0_sl-pool_FLT_Rep1_R1-FL-C2	Ler-0	whole_seedling	FLT	unspecified	OSD-37	RNAseq	OSD-37__Atha_Ler-0_sl-pool_FLT_Rep1_R1-FL-C2	BRIC	BRIC	ug	rosette	0.0	0.291	2.29	8.8	-0.554	8.6	0.0	0	0.384	0.698	-0.554	-1.033	0.36	0.659	0.471	0.577	-0.256	1.0	3.82	0.0	96.5	13.2	24.7	8.6	sealed	7.0	9.4	6.5	11.0	0	0.0
Atha_Cvi-0_sl-pool_FLT_Rep1_R1-FL-C3	Cvi-0	whole_seedling	FLT	unspecified	OSD-37	RNAseq	OSD-37__Atha_Cvi-0_sl-pool_FLT_Rep1_R1-FL-C3	BRIC	BRIC	ug	rosette	0.0	0.291	2.29	8.8	-0.554	8.6	0.0	0	0.384	0.698	-0.554	-1.033	0.36	0.659	0.471	0.577	-0.256	1.0	3.82	0.0	96.5	13.2	24.7	8.6	sealed	7.0	9.4	6.5	11.0	0	0.0
Atha_Ws-2_sl-pool_FLT_Rep2_R1-FL-C4	WS	whole_seedling	FLT	unspecified	OSD-37	RNAseq	OSD-37__Atha_Ws-2_sl-pool_FLT_Rep2_R1-FL-C4	BRIC	BRIC	ug	rosette	0.0	0.291	2.29	8.8	-0.554	8.6	0.0	0	0.384	0.698	-0.554	-1.033	0.36	0.659	0.471	0.577	-0.256	1.0	3.82	0.0	96.5	13.2	24.7	8.6	sealed	7.0	9.4	6.5	11.0	0	0.0
Atha_Ler-0_sl-pool_FLT_Rep2_R1-FL-C5	Ler-0	whole_seedling	FLT	unspecified	OSD-37	RNAseq	OSD-37__Atha_Ler-0_sl-pool_FLT_Rep2_R1-FL-C5	BRIC	BRIC	ug	rosette	0.0	0.291	2.29	8.8	-0.554	8.6	0.0	0	0.384	0.698	-0.554	-1.033	0.36	0.659	0.471	0.577	-0.256	1.0	3.82	0.0	96.5	13.2	24.7	8.6	sealed	7.0	9.4	6.5	11.0	0	0.0
Atha_Ws-2_sl-pool_FLT_Rep3_R1-FL-D1	WS	whole_seedling	FLT	unspecified	OSD-37	RNAseq	OSD-37__Atha_Ws-2_sl-pool_FLT_Rep3_R1-FL-D1	BRIC	BRIC	ug	rosette	0.0	0.291	2.29	8.8	-0.554	8.6	0.0	0	0.384	0.698	-0.554	-1.033	0.36	0.659	0.471	0.577	-0.256	1.0	3.82	0.0	96.5	13.2	24.7	8.6	sealed	7.0	9.4	6.5	11.0	0	0.0
Atha_Cvi-0_sl-pool_FLT_Rep2_R1-FL-D2	Cvi-0	whole_seedling	FLT	unspecified	OSD-37	RNAseq	OSD-37__Atha_Cvi-0_sl-pool_FLT_Rep2_R1-FL-D2	BRIC	BRIC	ug	rosette	0.0	0.291	2.29	8.8	-0.554	8.6	0.0	0	0.384	0.698	-0.554	-1.033	0.36	0.659	0.471	0.577	-0.256	1.0	3.82	0.0	96.5	13.2	24.7	8.6	sealed	7.0	9.4	6.5	11.0	0	0.0
Atha_Ler-0_sl-pool_FLT_Rep3_R1-FL-D3	Ler-0	whole_seedling	FLT	unspecified	OSD-37	RNAseq	OSD-37__Atha_Ler-0_sl-pool_FLT_Rep3_R1-FL-D3	BRIC	BRIC	ug	rosette	0.0	0.291	2.29	8.8	-0.554	8.6	0.0	0	0.384	0.698	-0.554	-1.033	0.36	0.659	0.471	0.577	-0.256	1.0	3.82	0.0	96.5	13.2	24.7	8.6	sealed	7.0	9.4	6.5	11.0	0	0.0
Atha_Ws-2_sl-pool_FLT_Rep4_R1-FL-D4	WS	whole_seedling	FLT	unspecified	OSD-37	RNAseq	OSD-37__Atha_Ws-2_sl-pool_FLT_Rep4_R1-FL-D4	BRIC	BRIC	ug	rosette	0.0	0.291	2.29	8.8	-0.554	8.6	0.0	0	0.384	0.698	-0.554	-1.033	0.36	0.659	0.471	0.577	-0.256	1.0	3.82	0.0	96.5	13.2	24.7	8.6	sealed	7.0	9.4	6.5	11.0	0	0.0
Atha_Cvi-0_sl-pool_FLT_Rep3_R1-FL-D5	Cvi-0	whole_seedling	FLT	unspecified	OSD-37	RNAseq	OSD-37__Atha_Cvi-0_sl-pool_FLT_Rep3_R1-FL-D5	BRIC	BRIC	ug	rosette	0.0	0.291	2.29	8.8	-0.554	8.6	0.0	0	0.384	0.698	-0.554	-1.033	0.36	0.659	0.471	0.577	-0.256	1.0	3.82	0.0	96.5	13.2	24.7	8.6	sealed	7.0	9.4	6.5	11.0	0	0.0
Atha_Ws-2_sl-pool_GC_Rep1_R1-GC-C1	WS	whole_seedling	GC	unspecified	OSD-37	RNAseq	OSD-37__Atha_Ws-2_sl-pool_GC_Rep1_R1-GC-C1	BRIC	BRIC	earth	rosette	9.81	0.54	1.23	16.4	-0.298	4.8	0.0458	62000	0.225	0.509	-0.298	-0.715	0.202	0.469	0.225	-0.298	0.0	100.0				7.1	17.1	4.8	sealed				11.0	0	0.0
Atha_Ler-0_sl-pool_GC_Rep1_R1-GC-C2	Ler-0	whole_seedling	GC	unspecified	OSD-37	RNAseq	OSD-37__Atha_Ler-0_sl-pool_GC_Rep1_R1-GC-C2	BRIC	BRIC	earth	rosette	9.81	0.54	1.23	16.4	-0.298	4.8	0.0458	62000	0.225	0.509	-0.298	-0.715	0.202	0.469	0.225	-0.298	0.0	100.0				7.1	17.1	4.8	sealed				11.0	0	0.0
Atha_Cvi-0_sl-pool_GC_Rep1_R1-GC-C3	Cvi-0	whole_seedling	GC	unspecified	OSD-37	RNAseq	OSD-37__Atha_Cvi-0_sl-pool_GC_Rep1_R1-GC-C3	BRIC	BRIC	earth	rosette	9.81	0.54	1.23	16.4	-0.298	4.8	0.0458	62000	0.225	0.509	-0.298	-0.715	0.202	0.469	0.225	-0.298	0.0	100.0				7.1	17.1	4.8	sealed				11.0	0	0.0
Atha_Ws-2_sl-pool_GC_Rep2_R1-GC-C4	WS	whole_seedling	GC	unspecified	OSD-37	RNAseq	OSD-37__Atha_Ws-2_sl-pool_GC_Rep2_R1-GC-C4	BRIC	BRIC	earth	rosette	9.81	0.54	1.23	16.4	-0.298	4.8	0.0458	62000	0.225	0.509	-0.298	-0.715	0.202	0.469	0.225	-0.298	0.0	100.0				7.1	17.1	4.8	sealed				11.0	0	0.0
Atha_Ler-0_sl-pool_GC_Rep2_R1-GC-C5	Ler-0	whole_seedling	GC	unspecified	OSD-37	RNAseq	OSD-37__Atha_Ler-0_sl-pool_GC_Rep2_R1-GC-C5	BRIC	BRIC	earth	rosette	9.81	0.54	1.23	16.4	-0.298	4.8	0.0458	62000	0.225	0.509	-0.298	-0.715	0.202	0.469	0.225	-0.298	0.0	100.0				7.1	17.1	4.8	sealed				11.0	0	0.0
Atha_Ws-2_sl-pool_GC_Rep3_R1-GC-D1	WS	whole_seedling	GC	unspecified	OSD-37	RNAseq	OSD-37__Atha_Ws-2_sl-pool_GC_Rep3_R1-GC-D1	BRIC	BRIC	earth	rosette	9.81	0.54	1.23	16.4	-0.298	4.8	0.0458	62000	0.225	0.509	-0.298	-0.715	0.202	0.469	0.225	-0.298	0.0	100.0				7.1	17.1	4.8	sealed				11.0	0	0.0
Atha_Cvi-0_sl-pool_GC_Rep2_R1-GC-D2	Cvi-0	whole_seedling	GC	unspecified	OSD-37	RNAseq	OSD-37__Atha_Cvi-0_sl-pool_GC_Rep2_R1-GC-D2	BRIC	BRIC	earth	rosette	9.81	0.54	1.23	16.4	-0.298	4.8	0.0458	62000	0.225	0.509	-0.298	-0.715	0.202	0.469	0.225	-0.298	0.0	100.0				7.1	17.1	4.8	sealed				11.0	0	0.0
Atha_Ler-0_sl-pool_GC_Rep3_R1-GC-D3	Ler-0	whole_seedling	GC	unspecified	OSD-37	RNAseq	OSD-37__Atha_Ler-0_sl-pool_GC_Rep3_R1-GC-D3	BRIC	BRIC	earth	rosette	9.81	0.54	1.23	16.4	-0.298	4.8	0.0458	62000	0.225	0.509	-0.298	-0.715	0.202	0.469	0.225	-0.298	0.0	100.0				7.1	17.1	4.8	sealed				11.0	0	0.0
Atha_Ws-2_sl-pool_GC_Rep4_R1-GC-D4	WS	whole_seedling	GC	unspecified	OSD-37	RNAseq	OSD-37__Atha_Ws-2_sl-pool_GC_Rep4_R1-GC-D4	BRIC	BRIC	earth	rosette	9.81	0.54	1.23	16.4	-0.298	4.8	0.0458	62000	0.225	0.509	-0.298	-0.715	0.202	0.469	0.225	-0.298	0.0	100.0				7.1	17.1	4.8	sealed				11.0	0	0.0
Atha_Cvi-0_sl-pool_GC_Rep3_R1-GC-D5	Cvi-0	whole_seedling	GC	unspecified	OSD-37	RNAseq	OSD-37__Atha_Cvi-0_sl-pool_GC_Rep3_R1-GC-D5	BRIC	BRIC	earth	rosette	9.81	0.54	1.23	16.4	-0.298	4.8	0.0458	62000	0.225	0.509	-0.298	-0.715	0.202	0.469	0.225	-0.298	0.0	100.0				7.1	17.1	4.8	sealed				11.0	0	0.0
Atha_Ws-2_sl-pool_FLT_Rep5_R2-FL-C1	WS	whole_seedling	FLT	unspecified	OSD-37	RNAseq	OSD-37__Atha_Ws-2_sl-pool_FLT_Rep5_R2-FL-C1	BRIC	BRIC	ug	rosette	0.0	0.291	2.29	8.8	-0.554	8.6	0.0	0	0.384	0.698	-0.554	-1.033	0.36	0.659	0.471	0.577	-0.256	1.0	3.82	0.0	96.5	13.2	24.7	8.6	sealed	7.0	9.4	6.5	11.0	0	0.0
Atha_Ler-0_sl-pool_FLT_Rep4_R2-FL-C2	Ler-0	whole_seedling	FLT	unspecified	OSD-37	RNAseq	OSD-37__Atha_Ler-0_sl-pool_FLT_Rep4_R2-FL-C2	BRIC	BRIC	ug	rosette	0.0	0.291	2.29	8.8	-0.554	8.6	0.0	0	0.384	0.698	-0.554	-1.033	0.36	0.659	0.471	0.577	-0.256	1.0	3.82	0.0	96.5	13.2	24.7	8.6	sealed	7.0	9.4	6.5	11.0	0	0.0
Atha_Cvi-0_sl-pool_FLT_Rep4_R2-FL-C3	Cvi-0	whole_seedling	FLT	unspecified	OSD-37	RNAseq	OSD-37__Atha_Cvi-0_sl-pool_FLT_Rep4_R2-FL-C3	BRIC	BRIC	ug	rosette	0.0	0.291	2.29	8.8	-0.554	8.6	0.0	0	0.384	0.698	-0.554	-1.033	0.36	0.659	0.471	0.577	-0.256	1.0	3.82	0.0	96.5	13.2	24.7	8.6	sealed	7.0	9.4	6.5	11.0	0	0.0
Atha_Ws-2_sl-pool_FLT_Rep6_R2-FL-C4	WS	whole_seedling	FLT	unspecified	OSD-37	RNAseq	OSD-37__Atha_Ws-2_sl-pool_FLT_Rep6_R2-FL-C4	BRIC	BRIC	ug	rosette	0.0	0.291	2.29	8.8	-0.554	8.6	0.0	0	0.384	0.698	-0.554	-1.033	0.36	0.659	0.471	0.577	-0.256	1.0	3.82	0.0	96.5	13.2	24.7	8.6	sealed	7.0	9.4	6.5	11.0	0	0.0
Atha_Ler-0_sl-pool_FLT_Rep5_R2-FL-C5	Ler-0	whole_seedling	FLT	unspecified	OSD-37	RNAseq	OSD-37__Atha_Ler-0_sl-pool_FLT_Rep5_R2-FL-C5	BRIC	BRIC	ug	rosette	0.0	0.291	2.29	8.8	-0.554	8.6	0.0	0	0.384	0.698	-0.554	-1.033	0.36	0.659	0.471	0.577	-0.256	1.0	3.82	0.0	96.5	13.2	24.7	8.6	sealed	7.0	9.4	6.5	11.0	0	0.0
Atha_Ws-2_sl-pool_FLT_Rep7_R2-FL-D1	WS	whole_seedling	FLT	unspecified	OSD-37	RNAseq	OSD-37__Atha_Ws-2_sl-pool_FLT_Rep7_R2-FL-D1	BRIC	BRIC	ug	rosette	0.0	0.291	2.29	8.8	-0.554	8.6	0.0	0	0.384	0.698	-0.554	-1.033	0.36	0.659	0.471	0.577	-0.256	1.0	3.82	0.0	96.5	13.2	24.7	8.6	sealed	7.0	9.4	6.5	11.0	0	0.0
Atha_Cvi-0_sl-pool_FLT_Rep5_R2-FL-D2	Cvi-0	whole_seedling	FLT	unspecified	OSD-37	RNAseq	OSD-37__Atha_Cvi-0_sl-pool_FLT_Rep5_R2-FL-D2	BRIC	BRIC	ug	rosette	0.0	0.291	2.29	8.8	-0.554	8.6	0.0	0	0.384	0.698	-0.554	-1.033	0.36	0.659	0.471	0.577	-0.256	1.0	3.82	0.0	96.5	13.2	24.7	8.6	sealed	7.0	9.4	6.5	11.0	0	0.0
Atha_Ler-0_sl-pool_FLT_Rep6_R2-FL-D3	Ler-0	whole_seedling	FLT	unspecified	OSD-37	RNAseq	OSD-37__Atha_Ler-0_sl-pool_FLT_Rep6_R2-FL-D3	BRIC	BRIC	ug	rosette	0.0	0.291	2.29	8.8	-0.554	8.6	0.0	0	0.384	0.698	-0.554	-1.033	0.36	0.659	0.471	0.577	-0.256	1.0	3.82	0.0	96.5	13.2	24.7	8.6	sealed	7.0	9.4	6.5	11.0	0	0.0
Atha_Ws-2_sl-pool_FLT_Rep8_R2-FL-D4	WS	whole_seedling	FLT	unspecified	OSD-37	RNAseq	OSD-37__Atha_Ws-2_sl-pool_FLT_Rep8_R2-FL-D4	BRIC	BRIC	ug	rosette	0.0	0.291	2.29	8.8	-0.554	8.6	0.0	0	0.384	0.698	-0.554	-1.033	0.36	0.659	0.471	0.577	-0.256	1.0	3.82	0.0	96.5	13.2	24.7	8.6	sealed	7.0	9.4	6.5	11.0	0	0.0
Atha_Cvi-0_sl-pool_FLT_Rep6_R2-FL-D5	Cvi-0	whole_seedling	FLT	unspecified	OSD-37	RNAseq	OSD-37__Atha_Cvi-0_sl-pool_FLT_Rep6_R2-FL-D5	BRIC	BRIC	ug	rosette	0.0	0.291	2.29	8.8	-0.554	8.6	0.0	0	0.384	0.698	-0.554	-1.033	0.36	0.659	0.471	0.577	-0.256	1.0	3.82	0.0	96.5	13.2	24.7	8.6	sealed	7.0	9.4	6.5	11.0	0	0.0
Atha_Ws-2_sl-pool_GC_Rep5_R2-GC-C1	WS	whole_seedling	GC	unspecified	OSD-37	RNAseq	OSD-37__Atha_Ws-2_sl-pool_GC_Rep5_R2-GC-C1	BRIC	BRIC	earth	rosette	9.81	0.54	1.23	16.4	-0.298	4.8	0.0458	62000	0.225	0.509	-0.298	-0.715	0.202	0.469	0.225	-0.298	0.0	100.0				7.1	17.1	4.8	sealed				11.0	0	0.0
Atha_Ler-0_sl-pool_GC_Rep4_R2-GC-C2	Ler-0	whole_seedling	GC	unspecified	OSD-37	RNAseq	OSD-37__Atha_Ler-0_sl-pool_GC_Rep4_R2-GC-C2	BRIC	BRIC	earth	rosette	9.81	0.54	1.23	16.4	-0.298	4.8	0.0458	62000	0.225	0.509	-0.298	-0.715	0.202	0.469	0.225	-0.298	0.0	100.0				7.1	17.1	4.8	sealed				11.0	0	0.0
Atha_Cvi-0_sl-pool_GC_Rep4_R2-GC-C3	Cvi-0	whole_seedling	GC	unspecified	OSD-37	RNAseq	OSD-37__Atha_Cvi-0_sl-pool_GC_Rep4_R2-GC-C3	BRIC	BRIC	earth	rosette	9.81	0.54	1.23	16.4	-0.298	4.8	0.0458	62000	0.225	0.509	-0.298	-0.715	0.202	0.469	0.225	-0.298	0.0	100.0				7.1	17.1	4.8	sealed				11.0	0	0.0
Atha_Ws-2_sl-pool_GC_Rep6_R2-GC-C4	WS	whole_seedling	GC	unspecified	OSD-37	RNAseq	OSD-37__Atha_Ws-2_sl-pool_GC_Rep6_R2-GC-C4	BRIC	BRIC	earth	rosette	9.81	0.54	1.23	16.4	-0.298	4.8	0.0458	62000	0.225	0.509	-0.298	-0.715	0.202	0.469	0.225	-0.298	0.0	100.0				7.1	17.1	4.8	sealed				11.0	0	0.0
Atha_Ler-0_sl-pool_GC_Rep5_R2-GC-C5	Ler-0	whole_seedling	GC	unspecified	OSD-37	RNAseq	OSD-37__Atha_Ler-0_sl-pool_GC_Rep5_R2-GC-C5	BRIC	BRIC	earth	rosette	9.81	0.54	1.23	16.4	-0.298	4.8	0.0458	62000	0.225	0.509	-0.298	-0.715	0.202	0.469	0.225	-0.298	0.0	100.0				7.1	17.1	4.8	sealed				11.0	0	0.0
Atha_Ws-2_sl-pool_GC_Rep7_R2-GC-D1	WS	whole_seedling	GC	unspecified	OSD-37	RNAseq	OSD-37__Atha_Ws-2_sl-pool_GC_Rep7_R2-GC-D1	BRIC	BRIC	earth	rosette	9.81	0.54	1.23	16.4	-0.298	4.8	0.0458	62000	0.225	0.509	-0.298	-0.715	0.202	0.469	0.225	-0.298	0.0	100.0				7.1	17.1	4.8	sealed				11.0	0	0.0
Atha_Cvi-0_sl-pool_GC_Rep5_R2-GC-D2	Cvi-0	whole_seedling	GC	unspecified	OSD-37	RNAseq	OSD-37__Atha_Cvi-0_sl-pool_GC_Rep5_R2-GC-D2	BRIC	BRIC	earth	rosette	9.81	0.54	1.23	16.4	-0.298	4.8	0.0458	62000	0.225	0.509	-0.298	-0.715	0.202	0.469	0.225	-0.298	0.0	100.0				7.1	17.1	4.8	sealed				11.0	0	0.0
Atha_Ler-0_sl-pool_GC_Rep6_R2-GC-D3	Ler-0	whole_seedling	GC	unspecified	OSD-37	RNAseq	OSD-37__Atha_Ler-0_sl-pool_GC_Rep6_R2-GC-D3	BRIC	BRIC	earth	rosette	9.81	0.54	1.23	16.4	-0.298	4.8	0.0458	62000	0.225	0.509	-0.298	-0.715	0.202	0.469	0.225	-0.298	0.0	100.0				7.1	17.1	4.8	sealed				11.0	0	0.0
Atha_Ws-2_sl-pool_GC_Rep8_R2-GC-D4	WS	whole_seedling	GC	unspecified	OSD-37	RNAseq	OSD-37__Atha_Ws-2_sl-pool_GC_Rep8_R2-GC-D4	BRIC	BRIC	earth	rosette	9.81	0.54	1.23	16.4	-0.298	4.8	0.0458	62000	0.225	0.509	-0.298	-0.715	0.202	0.469	0.225	-0.298	0.0	100.0				7.1	17.1	4.8	sealed				11.0	0	0.0
Atha_Cvi-0_sl-pool_GC_Rep6_R2-GC-D5	Cvi-0	whole_seedling	GC	unspecified	OSD-37	RNAseq	OSD-37__Atha_Cvi-0_sl-pool_GC_Rep6_R2-GC-D5	BRIC	BRIC	earth	rosette	9.81	0.54	1.23	16.4	-0.298	4.8	0.0458	62000	0.225	0.509	-0.298	-0.715	0.202	0.469	0.225	-0.298	0.0	100.0				7.1	17.1	4.8	sealed				11.0	0	0.0
Atha_Col-0_sl-pool_FLT_Rep1_R1-FL-A1	Col-0	whole_seedling	FLT	light	OSD-37	RNAseq	OSD-37__Atha_Col-0_sl-pool_FLT_Rep1_R1-FL-A1	BRIC	BRIC	ug	rosette	0.0	0.291	2.29	8.8	-0.554	8.6	0.0	0	0.384	0.698	-0.554	-1.033	0.36	0.659	0.471	0.577	-0.256	1.0	3.82	0.0	96.5	13.2	24.7	8.6	sealed	7.0	9.4	6.5	11.0	0	0.0
Atha_Col-0_sl-pool_FLT_Rep2_R1-FL-A4	Col-0	whole_seedling	FLT	light	OSD-37	RNAseq	OSD-37__Atha_Col-0_sl-pool_FLT_Rep2_R1-FL-A4	BRIC	BRIC	ug	rosette	0.0	0.291	2.29	8.8	-0.554	8.6	0.0	0	0.384	0.698	-0.554	-1.033	0.36	0.659	0.471	0.577	-0.256	1.0	3.82	0.0	96.5	13.2	24.7	8.6	sealed	7.0	9.4	6.5	11.0	0	0.0
Atha_Col-0_sl-pool_FLT_Rep3_R1-FL-B1	Col-0	whole_seedling	FLT	light	OSD-37	RNAseq	OSD-37__Atha_Col-0_sl-pool_FLT_Rep3_R1-FL-B1	BRIC	BRIC	ug	rosette	0.0	0.291	2.29	8.8	-0.554	8.6	0.0	0	0.384	0.698	-0.554	-1.033	0.36	0.659	0.471	0.577	-0.256	1.0	3.82	0.0	96.5	13.2	24.7	8.6	sealed	7.0	9.4	6.5	11.0	0	0.0
Atha_Col-0_sl-pool_FLT_Rep4_R1-FL-B4	Col-0	whole_seedling	FLT	light	OSD-37	RNAseq	OSD-37__Atha_Col-0_sl-pool_FLT_Rep4_R1-FL-B4	BRIC	BRIC	ug	rosette	0.0	0.291	2.29	8.8	-0.554	8.6	0.0	0	0.384	0.698	-0.554	-1.033	0.36	0.659	0.471	0.577	-0.256	1.0	3.82	0.0	96.5	13.2	24.7	8.6	sealed	7.0	9.4	6.5	11.0	0	0.0
Atha_Col-0_sl-pool_GC_Rep1_R1-GC-A1	Col-0	whole_seedling	GC	light	OSD-37	RNAseq	OSD-37__Atha_Col-0_sl-pool_GC_Rep1_R1-GC-A1	BRIC	BRIC	earth	rosette	9.81	0.54	1.23	16.4	-0.298	4.8	0.0458	62000	0.225	0.509	-0.298	-0.715	0.202	0.469	0.225	-0.298	0.0	100.0				7.1	17.1	4.8	sealed				11.0	0	0.0
Atha_Col-0_sl-pool_GC_Rep2_R1-GC-A4	Col-0	whole_seedling	GC	light	OSD-37	RNAseq	OSD-37__Atha_Col-0_sl-pool_GC_Rep2_R1-GC-A4	BRIC	BRIC	earth	rosette	9.81	0.54	1.23	16.4	-0.298	4.8	0.0458	62000	0.225	0.509	-0.298	-0.715	0.202	0.469	0.225	-0.298	0.0	100.0				7.1	17.1	4.8	sealed				11.0	0	0.0
Atha_Col-0_sl-pool_GC_Rep3_R1-GC-B1	Col-0	whole_seedling	GC	light	OSD-37	RNAseq	OSD-37__Atha_Col-0_sl-pool_GC_Rep3_R1-GC-B1	BRIC	BRIC	earth	rosette	9.81	0.54	1.23	16.4	-0.298	4.8	0.0458	62000	0.225	0.509	-0.298	-0.715	0.202	0.469	0.225	-0.298	0.0	100.0				7.1	17.1	4.8	sealed				11.0	0	0.0
Atha_Col-0_sl-pool_GC_Rep4_R1-GC-B4	Col-0	whole_seedling	GC	light	OSD-37	RNAseq	OSD-37__Atha_Col-0_sl-pool_GC_Rep4_R1-GC-B4	BRIC	BRIC	earth	rosette	9.81	0.54	1.23	16.4	-0.298	4.8	0.0458	62000	0.225	0.509	-0.298	-0.715	0.202	0.469	0.225	-0.298	0.0	100.0				7.1	17.1	4.8	sealed				11.0	0	0.0
Atha_Col-0_sl-pool_FLT_Rep5_R2-FL-A1	Col-0	whole_seedling	FLT	light	OSD-37	RNAseq	OSD-37__Atha_Col-0_sl-pool_FLT_Rep5_R2-FL-A1	BRIC	BRIC	ug	rosette	0.0	0.291	2.29	8.8	-0.554	8.6	0.0	0	0.384	0.698	-0.554	-1.033	0.36	0.659	0.471	0.577	-0.256	1.0	3.82	0.0	96.5	13.2	24.7	8.6	sealed	7.0	9.4	6.5	11.0	0	0.0
Atha_Col-0_sl-pool_FLT_Rep6_R2-FL-A4	Col-0	whole_seedling	FLT	light	OSD-37	RNAseq	OSD-37__Atha_Col-0_sl-pool_FLT_Rep6_R2-FL-A4	BRIC	BRIC	ug	rosette	0.0	0.291	2.29	8.8	-0.554	8.6	0.0	0	0.384	0.698	-0.554	-1.033	0.36	0.659	0.471	0.577	-0.256	1.0	3.82	0.0	96.5	13.2	24.7	8.6	sealed	7.0	9.4	6.5	11.0	0	0.0
Atha_Col-0_sl-pool_FLT_Rep7_R2-FL-B1	Col-0	whole_seedling	FLT	light	OSD-37	RNAseq	OSD-37__Atha_Col-0_sl-pool_FLT_Rep7_R2-FL-B1	BRIC	BRIC	ug	rosette	0.0	0.291	2.29	8.8	-0.554	8.6	0.0	0	0.384	0.698	-0.554	-1.033	0.36	0.659	0.471	0.577	-0.256	1.0	3.82	0.0	96.5	13.2	24.7	8.6	sealed	7.0	9.4	6.5	11.0	0	0.0
Atha_Col-0_sl-pool_FLT_Rep8_R2-FL-B4	Col-0	whole_seedling	FLT	light	OSD-37	RNAseq	OSD-37__Atha_Col-0_sl-pool_FLT_Rep8_R2-FL-B4	BRIC	BRIC	ug	rosette	0.0	0.291	2.29	8.8	-0.554	8.6	0.0	0	0.384	0.698	-0.554	-1.033	0.36	0.659	0.471	0.577	-0.256	1.0	3.82	0.0	96.5	13.2	24.7	8.6	sealed	7.0	9.4	6.5	11.0	0	0.0
Atha_Col-0_sl-pool_GC_Rep5_R2-GC-A1	Col-0	whole_seedling	GC	light	OSD-37	RNAseq	OSD-37__Atha_Col-0_sl-pool_GC_Rep5_R2-GC-A1	BRIC	BRIC	earth	rosette	9.81	0.54	1.23	16.4	-0.298	4.8	0.0458	62000	0.225	0.509	-0.298	-0.715	0.202	0.469	0.225	-0.298	0.0	100.0				7.1	17.1	4.8	sealed				11.0	0	0.0
Atha_Col-0_sl-pool_GC_Rep6_R2-GC-A4	Col-0	whole_seedling	GC	light	OSD-37	RNAseq	OSD-37__Atha_Col-0_sl-pool_GC_Rep6_R2-GC-A4	BRIC	BRIC	earth	rosette	9.81	0.54	1.23	16.4	-0.298	4.8	0.0458	62000	0.225	0.509	-0.298	-0.715	0.202	0.469	0.225	-0.298	0.0	100.0				7.1	17.1	4.8	sealed				11.0	0	0.0
Atha_Col-0_sl-pool_GC_Rep7_R2-GC-B1	Col-0	whole_seedling	GC	light	OSD-37	RNAseq	OSD-37__Atha_Col-0_sl-pool_GC_Rep7_R2-GC-B1	BRIC	BRIC	earth	rosette	9.81	0.54	1.23	16.4	-0.298	4.8	0.0458	62000	0.225	0.509	-0.298	-0.715	0.202	0.469	0.225	-0.298	0.0	100.0				7.1	17.1	4.8	sealed				11.0	0	0.0
Atha_Col-0_sl-pool_GC_Rep8_R2-GC-B4	Col-0	whole_seedling	GC	light	OSD-37	RNAseq	OSD-37__Atha_Col-0_sl-pool_GC_Rep8_R2-GC-B4	BRIC	BRIC	earth	rosette	9.81	0.54	1.23	16.4	-0.298	4.8	0.0458	62000	0.225	0.509	-0.298	-0.715	0.202	0.469	0.225	-0.298	0.0	100.0				7.1	17.1	4.8	sealed				11.0	0	0.0
Atha_Col-0_root_GC_Alight_Rep1_GSM2493759_Day13	Col-0	root	GC	light	OSD-120	RNAseq	OSD-120__Atha_Col-0_root_GC_Alight_Rep1_GSM2493759_Day13	CARA	CARA	earth	leaf	9.81	1.0	0.67	22.5	-0.161	2.7	0.0461	14000	0.128	0.188	-0.161	-0.246	0.113	0.169	0.128	-0.161	0.0	100.0			98.9	3.8	5.9	2.7	semi-permeable				2.8	0	0.0
Atha_Col-0_root_GC_Alight_Rep2_GSM2493760_Day13	Col-0	root	GC	light	OSD-120	RNAseq	OSD-120__Atha_Col-0_root_GC_Alight_Rep2_GSM2493760_Day13	CARA	CARA	earth	leaf	9.81	1.0	0.67	22.5	-0.161	2.7	0.0461	14000	0.128	0.188	-0.161	-0.246	0.113	0.169	0.128	-0.161	0.0	100.0			98.9	3.8	5.9	2.7	semi-permeable				2.8	0	0.0
Atha_Ws_root_GC_Alight_Rep1_GSM2493762_Day13	WS	root	GC	light	OSD-120	RNAseq	OSD-120__Atha_Ws_root_GC_Alight_Rep1_GSM2493762_Day13	CARA	CARA	earth	leaf	9.81	1.0	0.67	22.5	-0.161	2.7	0.0461	14000	0.128	0.188	-0.161	-0.246	0.113	0.169	0.128	-0.161	0.0	100.0			98.9	3.8	5.9	2.7	semi-permeable				2.8	0	0.0
Atha_Ws_root_GC_Alight_Rep2_GSM2493763_Day13	WS	root	GC	light	OSD-120	RNAseq	OSD-120__Atha_Ws_root_GC_Alight_Rep2_GSM2493763_Day13	CARA	CARA	earth	leaf	9.81	1.0	0.67	22.5	-0.161	2.7	0.0461	14000	0.128	0.188	-0.161	-0.246	0.113	0.169	0.128	-0.161	0.0	100.0			98.9	3.8	5.9	2.7	semi-permeable				2.8	0	0.0
Atha_Ws_root_GC_Alight_Rep3_GSM2493764_Day13	WS	root	GC	light	OSD-120	RNAseq	OSD-120__Atha_Ws_root_GC_Alight_Rep3_GSM2493764_Day13	CARA	CARA	earth	leaf	9.81	1.0	0.67	22.5	-0.161	2.7	0.0461	14000	0.128	0.188	-0.161	-0.246	0.113	0.169	0.128	-0.161	0.0	100.0			98.9	3.8	5.9	2.7	semi-permeable				2.8	0	0.0
Atha_Col-0-PhyD_root_GC_Alight_Rep1_GSM2493765_Day13	Col-0	root	GC	light	OSD-120	RNAseq	OSD-120__Atha_Col-0-PhyD_root_GC_Alight_Rep1_GSM2493765_Day13	CARA	CARA	earth	leaf	9.81	1.0	0.67	22.5	-0.161	2.7	0.0461	14000	0.128	0.188	-0.161	-0.246	0.113	0.169	0.128	-0.161	0.0	100.0			98.9	3.8	5.9	2.7	semi-permeable				2.8	0	0.0
Atha_Col-0-PhyD_root_GC_Alight_Rep2_GSM2493766_Day13	Col-0	root	GC	light	OSD-120	RNAseq	OSD-120__Atha_Col-0-PhyD_root_GC_Alight_Rep2_GSM2493766_Day13	CARA	CARA	earth	leaf	9.81	1.0	0.67	22.5	-0.161	2.7	0.0461	14000	0.128	0.188	-0.161	-0.246	0.113	0.169	0.128	-0.161	0.0	100.0			98.9	3.8	5.9	2.7	semi-permeable				2.8	0	0.0
Atha_Col-0-PhyD_root_GC_Alight_Rep3_GSM2493767_Day13	Col-0	root	GC	light	OSD-120	RNAseq	OSD-120__Atha_Col-0-PhyD_root_GC_Alight_Rep3_GSM2493767_Day13	CARA	CARA	earth	leaf	9.81	1.0	0.67	22.5	-0.161	2.7	0.0461	14000	0.128	0.188	-0.161	-0.246	0.113	0.169	0.128	-0.161	0.0	100.0			98.9	3.8	5.9	2.7	semi-permeable				2.8	0	0.0
Atha_Col-0_root_GC_dark_Rep1_GSM2493768_Day13	Col-0	root	GC	dark	OSD-120	RNAseq	OSD-120__Atha_Col-0_root_GC_dark_Rep1_GSM2493768_Day13	CARA	CARA	earth	leaf	9.81	1.0	0.67	22.5	-0.161	2.7	0.0461	14000	0.128	0.188	-0.161	-0.246	0.113	0.169	0.128	-0.161	0.0	100.0			98.9	3.8	5.9	2.7	semi-permeable				2.8	0	0.0
Atha_Col-0_root_GC_dark_Rep2_GSM2493769_Day13	Col-0	root	GC	dark	OSD-120	RNAseq	OSD-120__Atha_Col-0_root_GC_dark_Rep2_GSM2493769_Day13	CARA	CARA	earth	leaf	9.81	1.0	0.67	22.5	-0.161	2.7	0.0461	14000	0.128	0.188	-0.161	-0.246	0.113	0.169	0.128	-0.161	0.0	100.0			98.9	3.8	5.9	2.7	semi-permeable				2.8	0	0.0
Atha_Col-0_root_GC_dark_Rep3_GSM2493770_Day13	Col-0	root	GC	dark	OSD-120	RNAseq	OSD-120__Atha_Col-0_root_GC_dark_Rep3_GSM2493770_Day13	CARA	CARA	earth	leaf	9.81	1.0	0.67	22.5	-0.161	2.7	0.0461	14000	0.128	0.188	-0.161	-0.246	0.113	0.169	0.128	-0.161	0.0	100.0			98.9	3.8	5.9	2.7	semi-permeable				2.8	0	0.0
Atha_Ws_root_GC_dark_Rep1_GSM2493771_Day13	WS	root	GC	dark	OSD-120	RNAseq	OSD-120__Atha_Ws_root_GC_dark_Rep1_GSM2493771_Day13	CARA	CARA	earth	leaf	9.81	1.0	0.67	22.5	-0.161	2.7	0.0461	14000	0.128	0.188	-0.161	-0.246	0.113	0.169	0.128	-0.161	0.0	100.0			98.9	3.8	5.9	2.7	semi-permeable				2.8	0	0.0
Atha_Ws_root_GC_dark_Rep2_GSM2493772_Day13	WS	root	GC	dark	OSD-120	RNAseq	OSD-120__Atha_Ws_root_GC_dark_Rep2_GSM2493772_Day13	CARA	CARA	earth	leaf	9.81	1.0	0.67	22.5	-0.161	2.7	0.0461	14000	0.128	0.188	-0.161	-0.246	0.113	0.169	0.128	-0.161	0.0	100.0			98.9	3.8	5.9	2.7	semi-permeable				2.8	0	0.0
Atha_Ws_root_GC_dark_Rep3_GSM2493773_Day13	WS	root	GC	dark	OSD-120	RNAseq	OSD-120__Atha_Ws_root_GC_dark_Rep3_GSM2493773_Day13	CARA	CARA	earth	leaf	9.81	1.0	0.67	22.5	-0.161	2.7	0.0461	14000	0.128	0.188	-0.161	-0.246	0.113	0.169	0.128	-0.161	0.0	100.0			98.9	3.8	5.9	2.7	semi-permeable				2.8	0	0.0
Atha_Col-0-PhyD_root_GC_dark_Rep1_GSM2493774_Day13	Col-0	root	GC	dark	OSD-120	RNAseq	OSD-120__Atha_Col-0-PhyD_root_GC_dark_Rep1_GSM2493774_Day13	CARA	CARA	earth	leaf	9.81	1.0	0.67	22.5	-0.161	2.7	0.0461	14000	0.128	0.188	-0.161	-0.246	0.113	0.169	0.128	-0.161	0.0	100.0			98.9	3.8	5.9	2.7	semi-permeable				2.8	0	0.0
Atha_Col-0-PhyD_root_GC_dark_Rep2_GSM2493775_Day13	Col-0	root	GC	dark	OSD-120	RNAseq	OSD-120__Atha_Col-0-PhyD_root_GC_dark_Rep2_GSM2493775_Day13	CARA	CARA	earth	leaf	9.81	1.0	0.67	22.5	-0.161	2.7	0.0461	14000	0.128	0.188	-0.161	-0.246	0.113	0.169	0.128	-0.161	0.0	100.0			98.9	3.8	5.9	2.7	semi-permeable				2.8	0	0.0
Atha_Col-0-PhyD_root_GC_dark_Rep3_GSM2493776_Day13	Col-0	root	GC	dark	OSD-120	RNAseq	OSD-120__Atha_Col-0-PhyD_root_GC_dark_Rep3_GSM2493776_Day13	CARA	CARA	earth	leaf	9.81	1.0	0.67	22.5	-0.161	2.7	0.0461	14000	0.128	0.188	-0.161	-0.246	0.113	0.169	0.128	-0.161	0.0	100.0			98.9	3.8	5.9	2.7	semi-permeable				2.8	0	0.0
Atha_Col-0_root_FLT_Alight_Rep1_GSM2493777_Day13	Col-0	root	FLT	light	OSD-120	RNAseq	OSD-120__Atha_Col-0_root_FLT_Alight_Rep1_GSM2493777_Day13	CARA	CARA	ug	leaf	0.0	0.494	1.35	11.1	-0.326	5.1	0.0	0	0.231	0.263	-0.326	-0.373	0.215	0.245	0.232	0.306	-0.086	90.0	3.82	3.47	98.0	7.8	8.9	5.1	semi-permeable				2.8	0	0.0
Atha_Col-0_root_FLT_Alight_Rep2_GSM2493778_Day13	Col-0	root	FLT	light	OSD-120	RNAseq	OSD-120__Atha_Col-0_root_FLT_Alight_Rep2_GSM2493778_Day13	CARA	CARA	ug	leaf	0.0	0.494	1.35	11.1	-0.326	5.1	0.0	0	0.231	0.263	-0.326	-0.373	0.215	0.245	0.232	0.306	-0.086	90.0	3.82	3.47	98.0	7.8	8.9	5.1	semi-permeable				2.8	0	0.0
Atha_Col-0_root_FLT_Alight_Rep3_GSM2493779_Day13	Col-0	root	FLT	light	OSD-120	RNAseq	OSD-120__Atha_Col-0_root_FLT_Alight_Rep3_GSM2493779_Day13	CARA	CARA	ug	leaf	0.0	0.494	1.35	11.1	-0.326	5.1	0.0	0	0.231	0.263	-0.326	-0.373	0.215	0.245	0.232	0.306	-0.086	90.0	3.82	3.47	98.0	7.8	8.9	5.1	semi-permeable				2.8	0	0.0
Atha_Ws_root_FLT_Alight_Rep1_GSM2493780_Day13	WS	root	FLT	light	OSD-120	RNAseq	OSD-120__Atha_Ws_root_FLT_Alight_Rep1_GSM2493780_Day13	CARA	CARA	ug	leaf	0.0	0.494	1.35	11.1	-0.326	5.1	0.0	0	0.231	0.263	-0.326	-0.373	0.215	0.245	0.232	0.306	-0.086	90.0	3.82	3.47	98.0	7.8	8.9	5.1	semi-permeable				2.8	0	0.0
Atha_Ws_root_FLT_Alight_Rep2_GSM2493781_Day13	WS	root	FLT	light	OSD-120	RNAseq	OSD-120__Atha_Ws_root_FLT_Alight_Rep2_GSM2493781_Day13	CARA	CARA	ug	leaf	0.0	0.494	1.35	11.1	-0.326	5.1	0.0	0	0.231	0.263	-0.326	-0.373	0.215	0.245	0.232	0.306	-0.086	90.0	3.82	3.47	98.0	7.8	8.9	5.1	semi-permeable				2.8	0	0.0
Atha_Ws_root_FLT_Alight_Rep3_GSM2493782_Day13	WS	root	FLT	light	OSD-120	RNAseq	OSD-120__Atha_Ws_root_FLT_Alight_Rep3_GSM2493782_Day13	CARA	CARA	ug	leaf	0.0	0.494	1.35	11.1	-0.326	5.1	0.0	0	0.231	0.263	-0.326	-0.373	0.215	0.245	0.232	0.306	-0.086	90.0	3.82	3.47	98.0	7.8	8.9	5.1	semi-permeable				2.8	0	0.0
Atha_Col-0-PhyD_root_FLT_Alight_Rep1_GSM2493783_Day13	Col-0	root	FLT	light	OSD-120	RNAseq	OSD-120__Atha_Col-0-PhyD_root_FLT_Alight_Rep1_GSM2493783_Day13	CARA	CARA	ug	leaf	0.0	0.494	1.35	11.1	-0.326	5.1	0.0	0	0.231	0.263	-0.326	-0.373	0.215	0.245	0.232	0.306	-0.086	90.0	3.82	3.47	98.0	7.8	8.9	5.1	semi-permeable				2.8	0	0.0
Atha_Col-0-PhyD_root_FLT_Alight_Rep2_GSM2493784_Day13	Col-0	root	FLT	light	OSD-120	RNAseq	OSD-120__Atha_Col-0-PhyD_root_FLT_Alight_Rep2_GSM2493784_Day13	CARA	CARA	ug	leaf	0.0	0.494	1.35	11.1	-0.326	5.1	0.0	0	0.231	0.263	-0.326	-0.373	0.215	0.245	0.232	0.306	-0.086	90.0	3.82	3.47	98.0	7.8	8.9	5.1	semi-permeable				2.8	0	0.0
Atha_Col-0-PhyD_root_FLT_Alight_Rep3_GSM2493785_Day13	Col-0	root	FLT	light	OSD-120	RNAseq	OSD-120__Atha_Col-0-PhyD_root_FLT_Alight_Rep3_GSM2493785_Day13	CARA	CARA	ug	leaf	0.0	0.494	1.35	11.1	-0.326	5.1	0.0	0	0.231	0.263	-0.326	-0.373	0.215	0.245	0.232	0.306	-0.086	90.0	3.82	3.47	98.0	7.8	8.9	5.1	semi-permeable				2.8	0	0.0
Atha_Col-0_root_FLT_dark_Rep1_GSM2493786_Day13	Col-0	root	FLT	dark	OSD-120	RNAseq	OSD-120__Atha_Col-0_root_FLT_dark_Rep1_GSM2493786_Day13	CARA	CARA	ug	leaf	0.0	0.494	1.35	11.1	-0.326	5.1	0.0	0	0.231	0.263	-0.326	-0.373	0.215	0.245	0.232	0.306	-0.086	90.0	3.82	3.47	98.0	7.8	8.9	5.1	semi-permeable				2.8	0	0.0
Atha_Col-0_root_FLT_dark_Rep2_GSM2493787_Day13	Col-0	root	FLT	dark	OSD-120	RNAseq	OSD-120__Atha_Col-0_root_FLT_dark_Rep2_GSM2493787_Day13	CARA	CARA	ug	leaf	0.0	0.494	1.35	11.1	-0.326	5.1	0.0	0	0.231	0.263	-0.326	-0.373	0.215	0.245	0.232	0.306	-0.086	90.0	3.82	3.47	98.0	7.8	8.9	5.1	semi-permeable				2.8	0	0.0
Atha_Col-0_root_FLT_dark_Rep3_GSM2493788_Day13	Col-0	root	FLT	dark	OSD-120	RNAseq	OSD-120__Atha_Col-0_root_FLT_dark_Rep3_GSM2493788_Day13	CARA	CARA	ug	leaf	0.0	0.494	1.35	11.1	-0.326	5.1	0.0	0	0.231	0.263	-0.326	-0.373	0.215	0.245	0.232	0.306	-0.086	90.0	3.82	3.47	98.0	7.8	8.9	5.1	semi-permeable				2.8	0	0.0
Atha_Ws_root_FLT_dark_Rep1_GSM2493789_Day13	WS	root	FLT	dark	OSD-120	RNAseq	OSD-120__Atha_Ws_root_FLT_dark_Rep1_GSM2493789_Day13	CARA	CARA	ug	leaf	0.0	0.494	1.35	11.1	-0.326	5.1	0.0	0	0.231	0.263	-0.326	-0.373	0.215	0.245	0.232	0.306	-0.086	90.0	3.82	3.47	98.0	7.8	8.9	5.1	semi-permeable				2.8	0	0.0
Atha_Ws_root_FLT_dark_Rep2_GSM2493790_Day13	WS	root	FLT	dark	OSD-120	RNAseq	OSD-120__Atha_Ws_root_FLT_dark_Rep2_GSM2493790_Day13	CARA	CARA	ug	leaf	0.0	0.494	1.35	11.1	-0.326	5.1	0.0	0	0.231	0.263	-0.326	-0.373	0.215	0.245	0.232	0.306	-0.086	90.0	3.82	3.47	98.0	7.8	8.9	5.1	semi-permeable				2.8	0	0.0
Atha_Ws_root_FLT_dark_Rep3_GSM2493791_Day13	WS	root	FLT	dark	OSD-120	RNAseq	OSD-120__Atha_Ws_root_FLT_dark_Rep3_GSM2493791_Day13	CARA	CARA	ug	leaf	0.0	0.494	1.35	11.1	-0.326	5.1	0.0	0	0.231	0.263	-0.326	-0.373	0.215	0.245	0.232	0.306	-0.086	90.0	3.82	3.47	98.0	7.8	8.9	5.1	semi-permeable				2.8	0	0.0
Atha_Col-0-PhyD_root_FLT_dark_Rep1_GSM2493792_Day13	Col-0	root	FLT	dark	OSD-120	RNAseq	OSD-120__Atha_Col-0-PhyD_root_FLT_dark_Rep1_GSM2493792_Day13	CARA	CARA	ug	leaf	0.0	0.494	1.35	11.1	-0.326	5.1	0.0	0	0.231	0.263	-0.326	-0.373	0.215	0.245	0.232	0.306	-0.086	90.0	3.82	3.47	98.0	7.8	8.9	5.1	semi-permeable				2.8	0	0.0
Atha_Col-0-PhyD_root_FLT_dark_Rep2_GSM2493793_Day13	Col-0	root	FLT	dark	OSD-120	RNAseq	OSD-120__Atha_Col-0-PhyD_root_FLT_dark_Rep2_GSM2493793_Day13	CARA	CARA	ug	leaf	0.0	0.494	1.35	11.1	-0.326	5.1	0.0	0	0.231	0.263	-0.326	-0.373	0.215	0.245	0.232	0.306	-0.086	90.0	3.82	3.47	98.0	7.8	8.9	5.1	semi-permeable				2.8	0	0.0
Atha_Col-0-PhyD_root_FLT_dark_Rep3_GSM2493794_Day13	Col-0	root	FLT	dark	OSD-120	RNAseq	OSD-120__Atha_Col-0-PhyD_root_FLT_dark_Rep3_GSM2493794_Day13	CARA	CARA	ug	leaf	0.0	0.494	1.35	11.1	-0.326	5.1	0.0	0	0.231	0.263	-0.326	-0.373	0.215	0.245	0.232	0.306	-0.086	90.0	3.82	3.47	98.0	7.8	8.9	5.1	semi-permeable				2.8	0	0.0
Atha_Col-0_root_GC_Alight_Rep3_GSM2493761_Day13	Col-0	root	GC	light	OSD-120	RNAseq	OSD-120__Atha_Col-0_root_GC_Alight_Rep3_GSM2493761_Day13	CARA	CARA	earth	leaf	9.81	1.0	0.67	22.5	-0.161	2.7	0.0461	14000	0.128	0.188	-0.161	-0.246	0.113	0.169	0.128	-0.161	0.0	100.0			98.9	3.8	5.9	2.7	semi-permeable				2.8	0	0.0
Atha_Ws_root_GC_Rep1	WS	root	GC	light	OSD-217	RNAseq	OSD-217__Atha_Ws_root_GC_Rep1	Veggie	VEGGIE	earth	leaf	9.81	1.0	0.67	22.5	-0.161	2.7	0.0461	14000	0.128	0.188	-0.161	-0.246	0.113	0.169	0.128	-0.161	0.0	100.0			98.9	3.8	5.9	2.7	vented+fan				2.8	0	0.0
Atha_Ws_root_GC_Rep2	WS	root	GC	light	OSD-217	RNAseq	OSD-217__Atha_Ws_root_GC_Rep2	Veggie	VEGGIE	earth	leaf	9.81	1.0	0.67	22.5	-0.161	2.7	0.0461	14000	0.128	0.188	-0.161	-0.246	0.113	0.169	0.128	-0.161	0.0	100.0			98.9	3.8	5.9	2.7	vented+fan				2.8	0	0.0
Atha_Ws_root_GC_Rep3	WS	root	GC	light	OSD-217	RNAseq	OSD-217__Atha_Ws_root_GC_Rep3	Veggie	VEGGIE	earth	leaf	9.81	1.0	0.67	22.5	-0.161	2.7	0.0461	14000	0.128	0.188	-0.161	-0.246	0.113	0.169	0.128	-0.161	0.0	100.0			98.9	3.8	5.9	2.7	vented+fan				2.8	0	0.0
Atha_Ws_root_FLT_Rep1	WS	root	FLT	light	OSD-217	RNAseq	OSD-217__Atha_Ws_root_FLT_Rep1	Veggie	VEGGIE	ug	leaf	0.0	0.494	1.35	11.1	-0.326	5.1	0.0	0	0.231	0.263	-0.326	-0.373	0.215	0.245	0.078	0.101		100.0	3.83	3.83	99.3	7.8	8.9	5.1	vented+fan				2.8	1	2.8
Atha_Ws_root_FLT_Rep2	WS	root	FLT	light	OSD-217	RNAseq	OSD-217__Atha_Ws_root_FLT_Rep2	Veggie	VEGGIE	ug	leaf	0.0	0.494	1.35	11.1	-0.326	5.1	0.0	0	0.231	0.263	-0.326	-0.373	0.215	0.245	0.078	0.101		100.0	3.83	3.83	99.3	7.8	8.9	5.1	vented+fan				2.8	1	2.8
Atha_Ws_root_FLT_Rep3	WS	root	FLT	light	OSD-217	RNAseq	OSD-217__Atha_Ws_root_FLT_Rep3	Veggie	VEGGIE	ug	leaf	0.0	0.494	1.35	11.1	-0.326	5.1	0.0	0	0.231	0.263	-0.326	-0.373	0.215	0.245	0.078	0.101		100.0	3.83	3.83	99.3	7.8	8.9	5.1	vented+fan				2.8	1	2.8
Atha_Ws_leaf_GC_Rep1	WS	leaf	GC	light	OSD-217	RNAseq	OSD-217__Atha_Ws_leaf_GC_Rep1	Veggie	VEGGIE	earth	leaf	9.81	1.0	0.67	22.5	-0.161	2.7	0.0461	14000	0.128	0.188	-0.161	-0.246	0.113	0.169	0.128	-0.161	0.0	100.0			98.9	3.8	5.9	2.7	vented+fan				2.8	0	0.0
Atha_Ws_leaf_GC_Rep2	WS	leaf	GC	light	OSD-217	RNAseq	OSD-217__Atha_Ws_leaf_GC_Rep2	Veggie	VEGGIE	earth	leaf	9.81	1.0	0.67	22.5	-0.161	2.7	0.0461	14000	0.128	0.188	-0.161	-0.246	0.113	0.169	0.128	-0.161	0.0	100.0			98.9	3.8	5.9	2.7	vented+fan				2.8	0	0.0
Atha_Ws_leaf_GC_Rep3	WS	leaf	GC	light	OSD-217	RNAseq	OSD-217__Atha_Ws_leaf_GC_Rep3	Veggie	VEGGIE	earth	leaf	9.81	1.0	0.67	22.5	-0.161	2.7	0.0461	14000	0.128	0.188	-0.161	-0.246	0.113	0.169	0.128	-0.161	0.0	100.0			98.9	3.8	5.9	2.7	vented+fan				2.8	0	0.0
Atha_Ws_leaf_FLT_Rep1	WS	leaf	FLT	light	OSD-217	RNAseq	OSD-217__Atha_Ws_leaf_FLT_Rep1	Veggie	VEGGIE	ug	leaf	0.0	0.494	1.35	11.1	-0.326	5.1	0.0	0	0.231	0.263	-0.326	-0.373	0.215	0.245	0.078	0.101		100.0	3.83	3.83	99.3	7.8	8.9	5.1	vented+fan				2.8	1	2.8
Atha_Ws_leaf_FLT_Rep2	WS	leaf	FLT	light	OSD-217	RNAseq	OSD-217__Atha_Ws_leaf_FLT_Rep2	Veggie	VEGGIE	ug	leaf	0.0	0.494	1.35	11.1	-0.326	5.1	0.0	0	0.231	0.263	-0.326	-0.373	0.215	0.245	0.078	0.101		100.0	3.83	3.83	99.3	7.8	8.9	5.1	vented+fan				2.8	1	2.8
Atha_Ws_leaf_FLT_Rep3	WS	leaf	FLT	light	OSD-217	RNAseq	OSD-217__Atha_Ws_leaf_FLT_Rep3	Veggie	VEGGIE	ug	leaf	0.0	0.494	1.35	11.1	-0.326	5.1	0.0	0	0.231	0.263	-0.326	-0.373	0.215	0.245	0.078	0.101		100.0	3.83	3.83	99.3	7.8	8.9	5.1	vented+fan				2.8	1	2.8
GSM4486031	Col-0	whole_seedling	FLT	light	OSD-321	RNAseq	OSD-321__GSM4486031	BRIC	BRIC	ug	rosette	0.0	0.291	2.29	8.8	-0.554	8.6	0.0	0	0.384	0.698	-0.554	-1.033	0.36	0.659	0.471	0.577	-0.256	1.0	3.82	0.0	96.5	13.2	24.7	8.6	sealed	7.0	9.4	6.5	11.0	0	0.0
GSM4486032	Col-0	whole_seedling	FLT	light	OSD-321	RNAseq	OSD-321__GSM4486032	BRIC	BRIC	ug	rosette	0.0	0.291	2.29	8.8	-0.554	8.6	0.0	0	0.384	0.698	-0.554	-1.033	0.36	0.659	0.471	0.577	-0.256	1.0	3.82	0.0	96.5	13.2	24.7	8.6	sealed	7.0	9.4	6.5	11.0	0	0.0
GSM4486033	Col-0	whole_seedling	FLT	light	OSD-321	RNAseq	OSD-321__GSM4486033	BRIC	BRIC	ug	rosette	0.0	0.291	2.29	8.8	-0.554	8.6	0.0	0	0.384	0.698	-0.554	-1.033	0.36	0.659	0.471	0.577	-0.256	1.0	3.82	0.0	96.5	13.2	24.7	8.6	sealed	7.0	9.4	6.5	11.0	0	0.0
GSM4486034	Col-0	whole_seedling	FLT	light	OSD-321	RNAseq	OSD-321__GSM4486034	BRIC	BRIC	ug	rosette	0.0	0.291	2.29	8.8	-0.554	8.6	0.0	0	0.384	0.698	-0.554	-1.033	0.36	0.659	0.471	0.577	-0.256	1.0	3.82	0.0	96.5	13.2	24.7	8.6	sealed	7.0	9.4	6.5	11.0	0	0.0
GSM4486035	Col-0	whole_seedling	GC	light	OSD-321	RNAseq	OSD-321__GSM4486035	BRIC	BRIC	earth	rosette	9.81	0.54	1.23	16.4	-0.298	4.8	0.0458	62000	0.225	0.509	-0.298	-0.715	0.202	0.469	0.225	-0.298	0.0	100.0				7.1	17.1	4.8	sealed				11.0	0	0.0
GSM4486036	Col-0	whole_seedling	GC	light	OSD-321	RNAseq	OSD-321__GSM4486036	BRIC	BRIC	earth	rosette	9.81	0.54	1.23	16.4	-0.298	4.8	0.0458	62000	0.225	0.509	-0.298	-0.715	0.202	0.469	0.225	-0.298	0.0	100.0				7.1	17.1	4.8	sealed				11.0	0	0.0
GSM4486037	Col-0	whole_seedling	GC	light	OSD-321	RNAseq	OSD-321__GSM4486037	BRIC	BRIC	earth	rosette	9.81	0.54	1.23	16.4	-0.298	4.8	0.0458	62000	0.225	0.509	-0.298	-0.715	0.202	0.469	0.225	-0.298	0.0	100.0				7.1	17.1	4.8	sealed				11.0	0	0.0
GSM4486038	Col-0	whole_seedling	GC	light	OSD-321	RNAseq	OSD-321__GSM4486038	BRIC	BRIC	earth	rosette	9.81	0.54	1.23	16.4	-0.298	4.8	0.0458	62000	0.225	0.509	-0.298	-0.715	0.202	0.469	0.225	-0.298	0.0	100.0				7.1	17.1	4.8	sealed				11.0	0	0.0
GSM4486039	Col-0	whole_seedling	FLT	light	OSD-321	RNAseq	OSD-321__GSM4486039	BRIC	BRIC	ug	rosette	0.0	0.291	2.29	8.8	-0.554	8.6	0.0	0	0.384	0.698	-0.554	-1.033	0.36	0.659	0.471	0.577	-0.256	1.0	3.82	0.0	96.5	13.2	24.7	8.6	sealed	7.0	9.4	6.5	11.0	0	0.0
GSM4486040	Col-0	whole_seedling	FLT	light	OSD-321	RNAseq	OSD-321__GSM4486040	BRIC	BRIC	ug	rosette	0.0	0.291	2.29	8.8	-0.554	8.6	0.0	0	0.384	0.698	-0.554	-1.033	0.36	0.659	0.471	0.577	-0.256	1.0	3.82	0.0	96.5	13.2	24.7	8.6	sealed	7.0	9.4	6.5	11.0	0	0.0
GSM4486041	Col-0	whole_seedling	FLT	light	OSD-321	RNAseq	OSD-321__GSM4486041	BRIC	BRIC	ug	rosette	0.0	0.291	2.29	8.8	-0.554	8.6	0.0	0	0.384	0.698	-0.554	-1.033	0.36	0.659	0.471	0.577	-0.256	1.0	3.82	0.0	96.5	13.2	24.7	8.6	sealed	7.0	9.4	6.5	11.0	0	0.0
GSM4486042	Col-0	whole_seedling	FLT	light	OSD-321	RNAseq	OSD-321__GSM4486042	BRIC	BRIC	ug	rosette	0.0	0.291	2.29	8.8	-0.554	8.6	0.0	0	0.384	0.698	-0.554	-1.033	0.36	0.659	0.471	0.577	-0.256	1.0	3.82	0.0	96.5	13.2	24.7	8.6	sealed	7.0	9.4	6.5	11.0	0	0.0
GSM4486043	Col-0	whole_seedling	GC	light	OSD-321	RNAseq	OSD-321__GSM4486043	BRIC	BRIC	earth	rosette	9.81	0.54	1.23	16.4	-0.298	4.8	0.0458	62000	0.225	0.509	-0.298	-0.715	0.202	0.469	0.225	-0.298	0.0	100.0				7.1	17.1	4.8	sealed				11.0	0	0.0
GSM4486044	Col-0	whole_seedling	GC	light	OSD-321	RNAseq	OSD-321__GSM4486044	BRIC	BRIC	earth	rosette	9.81	0.54	1.23	16.4	-0.298	4.8	0.0458	62000	0.225	0.509	-0.298	-0.715	0.202	0.469	0.225	-0.298	0.0	100.0				7.1	17.1	4.8	sealed				11.0	0	0.0
GSM4486045	Col-0	whole_seedling	GC	light	OSD-321	RNAseq	OSD-321__GSM4486045	BRIC	BRIC	earth	rosette	9.81	0.54	1.23	16.4	-0.298	4.8	0.0458	62000	0.225	0.509	-0.298	-0.715	0.202	0.469	0.225	-0.298	0.0	100.0				7.1	17.1	4.8	sealed				11.0	0	0.0
GSM4486046	Col-0	whole_seedling	GC	light	OSD-321	RNAseq	OSD-321__GSM4486046	BRIC	BRIC	earth	rosette	9.81	0.54	1.23	16.4	-0.298	4.8	0.0458	62000	0.225	0.509	-0.298	-0.715	0.202	0.469	0.225	-0.298	0.0	100.0				7.1	17.1	4.8	sealed				11.0	0	0.0
GSM4486047	Col-0	whole_seedling	FLT	light	OSD-321	RNAseq	OSD-321__GSM4486047	BRIC	BRIC	ug	rosette	0.0	0.291	2.29	8.8	-0.554	8.6	0.0	0	0.384	0.698	-0.554	-1.033	0.36	0.659	0.471	0.577	-0.256	1.0	3.82	0.0	96.5	13.2	24.7	8.6	sealed	7.0	9.4	6.5	11.0	0	0.0
GSM4486048	Col-0	whole_seedling	FLT	light	OSD-321	RNAseq	OSD-321__GSM4486048	BRIC	BRIC	ug	rosette	0.0	0.291	2.29	8.8	-0.554	8.6	0.0	0	0.384	0.698	-0.554	-1.033	0.36	0.659	0.471	0.577	-0.256	1.0	3.82	0.0	96.5	13.2	24.7	8.6	sealed	7.0	9.4	6.5	11.0	0	0.0
GSM4486049	Col-0	whole_seedling	FLT	light	OSD-321	RNAseq	OSD-321__GSM4486049	BRIC	BRIC	ug	rosette	0.0	0.291	2.29	8.8	-0.554	8.6	0.0	0	0.384	0.698	-0.554	-1.033	0.36	0.659	0.471	0.577	-0.256	1.0	3.82	0.0	96.5	13.2	24.7	8.6	sealed	7.0	9.4	6.5	11.0	0	0.0
GSM4486050	Col-0	whole_seedling	FLT	light	OSD-321	RNAseq	OSD-321__GSM4486050	BRIC	BRIC	ug	rosette	0.0	0.291	2.29	8.8	-0.554	8.6	0.0	0	0.384	0.698	-0.554	-1.033	0.36	0.659	0.471	0.577	-0.256	1.0	3.82	0.0	96.5	13.2	24.7	8.6	sealed	7.0	9.4	6.5	11.0	0	0.0
GSM4486051	Col-0	whole_seedling	FLT	light	OSD-321	RNAseq	OSD-321__GSM4486051	BRIC	BRIC	ug	rosette	0.0	0.291	2.29	8.8	-0.554	8.6	0.0	0	0.384	0.698	-0.554	-1.033	0.36	0.659	0.471	0.577	-0.256	1.0	3.82	0.0	96.5	13.2	24.7	8.6	sealed	7.0	9.4	6.5	11.0	0	0.0
GSM4486052	Col-0	whole_seedling	GC	light	OSD-321	RNAseq	OSD-321__GSM4486052	BRIC	BRIC	earth	rosette	9.81	0.54	1.23	16.4	-0.298	4.8	0.0458	62000	0.225	0.509	-0.298	-0.715	0.202	0.469	0.225	-0.298	0.0	100.0				7.1	17.1	4.8	sealed				11.0	0	0.0
GSM4486053	Col-0	whole_seedling	GC	light	OSD-321	RNAseq	OSD-321__GSM4486053	BRIC	BRIC	earth	rosette	9.81	0.54	1.23	16.4	-0.298	4.8	0.0458	62000	0.225	0.509	-0.298	-0.715	0.202	0.469	0.225	-0.298	0.0	100.0				7.1	17.1	4.8	sealed				11.0	0	0.0
GSM4486054	Col-0	whole_seedling	GC	light	OSD-321	RNAseq	OSD-321__GSM4486054	BRIC	BRIC	earth	rosette	9.81	0.54	1.23	16.4	-0.298	4.8	0.0458	62000	0.225	0.509	-0.298	-0.715	0.202	0.469	0.225	-0.298	0.0	100.0				7.1	17.1	4.8	sealed				11.0	0	0.0
GSM4486055	Col-0	whole_seedling	GC	light	OSD-321	RNAseq	OSD-321__GSM4486055	BRIC	BRIC	earth	rosette	9.81	0.54	1.23	16.4	-0.298	4.8	0.0458	62000	0.225	0.509	-0.298	-0.715	0.202	0.469	0.225	-0.298	0.0	100.0				7.1	17.1	4.8	sealed				11.0	0	0.0
GSM4486056	Col-0	whole_seedling	GC	light	OSD-321	RNAseq	OSD-321__GSM4486056	BRIC	BRIC	earth	rosette	9.81	0.54	1.23	16.4	-0.298	4.8	0.0458	62000	0.225	0.509	-0.298	-0.715	0.202	0.469	0.225	-0.298	0.0	100.0				7.1	17.1	4.8	sealed				11.0	0	0.0
GSM4486057	Col-0	whole_seedling	FLT	light	OSD-321	RNAseq	OSD-321__GSM4486057	BRIC	BRIC	ug	rosette	0.0	0.291	2.29	8.8	-0.554	8.6	0.0	0	0.384	0.698	-0.554	-1.033	0.36	0.659	0.471	0.577	-0.256	1.0	3.82	0.0	96.5	13.2	24.7	8.6	sealed	7.0	9.4	6.5	11.0	0	0.0
GSM4486058	Col-0	whole_seedling	FLT	light	OSD-321	RNAseq	OSD-321__GSM4486058	BRIC	BRIC	ug	rosette	0.0	0.291	2.29	8.8	-0.554	8.6	0.0	0	0.384	0.698	-0.554	-1.033	0.36	0.659	0.471	0.577	-0.256	1.0	3.82	0.0	96.5	13.2	24.7	8.6	sealed	7.0	9.4	6.5	11.0	0	0.0
GSM4486059	Col-0	whole_seedling	FLT	light	OSD-321	RNAseq	OSD-321__GSM4486059	BRIC	BRIC	ug	rosette	0.0	0.291	2.29	8.8	-0.554	8.6	0.0	0	0.384	0.698	-0.554	-1.033	0.36	0.659	0.471	0.577	-0.256	1.0	3.82	0.0	96.5	13.2	24.7	8.6	sealed	7.0	9.4	6.5	11.0	0	0.0
GSM4486060	Col-0	whole_seedling	FLT	light	OSD-321	RNAseq	OSD-321__GSM4486060	BRIC	BRIC	ug	rosette	0.0	0.291	2.29	8.8	-0.554	8.6	0.0	0	0.384	0.698	-0.554	-1.033	0.36	0.659	0.471	0.577	-0.256	1.0	3.82	0.0	96.5	13.2	24.7	8.6	sealed	7.0	9.4	6.5	11.0	0	0.0
GSM4486061	Col-0	whole_seedling	GC	light	OSD-321	RNAseq	OSD-321__GSM4486061	BRIC	BRIC	earth	rosette	9.81	0.54	1.23	16.4	-0.298	4.8	0.0458	62000	0.225	0.509	-0.298	-0.715	0.202	0.469	0.225	-0.298	0.0	100.0				7.1	17.1	4.8	sealed				11.0	0	0.0
GSM4486062	Col-0	whole_seedling	GC	light	OSD-321	RNAseq	OSD-321__GSM4486062	BRIC	BRIC	earth	rosette	9.81	0.54	1.23	16.4	-0.298	4.8	0.0458	62000	0.225	0.509	-0.298	-0.715	0.202	0.469	0.225	-0.298	0.0	100.0				7.1	17.1	4.8	sealed				11.0	0	0.0
GSM4486063	Col-0	whole_seedling	GC	light	OSD-321	RNAseq	OSD-321__GSM4486063	BRIC	BRIC	earth	rosette	9.81	0.54	1.23	16.4	-0.298	4.8	0.0458	62000	0.225	0.509	-0.298	-0.715	0.202	0.469	0.225	-0.298	0.0	100.0				7.1	17.1	4.8	sealed				11.0	0	0.0
GSM4486064	Col-0	whole_seedling	GC	light	OSD-321	RNAseq	OSD-321__GSM4486064	BRIC	BRIC	earth	rosette	9.81	0.54	1.23	16.4	-0.298	4.8	0.0458	62000	0.225	0.509	-0.298	-0.715	0.202	0.469	0.225	-0.298	0.0	100.0				7.1	17.1	4.8	sealed				11.0	0	0.0
GSM4486065	Col-0	whole_seedling	FLT	light	OSD-321	RNAseq	OSD-321__GSM4486065	BRIC	BRIC	ug	rosette	0.0	0.291	2.29	8.8	-0.554	8.6	0.0	0	0.384	0.698	-0.554	-1.033	0.36	0.659	0.471	0.577	-0.256	1.0	3.82	0.0	96.5	13.2	24.7	8.6	sealed	7.0	9.4	6.5	11.0	0	0.0
GSM4486066	Col-0	whole_seedling	FLT	light	OSD-321	RNAseq	OSD-321__GSM4486066	BRIC	BRIC	ug	rosette	0.0	0.291	2.29	8.8	-0.554	8.6	0.0	0	0.384	0.698	-0.554	-1.033	0.36	0.659	0.471	0.577	-0.256	1.0	3.82	0.0	96.5	13.2	24.7	8.6	sealed	7.0	9.4	6.5	11.0	0	0.0
GSM4486067	Col-0	whole_seedling	FLT	light	OSD-321	RNAseq	OSD-321__GSM4486067	BRIC	BRIC	ug	rosette	0.0	0.291	2.29	8.8	-0.554	8.6	0.0	0	0.384	0.698	-0.554	-1.033	0.36	0.659	0.471	0.577	-0.256	1.0	3.82	0.0	96.5	13.2	24.7	8.6	sealed	7.0	9.4	6.5	11.0	0	0.0
GSM4486068	Col-0	whole_seedling	FLT	light	OSD-321	RNAseq	OSD-321__GSM4486068	BRIC	BRIC	ug	rosette	0.0	0.291	2.29	8.8	-0.554	8.6	0.0	0	0.384	0.698	-0.554	-1.033	0.36	0.659	0.471	0.577	-0.256	1.0	3.82	0.0	96.5	13.2	24.7	8.6	sealed	7.0	9.4	6.5	11.0	0	0.0
GSM4486069	Col-0	whole_seedling	FLT	light	OSD-321	RNAseq	OSD-321__GSM4486069	BRIC	BRIC	ug	rosette	0.0	0.291	2.29	8.8	-0.554	8.6	0.0	0	0.384	0.698	-0.554	-1.033	0.36	0.659	0.471	0.577	-0.256	1.0	3.82	0.0	96.5	13.2	24.7	8.6	sealed	7.0	9.4	6.5	11.0	0	0.0
GSM4486070	Col-0	whole_seedling	GC	light	OSD-321	RNAseq	OSD-321__GSM4486070	BRIC	BRIC	earth	rosette	9.81	0.54	1.23	16.4	-0.298	4.8	0.0458	62000	0.225	0.509	-0.298	-0.715	0.202	0.469	0.225	-0.298	0.0	100.0				7.1	17.1	4.8	sealed				11.0	0	0.0
GSM4486071	Col-0	whole_seedling	GC	light	OSD-321	RNAseq	OSD-321__GSM4486071	BRIC	BRIC	earth	rosette	9.81	0.54	1.23	16.4	-0.298	4.8	0.0458	62000	0.225	0.509	-0.298	-0.715	0.202	0.469	0.225	-0.298	0.0	100.0				7.1	17.1	4.8	sealed				11.0	0	0.0
GSM4486072	Col-0	whole_seedling	GC	light	OSD-321	RNAseq	OSD-321__GSM4486072	BRIC	BRIC	earth	rosette	9.81	0.54	1.23	16.4	-0.298	4.8	0.0458	62000	0.225	0.509	-0.298	-0.715	0.202	0.469	0.225	-0.298	0.0	100.0				7.1	17.1	4.8	sealed				11.0	0	0.0
GSM4486073	Col-0	whole_seedling	GC	light	OSD-321	RNAseq	OSD-321__GSM4486073	BRIC	BRIC	earth	rosette	9.81	0.54	1.23	16.4	-0.298	4.8	0.0458	62000	0.225	0.509	-0.298	-0.715	0.202	0.469	0.225	-0.298	0.0	100.0				7.1	17.1	4.8	sealed				11.0	0	0.0
GSM4486074	Col-0	whole_seedling	GC	light	OSD-321	RNAseq	OSD-321__GSM4486074	BRIC	BRIC	earth	rosette	9.81	0.54	1.23	16.4	-0.298	4.8	0.0458	62000	0.225	0.509	-0.298	-0.715	0.202	0.469	0.225	-0.298	0.0	100.0				7.1	17.1	4.8	sealed				11.0	0	0.0
21H5_WT_RED_Col0_1g_Rep1	Col-0	whole_seedling	GC	red_light	OSD-314	RNAseq	OSD-314__21H5_WT_RED_Col0_1g_Rep1	EMCS	VEGGIE	earth	rosette	9.81	0.54	1.23	16.4	-0.298	4.8	0.0458	62000	0.225	0.509	-0.298	-0.715	0.202	0.469	0.225	-0.298	0.0	100.0				7.1	17.1	4.8	vented+fan				11.0	0	0.0
22A6_WT_RED_Col0_1g_Rep2	Col-0	whole_seedling	GC	red_light	OSD-314	RNAseq	OSD-314__22A6_WT_RED_Col0_1g_Rep2	EMCS	VEGGIE	earth	rosette	9.81	0.54	1.23	16.4	-0.298	4.8	0.0458	62000	0.225	0.509	-0.298	-0.715	0.202	0.469	0.225	-0.298	0.0	100.0				7.1	17.1	4.8	vented+fan				11.0	0	0.0
23B6_WT_RED_Col0_1g_Rep3	Col-0	whole_seedling	GC	red_light	OSD-314	RNAseq	OSD-314__23B6_WT_RED_Col0_1g_Rep3	EMCS	VEGGIE	earth	rosette	9.81	0.54	1.23	16.4	-0.298	4.8	0.0458	62000	0.225	0.509	-0.298	-0.715	0.202	0.469	0.225	-0.298	0.0	100.0				7.1	17.1	4.8	vented+fan				11.0	0	0.0
30H7_WT_DARK_Col0_1g_Rep1	Col-0	whole_seedling	GC	dark	OSD-314	RNAseq	OSD-314__30H7_WT_DARK_Col0_1g_Rep1	EMCS	VEGGIE	earth	rosette	9.81	0.54	1.23	16.4	-0.298	4.8	0.0458	62000	0.225	0.509	-0.298	-0.715	0.202	0.469	0.225	-0.298	0.0	100.0				7.1	17.1	4.8	vented+fan				11.0	0	0.0
31A8_WT_DARK_Col0_1g_Rep2	Col-0	whole_seedling	GC	dark	OSD-314	RNAseq	OSD-314__31A8_WT_DARK_Col0_1g_Rep2	EMCS	VEGGIE	earth	rosette	9.81	0.54	1.23	16.4	-0.298	4.8	0.0458	62000	0.225	0.509	-0.298	-0.715	0.202	0.469	0.225	-0.298	0.0	100.0				7.1	17.1	4.8	vented+fan				11.0	0	0.0
32B8_WT_DARK_Col0_1g_Rep3	Col-0	whole_seedling	GC	dark	OSD-314	RNAseq	OSD-314__32B8_WT_DARK_Col0_1g_Rep3	EMCS	VEGGIE	earth	rosette	9.81	0.54	1.23	16.4	-0.298	4.8	0.0458	62000	0.225	0.509	-0.298	-0.715	0.202	0.469	0.225	-0.298	0.0	100.0				7.1	17.1	4.8	vented+fan				11.0	0	0.0
05G4_WT_RED_Col0_03g_Rep1	Col-0	whole_seedling	FLT	red_light	OSD-314	RNAseq	OSD-314__05G4_WT_RED_Col0_03g_Rep1	EMCS	VEGGIE	ug	rosette	0.0	0.291	2.29	8.8	-0.554	8.6	0.0	0	0.384	0.698	-0.554	-1.033	0.36	0.659	0.236	0.322		100.0	3.83	3.83	96.5	13.2	24.7	8.6	vented+fan				11.0	1	2.8
06H4_WT_RED_Col0_03g_Rep2	Col-0	whole_seedling	FLT	red_light	OSD-314	RNAseq	OSD-314__06H4_WT_RED_Col0_03g_Rep2	EMCS	VEGGIE	ug	rosette	0.0	0.291	2.29	8.8	-0.554	8.6	0.0	0	0.384	0.698	-0.554	-1.033	0.36	0.659	0.236	0.322		100.0	3.83	3.83	96.5	13.2	24.7	8.6	vented+fan				11.0	1	2.8
07A5_WT_RED_Col0_03g_Rep3	Col-0	whole_seedling	FLT	red_light	OSD-314	RNAseq	OSD-314__07A5_WT_RED_Col0_03g_Rep3	EMCS	VEGGIE	ug	rosette	0.0	0.291	2.29	8.8	-0.554	8.6	0.0	0	0.384	0.698	-0.554	-1.033	0.36	0.659	0.236	0.322		100.0	3.83	3.83	96.5	13.2	24.7	8.6	vented+fan				11.0	1	2.8
13I4_WT_DARK_Col0_03g_Rep1	Col-0	whole_seedling	FLT	dark	OSD-314	RNAseq	OSD-314__13I4_WT_DARK_Col0_03g_Rep1	EMCS	VEGGIE	ug	rosette	0.0	0.291	2.29	8.8	-0.554	8.6	0.0	0	0.384	0.698	-0.554	-1.033	0.36	0.659	0.236	0.322		100.0	3.83	3.83	96.5	13.2	24.7	8.6	vented+fan				11.0	1	2.8
14J4_WT_DARK_Col0_03g_Rep2	Col-0	whole_seedling	FLT	dark	OSD-314	RNAseq	OSD-314__14J4_WT_DARK_Col0_03g_Rep2	EMCS	VEGGIE	ug	rosette	0.0	0.291	2.29	8.8	-0.554	8.6	0.0	0	0.384	0.698	-0.554	-1.033	0.36	0.659	0.236	0.322		100.0	3.83	3.83	96.5	13.2	24.7	8.6	vented+fan				11.0	1	2.8
15A7_WT_DARK_Col0_03g_Rep3	Col-0	whole_seedling	FLT	dark	OSD-314	RNAseq	OSD-314__15A7_WT_DARK_Col0_03g_Rep3	EMCS	VEGGIE	ug	rosette	0.0	0.291	2.29	8.8	-0.554	8.6	0.0	0	0.384	0.698	-0.554	-1.033	0.36	0.659	0.236	0.322		100.0	3.83	3.83	96.5	13.2	24.7	8.6	vented+fan				11.0	1	2.8
JBA1_WT_DARK_Col0_0g_Rep1	Col-0	whole_seedling	FLT	dark	OSD-314	RNAseq	OSD-314__JBA1_WT_DARK_Col0_0g_Rep1	EMCS	VEGGIE	ug	rosette	0.0	0.291	2.29	8.8	-0.554	8.6	0.0	0	0.384	0.698	-0.554	-1.033	0.36	0.659	0.236	0.322		100.0	3.83	3.83	96.5	13.2	24.7	8.6	vented+fan				11.0	1	2.8
JBB1_WT_DARK_Col0_0g_Rep2	Col-0	whole_seedling	FLT	dark	OSD-314	RNAseq	OSD-314__JBB1_WT_DARK_Col0_0g_Rep2	EMCS	VEGGIE	ug	rosette	0.0	0.291	2.29	8.8	-0.554	8.6	0.0	0	0.384	0.698	-0.554	-1.033	0.36	0.659	0.236	0.322		100.0	3.83	3.83	96.5	13.2	24.7	8.6	vented+fan				11.0	1	2.8
JBH2_WT_RED_Col0_0g_Rep1	Col-0	whole_seedling	FLT	red_light	OSD-314	RNAseq	OSD-314__JBH2_WT_RED_Col0_0g_Rep1	EMCS	VEGGIE	ug	rosette	0.0	0.291	2.29	8.8	-0.554	8.6	0.0	0	0.384	0.698	-0.554	-1.033	0.36	0.659	0.236	0.322		100.0	3.83	3.83	96.5	13.2	24.7	8.6	vented+fan				11.0	1	2.8
JBA3_WT_RED_Col0_0g_Rep2	Col-0	whole_seedling	FLT	red_light	OSD-314	RNAseq	OSD-314__JBA3_WT_RED_Col0_0g_Rep2	EMCS	VEGGIE	ug	rosette	0.0	0.291	2.29	8.8	-0.554	8.6	0.0	0	0.384	0.698	-0.554	-1.033	0.36	0.659	0.236	0.322		100.0	3.83	3.83	96.5	13.2	24.7	8.6	vented+fan				11.0	1	2.8
JBB3_WT_RED_Col0_0g_Rep3	Col-0	whole_seedling	FLT	red_light	OSD-314	RNAseq	OSD-314__JBB3_WT_RED_Col0_0g_Rep3	EMCS	VEGGIE	ug	rosette	0.0	0.291	2.29	8.8	-0.554	8.6	0.0	0	0.384	0.698	-0.554	-1.033	0.36	0.659	0.236	0.322		100.0	3.83	3.83	96.5	13.2	24.7	8.6	vented+fan				11.0	1	2.8
Ground_control_Col-0_Dark_bio_rep1	Col-0	leaf	GC	dark	OSD-678	RNAseq	OSD-678__Ground_control_Col-0_Dark_bio_rep1	Veggie	VEGGIE	earth	leaf	9.81	1.0	0.67	22.5	-0.161	2.7	0.0461	14000	0.128	0.188	-0.161	-0.246	0.113	0.169	0.128	-0.161	0.0	100.0			98.9	3.8	5.9	2.7	vented+fan				2.8	0	0.0
Ground_control_Ws_Light_bio_rep3	WS	unknown	GC	light	OSD-678	RNAseq	OSD-678__Ground_control_Ws_Light_bio_rep3	Veggie	VEGGIE	earth	rosette	9.81	0.54	1.23	16.4	-0.298	4.8	0.0458	62000	0.225	0.509	-0.298	-0.715	0.202	0.469	0.225	-0.298	0.0	100.0				7.1	17.1	4.8	vented+fan				11.0	0	0.0
Ground_control_Ws_Light_bio_rep2	WS	unknown	GC	light	OSD-678	RNAseq	OSD-678__Ground_control_Ws_Light_bio_rep2	Veggie	VEGGIE	earth	rosette	9.81	0.54	1.23	16.4	-0.298	4.8	0.0458	62000	0.225	0.509	-0.298	-0.715	0.202	0.469	0.225	-0.298	0.0	100.0				7.1	17.1	4.8	vented+fan				11.0	0	0.0
Ground_control_Ws_Light_bio_rep1	WS	unknown	GC	light	OSD-678	RNAseq	OSD-678__Ground_control_Ws_Light_bio_rep1	Veggie	VEGGIE	earth	rosette	9.81	0.54	1.23	16.4	-0.298	4.8	0.0458	62000	0.225	0.509	-0.298	-0.715	0.202	0.469	0.225	-0.298	0.0	100.0				7.1	17.1	4.8	vented+fan				11.0	0	0.0
Ground_control_phyD_Light_bio_rep3	Col-0	unknown	GC	light	OSD-678	RNAseq	OSD-678__Ground_control_phyD_Light_bio_rep3	Veggie	VEGGIE	earth	rosette	9.81	0.54	1.23	16.4	-0.298	4.8	0.0458	62000	0.225	0.509	-0.298	-0.715	0.202	0.469	0.225	-0.298	0.0	100.0				7.1	17.1	4.8	vented+fan				11.0	0	0.0
Ground_control_phyD_Light_bio_rep2	Col-0	unknown	GC	light	OSD-678	RNAseq	OSD-678__Ground_control_phyD_Light_bio_rep2	Veggie	VEGGIE	earth	rosette	9.81	0.54	1.23	16.4	-0.298	4.8	0.0458	62000	0.225	0.509	-0.298	-0.715	0.202	0.469	0.225	-0.298	0.0	100.0				7.1	17.1	4.8	vented+fan				11.0	0	0.0
Flight_Ws_Dark_bio_rep3	WS	unknown	FLT	dark	OSD-678	RNAseq	OSD-678__Flight_Ws_Dark_bio_rep3	Veggie	VEGGIE	ug	rosette	0.0	0.291	2.29	8.8	-0.554	8.6	0.0	0	0.384	0.698	-0.554	-1.033	0.36	0.659	0.236	0.322		100.0	3.83	3.83	96.5	13.2	24.7	8.6	vented+fan				11.0	1	2.8
Flight_Ws_Dark_bio_rep2	WS	unknown	FLT	dark	OSD-678	RNAseq	OSD-678__Flight_Ws_Dark_bio_rep2	Veggie	VEGGIE	ug	rosette	0.0	0.291	2.29	8.8	-0.554	8.6	0.0	0	0.384	0.698	-0.554	-1.033	0.36	0.659	0.236	0.322		100.0	3.83	3.83	96.5	13.2	24.7	8.6	vented+fan				11.0	1	2.8
Flight_Ws_Dark_bio_rep1	WS	unknown	FLT	dark	OSD-678	RNAseq	OSD-678__Flight_Ws_Dark_bio_rep1	Veggie	VEGGIE	ug	rosette	0.0	0.291	2.29	8.8	-0.554	8.6	0.0	0	0.384	0.698	-0.554	-1.033	0.36	0.659	0.236	0.322		100.0	3.83	3.83	96.5	13.2	24.7	8.6	vented+fan				11.0	1	2.8
Flight_phyD_Dark_bio_rep3	Col-0	unknown	FLT	dark	OSD-678	RNAseq	OSD-678__Flight_phyD_Dark_bio_rep3	Veggie	VEGGIE	ug	rosette	0.0	0.291	2.29	8.8	-0.554	8.6	0.0	0	0.384	0.698	-0.554	-1.033	0.36	0.659	0.236	0.322		100.0	3.83	3.83	96.5	13.2	24.7	8.6	vented+fan				11.0	1	2.8
Flight_phyD_Dark_bio_rep2	Col-0	unknown	FLT	dark	OSD-678	RNAseq	OSD-678__Flight_phyD_Dark_bio_rep2	Veggie	VEGGIE	ug	rosette	0.0	0.291	2.29	8.8	-0.554	8.6	0.0	0	0.384	0.698	-0.554	-1.033	0.36	0.659	0.236	0.322		100.0	3.83	3.83	96.5	13.2	24.7	8.6	vented+fan				11.0	1	2.8
Flight_phyD_Dark_bio_rep1	Col-0	unknown	FLT	dark	OSD-678	RNAseq	OSD-678__Flight_phyD_Dark_bio_rep1	Veggie	VEGGIE	ug	rosette	0.0	0.291	2.29	8.8	-0.554	8.6	0.0	0	0.384	0.698	-0.554	-1.033	0.36	0.659	0.236	0.322		100.0	3.83	3.83	96.5	13.2	24.7	8.6	vented+fan				11.0	1	2.8
Ground_control_phyD_Light_bio_rep1	Col-0	unknown	GC	light	OSD-678	RNAseq	OSD-678__Ground_control_phyD_Light_bio_rep1	Veggie	VEGGIE	earth	rosette	9.81	0.54	1.23	16.4	-0.298	4.8	0.0458	62000	0.225	0.509	-0.298	-0.715	0.202	0.469	0.225	-0.298	0.0	100.0				7.1	17.1	4.8	vented+fan				11.0	0	0.0
Flight_Col-0_Dark_bio_rep3	Col-0	leaf	FLT	dark	OSD-678	RNAseq	OSD-678__Flight_Col-0_Dark_bio_rep3	Veggie	VEGGIE	ug	leaf	0.0	0.494	1.35	11.1	-0.326	5.1	0.0	0	0.231	0.263	-0.326	-0.373	0.215	0.245	0.078	0.101		100.0	3.83	3.83	99.3	7.8	8.9	5.1	vented+fan				2.8	1	2.8
Flight_Col-0_Dark_bio_rep2	Col-0	leaf	FLT	dark	OSD-678	RNAseq	OSD-678__Flight_Col-0_Dark_bio_rep2	Veggie	VEGGIE	ug	leaf	0.0	0.494	1.35	11.1	-0.326	5.1	0.0	0	0.231	0.263	-0.326	-0.373	0.215	0.245	0.078	0.101		100.0	3.83	3.83	99.3	7.8	8.9	5.1	vented+fan				2.8	1	2.8
Flight_Col-0_Dark_bio_rep1	Col-0	leaf	FLT	dark	OSD-678	RNAseq	OSD-678__Flight_Col-0_Dark_bio_rep1	Veggie	VEGGIE	ug	leaf	0.0	0.494	1.35	11.1	-0.326	5.1	0.0	0	0.231	0.263	-0.326	-0.373	0.215	0.245	0.078	0.101		100.0	3.83	3.83	99.3	7.8	8.9	5.1	vented+fan				2.8	1	2.8
Flight_Ws_Light_bio_rep3	WS	unknown	FLT	light	OSD-678	RNAseq	OSD-678__Flight_Ws_Light_bio_rep3	Veggie	VEGGIE	ug	rosette	0.0	0.291	2.29	8.8	-0.554	8.6	0.0	0	0.384	0.698	-0.554	-1.033	0.36	0.659	0.236	0.322		100.0	3.83	3.83	96.5	13.2	24.7	8.6	vented+fan				11.0	1	2.8
Flight_Ws_Light_bio_rep2	WS	unknown	FLT	light	OSD-678	RNAseq	OSD-678__Flight_Ws_Light_bio_rep2	Veggie	VEGGIE	ug	rosette	0.0	0.291	2.29	8.8	-0.554	8.6	0.0	0	0.384	0.698	-0.554	-1.033	0.36	0.659	0.236	0.322		100.0	3.83	3.83	96.5	13.2	24.7	8.6	vented+fan				11.0	1	2.8
Flight_Ws_Light_bio_rep1	WS	unknown	FLT	light	OSD-678	RNAseq	OSD-678__Flight_Ws_Light_bio_rep1	Veggie	VEGGIE	ug	rosette	0.0	0.291	2.29	8.8	-0.554	8.6	0.0	0	0.384	0.698	-0.554	-1.033	0.36	0.659	0.236	0.322		100.0	3.83	3.83	96.5	13.2	24.7	8.6	vented+fan				11.0	1	2.8
Flight_phyD_Light_bio_rep3	Col-0	unknown	FLT	light	OSD-678	RNAseq	OSD-678__Flight_phyD_Light_bio_rep3	Veggie	VEGGIE	ug	rosette	0.0	0.291	2.29	8.8	-0.554	8.6	0.0	0	0.384	0.698	-0.554	-1.033	0.36	0.659	0.236	0.322		100.0	3.83	3.83	96.5	13.2	24.7	8.6	vented+fan				11.0	1	2.8
Flight_phyD_Light_bio_rep2	Col-0	unknown	FLT	light	OSD-678	RNAseq	OSD-678__Flight_phyD_Light_bio_rep2	Veggie	VEGGIE	ug	rosette	0.0	0.291	2.29	8.8	-0.554	8.6	0.0	0	0.384	0.698	-0.554	-1.033	0.36	0.659	0.236	0.322		100.0	3.83	3.83	96.5	13.2	24.7	8.6	vented+fan				11.0	1	2.8
Flight_phyD_Light_bio_rep1	Col-0	unknown	FLT	light	OSD-678	RNAseq	OSD-678__Flight_phyD_Light_bio_rep1	Veggie	VEGGIE	ug	rosette	0.0	0.291	2.29	8.8	-0.554	8.6	0.0	0	0.384	0.698	-0.554	-1.033	0.36	0.659	0.236	0.322		100.0	3.83	3.83	96.5	13.2	24.7	8.6	vented+fan				11.0	1	2.8
Flight_Col-0_Light_bio_rep3	Col-0	leaf	FLT	light	OSD-678	RNAseq	OSD-678__Flight_Col-0_Light_bio_rep3	Veggie	VEGGIE	ug	leaf	0.0	0.494	1.35	11.1	-0.326	5.1	0.0	0	0.231	0.263	-0.326	-0.373	0.215	0.245	0.078	0.101		100.0	3.83	3.83	99.3	7.8	8.9	5.1	vented+fan				2.8	1	2.8
Ground_control_Col-0_Light_bio_rep3	Col-0	leaf	GC	light	OSD-678	RNAseq	OSD-678__Ground_control_Col-0_Light_bio_rep3	Veggie	VEGGIE	earth	leaf	9.81	1.0	0.67	22.5	-0.161	2.7	0.0461	14000	0.128	0.188	-0.161	-0.246	0.113	0.169	0.128	-0.161	0.0	100.0			98.9	3.8	5.9	2.7	vented+fan				2.8	0	0.0
Flight_Col-0_Light_bio_rep2	Col-0	leaf	FLT	light	OSD-678	RNAseq	OSD-678__Flight_Col-0_Light_bio_rep2	Veggie	VEGGIE	ug	leaf	0.0	0.494	1.35	11.1	-0.326	5.1	0.0	0	0.231	0.263	-0.326	-0.373	0.215	0.245	0.078	0.101		100.0	3.83	3.83	99.3	7.8	8.9	5.1	vented+fan				2.8	1	2.8
Flight_Col-0_Light_bio_rep1	Col-0	leaf	FLT	light	OSD-678	RNAseq	OSD-678__Flight_Col-0_Light_bio_rep1	Veggie	VEGGIE	ug	leaf	0.0	0.494	1.35	11.1	-0.326	5.1	0.0	0	0.231	0.263	-0.326	-0.373	0.215	0.245	0.078	0.101		100.0	3.83	3.83	99.3	7.8	8.9	5.1	vented+fan				2.8	1	2.8
Ground_control_Ws_Dark_bio_rep3	WS	unknown	GC	dark	OSD-678	RNAseq	OSD-678__Ground_control_Ws_Dark_bio_rep3	Veggie	VEGGIE	earth	rosette	9.81	0.54	1.23	16.4	-0.298	4.8	0.0458	62000	0.225	0.509	-0.298	-0.715	0.202	0.469	0.225	-0.298	0.0	100.0				7.1	17.1	4.8	vented+fan				11.0	0	0.0
Ground_control_Ws_Dark_bio_rep2	WS	unknown	GC	dark	OSD-678	RNAseq	OSD-678__Ground_control_Ws_Dark_bio_rep2	Veggie	VEGGIE	earth	rosette	9.81	0.54	1.23	16.4	-0.298	4.8	0.0458	62000	0.225	0.509	-0.298	-0.715	0.202	0.469	0.225	-0.298	0.0	100.0				7.1	17.1	4.8	vented+fan				11.0	0	0.0
Ground_control_Ws_Dark_bio_rep1	WS	unknown	GC	dark	OSD-678	RNAseq	OSD-678__Ground_control_Ws_Dark_bio_rep1	Veggie	VEGGIE	earth	rosette	9.81	0.54	1.23	16.4	-0.298	4.8	0.0458	62000	0.225	0.509	-0.298	-0.715	0.202	0.469	0.225	-0.298	0.0	100.0				7.1	17.1	4.8	vented+fan				11.0	0	0.0
Ground_control_phyD_Dark_bio_rep3	Col-0	unknown	GC	dark	OSD-678	RNAseq	OSD-678__Ground_control_phyD_Dark_bio_rep3	Veggie	VEGGIE	earth	rosette	9.81	0.54	1.23	16.4	-0.298	4.8	0.0458	62000	0.225	0.509	-0.298	-0.715	0.202	0.469	0.225	-0.298	0.0	100.0				7.1	17.1	4.8	vented+fan				11.0	0	0.0
Ground_control_phyD_Dark_bio_rep2	Col-0	unknown	GC	dark	OSD-678	RNAseq	OSD-678__Ground_control_phyD_Dark_bio_rep2	Veggie	VEGGIE	earth	rosette	9.81	0.54	1.23	16.4	-0.298	4.8	0.0458	62000	0.225	0.509	-0.298	-0.715	0.202	0.469	0.225	-0.298	0.0	100.0				7.1	17.1	4.8	vented+fan				11.0	0	0.0
Ground_control_phyD_Dark_bio_rep1	Col-0	unknown	GC	dark	OSD-678	RNAseq	OSD-678__Ground_control_phyD_Dark_bio_rep1	Veggie	VEGGIE	earth	rosette	9.81	0.54	1.23	16.4	-0.298	4.8	0.0458	62000	0.225	0.509	-0.298	-0.715	0.202	0.469	0.225	-0.298	0.0	100.0				7.1	17.1	4.8	vented+fan				11.0	0	0.0
Ground_control_Col-0_Dark_bio_rep3	Col-0	leaf	GC	dark	OSD-678	RNAseq	OSD-678__Ground_control_Col-0_Dark_bio_rep3	Veggie	VEGGIE	earth	leaf	9.81	1.0	0.67	22.5	-0.161	2.7	0.0461	14000	0.128	0.188	-0.161	-0.246	0.113	0.169	0.128	-0.161	0.0	100.0			98.9	3.8	5.9	2.7	vented+fan				2.8	0	0.0
Ground_control_Col-0_Dark_bio_rep2	Col-0	leaf	GC	dark	OSD-678	RNAseq	OSD-678__Ground_control_Col-0_Dark_bio_rep2	Veggie	VEGGIE	earth	leaf	9.81	1.0	0.67	22.5	-0.161	2.7	0.0461	14000	0.128	0.188	-0.161	-0.246	0.113	0.169	0.128	-0.161	0.0	100.0			98.9	3.8	5.9	2.7	vented+fan				2.8	0	0.0
Ground_control_Col-0_Light_bio_rep2	Col-0	leaf	GC	light	OSD-678	RNAseq	OSD-678__Ground_control_Col-0_Light_bio_rep2	Veggie	VEGGIE	earth	leaf	9.81	1.0	0.67	22.5	-0.161	2.7	0.0461	14000	0.128	0.188	-0.161	-0.246	0.113	0.169	0.128	-0.161	0.0	100.0			98.9	3.8	5.9	2.7	vented+fan				2.8	0	0.0
Ground_control_Col-0_Light_bio_rep1	Col-0	leaf	GC	light	OSD-678	RNAseq	OSD-678__Ground_control_Col-0_Light_bio_rep1	Veggie	VEGGIE	earth	leaf	9.81	1.0	0.67	22.5	-0.161	2.7	0.0461	14000	0.128	0.188	-0.161	-0.246	0.113	0.169	0.128	-0.161	0.0	100.0			98.9	3.8	5.9	2.7	vented+fan				2.8	0	0.0
Atha_WT-Col-0_sl_FLT_Rep1_G1S1	Col-0	whole_seedling	FLT	light	OSD-38	RNAseq	OSD-38__Atha_WT-Col-0_sl_FLT_Rep1_G1S1	BRIC	BRIC	ug	rosette	0.0	0.291	2.29	8.8	-0.554	8.6	0.0	0	0.384	0.698	-0.554	-1.033	0.36	0.659	0.471	0.577	-0.256	1.0	3.82	0.0	96.5	13.2	24.7	8.6	sealed	7.0	9.4	6.5	11.0	0	0.0
Atha_WT-Col-0_sl_FLT_Rep2_G1S2	Col-0	whole_seedling	FLT	light	OSD-38	RNAseq	OSD-38__Atha_WT-Col-0_sl_FLT_Rep2_G1S2	BRIC	BRIC	ug	rosette	0.0	0.291	2.29	8.8	-0.554	8.6	0.0	0	0.384	0.698	-0.554	-1.033	0.36	0.659	0.471	0.577	-0.256	1.0	3.82	0.0	96.5	13.2	24.7	8.6	sealed	7.0	9.4	6.5	11.0	0	0.0
Atha_WT-Col-0_sl_FLT_Rep3_G1S3	Col-0	whole_seedling	FLT	light	OSD-38	RNAseq	OSD-38__Atha_WT-Col-0_sl_FLT_Rep3_G1S3	BRIC	BRIC	ug	rosette	0.0	0.291	2.29	8.8	-0.554	8.6	0.0	0	0.384	0.698	-0.554	-1.033	0.36	0.659	0.471	0.577	-0.256	1.0	3.82	0.0	96.5	13.2	24.7	8.6	sealed	7.0	9.4	6.5	11.0	0	0.0
Atha_WT-Col-0_sl_GC_Rep1_G2S1	Col-0	whole_seedling	GC	light	OSD-38	RNAseq	OSD-38__Atha_WT-Col-0_sl_GC_Rep1_G2S1	BRIC	BRIC	earth	rosette	9.81	0.54	1.23	16.4	-0.298	4.8	0.0458	62000	0.225	0.509	-0.298	-0.715	0.202	0.469	0.225	-0.298	0.0	100.0				7.1	17.1	4.8	sealed				11.0	0	0.0
Atha_WT-Col-0_sl_GC_Rep2_G2S2	Col-0	whole_seedling	GC	light	OSD-38	RNAseq	OSD-38__Atha_WT-Col-0_sl_GC_Rep2_G2S2	BRIC	BRIC	earth	rosette	9.81	0.54	1.23	16.4	-0.298	4.8	0.0458	62000	0.225	0.509	-0.298	-0.715	0.202	0.469	0.225	-0.298	0.0	100.0				7.1	17.1	4.8	sealed				11.0	0	0.0
Atha_WT-Col-0_sl_GC_Rep3_G2S3	Col-0	whole_seedling	GC	light	OSD-38	RNAseq	OSD-38__Atha_WT-Col-0_sl_GC_Rep3_G2S3	BRIC	BRIC	earth	rosette	9.81	0.54	1.23	16.4	-0.298	4.8	0.0458	62000	0.225	0.509	-0.298	-0.715	0.202	0.469	0.225	-0.298	0.0	100.0				7.1	17.1	4.8	sealed				11.0	0	0.0
Atha_WT-Col-0_sl_LN2_Rep1_n2-1	Col-0	whole_seedling	GC	light	OSD-38	RNAseq	OSD-38__Atha_WT-Col-0_sl_LN2_Rep1_n2-1	BRIC	BRIC	earth	rosette	9.81	0.54	1.23	16.4	-0.298	4.8	0.0458	62000	0.225	0.509	-0.298	-0.715	0.202	0.469	0.225	-0.298	0.0	100.0				7.1	17.1	4.8	sealed				11.0	0	0.0
Atha_WT-Col-0_sl_LN2_Rep2_n2-2	Col-0	whole_seedling	GC	light	OSD-38	RNAseq	OSD-38__Atha_WT-Col-0_sl_LN2_Rep2_n2-2	BRIC	BRIC	earth	rosette	9.81	0.54	1.23	16.4	-0.298	4.8	0.0458	62000	0.225	0.509	-0.298	-0.715	0.202	0.469	0.225	-0.298	0.0	100.0				7.1	17.1	4.8	sealed				11.0	0	0.0
Atha_WT-Col-0_sl_LN2_Rep3_n2-3	Col-0	whole_seedling	GC	light	OSD-38	RNAseq	OSD-38__Atha_WT-Col-0_sl_LN2_Rep3_n2-3	BRIC	BRIC	earth	rosette	9.81	0.54	1.23	16.4	-0.298	4.8	0.0458	62000	0.225	0.509	-0.298	-0.715	0.202	0.469	0.225	-0.298	0.0	100.0				7.1	17.1	4.8	sealed				11.0	0	0.0
Atha_WT-Col-0_sl_RNAlat_Rep1_rl1	Col-0	whole_seedling	GC	light	OSD-38	RNAseq	OSD-38__Atha_WT-Col-0_sl_RNAlat_Rep1_rl1	BRIC	BRIC	earth	rosette	9.81	0.54	1.23	16.4	-0.298	4.8	0.0458	62000	0.225	0.509	-0.298	-0.715	0.202	0.469	0.225	-0.298	0.0	100.0				7.1	17.1	4.8	sealed				11.0	0	0.0
Atha_WT-Col-0_sl_RNAlat_Rep2_rl2	Col-0	whole_seedling	GC	light	OSD-38	RNAseq	OSD-38__Atha_WT-Col-0_sl_RNAlat_Rep2_rl2	BRIC	BRIC	earth	rosette	9.81	0.54	1.23	16.4	-0.298	4.8	0.0458	62000	0.225	0.509	-0.298	-0.715	0.202	0.469	0.225	-0.298	0.0	100.0				7.1	17.1	4.8	sealed				11.0	0	0.0
Atha_WT-Col-0_sl_RNAlat_Rep3_rl3	Col-0	whole_seedling	GC	light	OSD-38	RNAseq	OSD-38__Atha_WT-Col-0_sl_RNAlat_Rep3_rl3	BRIC	BRIC	earth	rosette	9.81	0.54	1.23	16.4	-0.298	4.8	0.0458	62000	0.225	0.509	-0.298	-0.715	0.202	0.469	0.225	-0.298	0.0	100.0				7.1	17.1	4.8	sealed				11.0	0	0.0
Atha_WS-0_Whole-Plant_FLT_Rep1	WS	whole_seedling	FLT	light	OSD-7	microarray	OSD-7__Atha_WS-0_Whole-Plant_FLT_Rep1	APEX-TAGES	BRIC	ug	rosette	0.0	0.291	2.29	8.8	-0.554	8.6	0.0	0	0.384	0.698	-0.554	-1.033	0.36	0.659	0.471	0.577	-0.256	1.0	3.82	0.0	96.5	13.2	24.7	8.6	sealed	7.0	9.4	6.5	11.0	0	0.0
Atha_WS-0_Whole-Plant_FLT_Rep2	WS	whole_seedling	FLT	light	OSD-7	microarray	OSD-7__Atha_WS-0_Whole-Plant_FLT_Rep2	APEX-TAGES	BRIC	ug	rosette	0.0	0.291	2.29	8.8	-0.554	8.6	0.0	0	0.384	0.698	-0.554	-1.033	0.36	0.659	0.471	0.577	-0.256	1.0	3.82	0.0	96.5	13.2	24.7	8.6	sealed	7.0	9.4	6.5	11.0	0	0.0
Atha_WS-0_Whole-Plant_FLT_Rep3	WS	whole_seedling	FLT	light	OSD-7	microarray	OSD-7__Atha_WS-0_Whole-Plant_FLT_Rep3	APEX-TAGES	BRIC	ug	rosette	0.0	0.291	2.29	8.8	-0.554	8.6	0.0	0	0.384	0.698	-0.554	-1.033	0.36	0.659	0.471	0.577	-0.256	1.0	3.82	0.0	96.5	13.2	24.7	8.6	sealed	7.0	9.4	6.5	11.0	0	0.0
Atha_WS-0_Whole-Plant_GC_Rep1	WS	whole_seedling	GC	light	OSD-7	microarray	OSD-7__Atha_WS-0_Whole-Plant_GC_Rep1	APEX-TAGES	BRIC	earth	rosette	9.81	0.54	1.23	16.4	-0.298	4.8	0.0458	62000	0.225	0.509	-0.298	-0.715	0.202	0.469	0.225	-0.298	0.0	100.0				7.1	17.1	4.8	sealed				11.0	0	0.0
Atha_WS-0_Whole-Plant_GC_Rep2	WS	whole_seedling	GC	light	OSD-7	microarray	OSD-7__Atha_WS-0_Whole-Plant_GC_Rep2	APEX-TAGES	BRIC	earth	rosette	9.81	0.54	1.23	16.4	-0.298	4.8	0.0458	62000	0.225	0.509	-0.298	-0.715	0.202	0.469	0.225	-0.298	0.0	100.0				7.1	17.1	4.8	sealed				11.0	0	0.0
Atha_WS-0_Whole-Plant_GC_Rep3	WS	whole_seedling	GC	light	OSD-7	microarray	OSD-7__Atha_WS-0_Whole-Plant_GC_Rep3	APEX-TAGES	BRIC	earth	rosette	9.81	0.54	1.23	16.4	-0.298	4.8	0.0458	62000	0.225	0.509	-0.298	-0.715	0.202	0.469	0.225	-0.298	0.0	100.0				7.1	17.1	4.8	sealed				11.0	0	0.0
Atha_WS-0_Col-0_Shoot_FLT_Rep1	Col-0	shoot	FLT	light	OSD-7	microarray	OSD-7__Atha_WS-0_Col-0_Shoot_FLT_Rep1	APEX-TAGES	BRIC	ug	leaf	0.0	0.494	1.35	11.1	-0.326	5.1	0.0	0	0.231	0.263	-0.326	-0.373	0.215	0.245	0.245	0.312	-0.103	1.0	3.82	0.0	97.9	7.8	8.9	5.1	sealed	7.0	9.4	6.5	2.8	0	0.0
Atha_WS-0_Col-0_Shoot_FLT_Rep2	Col-0	shoot	FLT	light	OSD-7	microarray	OSD-7__Atha_WS-0_Col-0_Shoot_FLT_Rep2	APEX-TAGES	BRIC	ug	leaf	0.0	0.494	1.35	11.1	-0.326	5.1	0.0	0	0.231	0.263	-0.326	-0.373	0.215	0.245	0.245	0.312	-0.103	1.0	3.82	0.0	97.9	7.8	8.9	5.1	sealed	7.0	9.4	6.5	2.8	0	0.0
Atha_WS-0_Col-0_Shoot_FLT_Rep3	Col-0	shoot	FLT	light	OSD-7	microarray	OSD-7__Atha_WS-0_Col-0_Shoot_FLT_Rep3	APEX-TAGES	BRIC	ug	leaf	0.0	0.494	1.35	11.1	-0.326	5.1	0.0	0	0.231	0.263	-0.326	-0.373	0.215	0.245	0.245	0.312	-0.103	1.0	3.82	0.0	97.9	7.8	8.9	5.1	sealed	7.0	9.4	6.5	2.8	0	0.0
Atha_WS-0_Col-0_Shoot_FLT_Rep4	Col-0	shoot	FLT	light	OSD-7	microarray	OSD-7__Atha_WS-0_Col-0_Shoot_FLT_Rep4	APEX-TAGES	BRIC	ug	leaf	0.0	0.494	1.35	11.1	-0.326	5.1	0.0	0	0.231	0.263	-0.326	-0.373	0.215	0.245	0.245	0.312	-0.103	1.0	3.82	0.0	97.9	7.8	8.9	5.1	sealed	7.0	9.4	6.5	2.8	0	0.0
Atha_WS-0_Col-0_Shoot_FLT_Rep5	Col-0	shoot	FLT	light	OSD-7	microarray	OSD-7__Atha_WS-0_Col-0_Shoot_FLT_Rep5	APEX-TAGES	BRIC	ug	leaf	0.0	0.494	1.35	11.1	-0.326	5.1	0.0	0	0.231	0.263	-0.326	-0.373	0.215	0.245	0.245	0.312	-0.103	1.0	3.82	0.0	97.9	7.8	8.9	5.1	sealed	7.0	9.4	6.5	2.8	0	0.0
Atha_WS-0_Col-0_Shoot_GC_Rep1	Col-0	shoot	GC	light	OSD-7	microarray	OSD-7__Atha_WS-0_Col-0_Shoot_GC_Rep1	APEX-TAGES	BRIC	earth	leaf	9.81	1.0	0.67	22.5	-0.161	2.7	0.0461	14000	0.128	0.188	-0.161	-0.246	0.113	0.169	0.128	-0.161	0.0	100.0			98.9	3.8	5.9	2.7	sealed				2.8	0	0.0
Atha_WS-0_Col-0_Shoot_GC_Rep2	Col-0	shoot	GC	light	OSD-7	microarray	OSD-7__Atha_WS-0_Col-0_Shoot_GC_Rep2	APEX-TAGES	BRIC	earth	leaf	9.81	1.0	0.67	22.5	-0.161	2.7	0.0461	14000	0.128	0.188	-0.161	-0.246	0.113	0.169	0.128	-0.161	0.0	100.0			98.9	3.8	5.9	2.7	sealed				2.8	0	0.0
Atha_WS-0_Col-0_Shoot_GC_Rep3	Col-0	shoot	GC	light	OSD-7	microarray	OSD-7__Atha_WS-0_Col-0_Shoot_GC_Rep3	APEX-TAGES	BRIC	earth	leaf	9.81	1.0	0.67	22.5	-0.161	2.7	0.0461	14000	0.128	0.188	-0.161	-0.246	0.113	0.169	0.128	-0.161	0.0	100.0			98.9	3.8	5.9	2.7	sealed				2.8	0	0.0
Atha_WS-0_Col-0_Shoot_GC_Rep4	Col-0	shoot	GC	light	OSD-7	microarray	OSD-7__Atha_WS-0_Col-0_Shoot_GC_Rep4	APEX-TAGES	BRIC	earth	leaf	9.81	1.0	0.67	22.5	-0.161	2.7	0.0461	14000	0.128	0.188	-0.161	-0.246	0.113	0.169	0.128	-0.161	0.0	100.0			98.9	3.8	5.9	2.7	sealed				2.8	0	0.0
Atha_WS-0_Col-0_Shoot_GC_Rep5	Col-0	shoot	GC	light	OSD-7	microarray	OSD-7__Atha_WS-0_Col-0_Shoot_GC_Rep5	APEX-TAGES	BRIC	earth	leaf	9.81	1.0	0.67	22.5	-0.161	2.7	0.0461	14000	0.128	0.188	-0.161	-0.246	0.113	0.169	0.128	-0.161	0.0	100.0			98.9	3.8	5.9	2.7	sealed				2.8	0	0.0
Atha_WS-0_Col-0_Hypocotyl_FLT_Rep1	Col-0	hypocotyl	FLT	light	OSD-7	microarray	OSD-7__Atha_WS-0_Col-0_Hypocotyl_FLT_Rep1	APEX-TAGES	BRIC	ug	leaf	0.0	0.494	1.35	11.1	-0.326	5.1	0.0	0	0.231	0.263	-0.326	-0.373	0.215	0.245	0.245	0.312	-0.103	1.0	3.82	0.0	97.9	7.8	8.9	5.1	sealed	7.0	9.4	6.5	2.8	0	0.0
Atha_WS-0_Col-0_Hypocotyl_FLT_Rep2	Col-0	hypocotyl	FLT	light	OSD-7	microarray	OSD-7__Atha_WS-0_Col-0_Hypocotyl_FLT_Rep2	APEX-TAGES	BRIC	ug	leaf	0.0	0.494	1.35	11.1	-0.326	5.1	0.0	0	0.231	0.263	-0.326	-0.373	0.215	0.245	0.245	0.312	-0.103	1.0	3.82	0.0	97.9	7.8	8.9	5.1	sealed	7.0	9.4	6.5	2.8	0	0.0
Atha_WS-0_Col-0_Hypocotyl_FLT_Rep3	Col-0	hypocotyl	FLT	light	OSD-7	microarray	OSD-7__Atha_WS-0_Col-0_Hypocotyl_FLT_Rep3	APEX-TAGES	BRIC	ug	leaf	0.0	0.494	1.35	11.1	-0.326	5.1	0.0	0	0.231	0.263	-0.326	-0.373	0.215	0.245	0.245	0.312	-0.103	1.0	3.82	0.0	97.9	7.8	8.9	5.1	sealed	7.0	9.4	6.5	2.8	0	0.0
Atha_WS-0_Col-0_Hypocotyl_FLT_Rep4	Col-0	hypocotyl	FLT	light	OSD-7	microarray	OSD-7__Atha_WS-0_Col-0_Hypocotyl_FLT_Rep4	APEX-TAGES	BRIC	ug	leaf	0.0	0.494	1.35	11.1	-0.326	5.1	0.0	0	0.231	0.263	-0.326	-0.373	0.215	0.245	0.245	0.312	-0.103	1.0	3.82	0.0	97.9	7.8	8.9	5.1	sealed	7.0	9.4	6.5	2.8	0	0.0
Atha_WS-0_Col-0_Hypocotyl_FLT_Rep5	Col-0	hypocotyl	FLT	light	OSD-7	microarray	OSD-7__Atha_WS-0_Col-0_Hypocotyl_FLT_Rep5	APEX-TAGES	BRIC	ug	leaf	0.0	0.494	1.35	11.1	-0.326	5.1	0.0	0	0.231	0.263	-0.326	-0.373	0.215	0.245	0.245	0.312	-0.103	1.0	3.82	0.0	97.9	7.8	8.9	5.1	sealed	7.0	9.4	6.5	2.8	0	0.0
Atha_WS-0_Col-0_Hypocotyl_GC_Rep1	Col-0	hypocotyl	GC	light	OSD-7	microarray	OSD-7__Atha_WS-0_Col-0_Hypocotyl_GC_Rep1	APEX-TAGES	BRIC	earth	leaf	9.81	1.0	0.67	22.5	-0.161	2.7	0.0461	14000	0.128	0.188	-0.161	-0.246	0.113	0.169	0.128	-0.161	0.0	100.0			98.9	3.8	5.9	2.7	sealed				2.8	0	0.0
Atha_WS-0_Col-0_Hypocotyl_GC_Rep2	Col-0	hypocotyl	GC	light	OSD-7	microarray	OSD-7__Atha_WS-0_Col-0_Hypocotyl_GC_Rep2	APEX-TAGES	BRIC	earth	leaf	9.81	1.0	0.67	22.5	-0.161	2.7	0.0461	14000	0.128	0.188	-0.161	-0.246	0.113	0.169	0.128	-0.161	0.0	100.0			98.9	3.8	5.9	2.7	sealed				2.8	0	0.0
Atha_WS-0_Col-0_Hypocotyl_GC_Rep3	Col-0	hypocotyl	GC	light	OSD-7	microarray	OSD-7__Atha_WS-0_Col-0_Hypocotyl_GC_Rep3	APEX-TAGES	BRIC	earth	leaf	9.81	1.0	0.67	22.5	-0.161	2.7	0.0461	14000	0.128	0.188	-0.161	-0.246	0.113	0.169	0.128	-0.161	0.0	100.0			98.9	3.8	5.9	2.7	sealed				2.8	0	0.0
Atha_WS-0_Col-0_Hypocotyl_GC_Rep4	Col-0	hypocotyl	GC	light	OSD-7	microarray	OSD-7__Atha_WS-0_Col-0_Hypocotyl_GC_Rep4	APEX-TAGES	BRIC	earth	leaf	9.81	1.0	0.67	22.5	-0.161	2.7	0.0461	14000	0.128	0.188	-0.161	-0.246	0.113	0.169	0.128	-0.161	0.0	100.0			98.9	3.8	5.9	2.7	sealed				2.8	0	0.0
Atha_WS-0_Col-0_Hypocotyl_GC_Rep5	Col-0	hypocotyl	GC	light	OSD-7	microarray	OSD-7__Atha_WS-0_Col-0_Hypocotyl_GC_Rep5	APEX-TAGES	BRIC	earth	leaf	9.81	1.0	0.67	22.5	-0.161	2.7	0.0461	14000	0.128	0.188	-0.161	-0.246	0.113	0.169	0.128	-0.161	0.0	100.0			98.9	3.8	5.9	2.7	sealed				2.8	0	0.0
Atha_WS-0_Col-0_Root_FLT_Rep1	Col-0	root	FLT	light	OSD-7	microarray	OSD-7__Atha_WS-0_Col-0_Root_FLT_Rep1	APEX-TAGES	BRIC	ug	leaf	0.0	0.494	1.35	11.1	-0.326	5.1	0.0	0	0.231	0.263	-0.326	-0.373	0.215	0.245	0.245	0.312	-0.103	1.0	3.82	0.0	97.9	7.8	8.9	5.1	sealed	7.0	9.4	6.5	2.8	0	0.0
Atha_WS-0_Col-0_Root_FLT_Rep2	Col-0	root	FLT	light	OSD-7	microarray	OSD-7__Atha_WS-0_Col-0_Root_FLT_Rep2	APEX-TAGES	BRIC	ug	leaf	0.0	0.494	1.35	11.1	-0.326	5.1	0.0	0	0.231	0.263	-0.326	-0.373	0.215	0.245	0.245	0.312	-0.103	1.0	3.82	0.0	97.9	7.8	8.9	5.1	sealed	7.0	9.4	6.5	2.8	0	0.0
Atha_WS-0_Col-0_Root_FLT_Rep3	Col-0	root	FLT	light	OSD-7	microarray	OSD-7__Atha_WS-0_Col-0_Root_FLT_Rep3	APEX-TAGES	BRIC	ug	leaf	0.0	0.494	1.35	11.1	-0.326	5.1	0.0	0	0.231	0.263	-0.326	-0.373	0.215	0.245	0.245	0.312	-0.103	1.0	3.82	0.0	97.9	7.8	8.9	5.1	sealed	7.0	9.4	6.5	2.8	0	0.0
Atha_WS-0_Col-0_Root_FLT_Rep4	Col-0	root	FLT	light	OSD-7	microarray	OSD-7__Atha_WS-0_Col-0_Root_FLT_Rep4	APEX-TAGES	BRIC	ug	leaf	0.0	0.494	1.35	11.1	-0.326	5.1	0.0	0	0.231	0.263	-0.326	-0.373	0.215	0.245	0.245	0.312	-0.103	1.0	3.82	0.0	97.9	7.8	8.9	5.1	sealed	7.0	9.4	6.5	2.8	0	0.0
Atha_WS-0_Col-0_Root_FLT_Rep5	Col-0	root	FLT	light	OSD-7	microarray	OSD-7__Atha_WS-0_Col-0_Root_FLT_Rep5	APEX-TAGES	BRIC	ug	leaf	0.0	0.494	1.35	11.1	-0.326	5.1	0.0	0	0.231	0.263	-0.326	-0.373	0.215	0.245	0.245	0.312	-0.103	1.0	3.82	0.0	97.9	7.8	8.9	5.1	sealed	7.0	9.4	6.5	2.8	0	0.0
Atha_WS-0_Col-0_Root_GC_Rep1	Col-0	root	GC	light	OSD-7	microarray	OSD-7__Atha_WS-0_Col-0_Root_GC_Rep1	APEX-TAGES	BRIC	earth	leaf	9.81	1.0	0.67	22.5	-0.161	2.7	0.0461	14000	0.128	0.188	-0.161	-0.246	0.113	0.169	0.128	-0.161	0.0	100.0			98.9	3.8	5.9	2.7	sealed				2.8	0	0.0
Atha_WS-0_Col-0_Root_GC_Rep2	Col-0	root	GC	light	OSD-7	microarray	OSD-7__Atha_WS-0_Col-0_Root_GC_Rep2	APEX-TAGES	BRIC	earth	leaf	9.81	1.0	0.67	22.5	-0.161	2.7	0.0461	14000	0.128	0.188	-0.161	-0.246	0.113	0.169	0.128	-0.161	0.0	100.0			98.9	3.8	5.9	2.7	sealed				2.8	0	0.0
Atha_WS-0_Col-0_Root_GC_Rep3	Col-0	root	GC	light	OSD-7	microarray	OSD-7__Atha_WS-0_Col-0_Root_GC_Rep3	APEX-TAGES	BRIC	earth	leaf	9.81	1.0	0.67	22.5	-0.161	2.7	0.0461	14000	0.128	0.188	-0.161	-0.246	0.113	0.169	0.128	-0.161	0.0	100.0			98.9	3.8	5.9	2.7	sealed				2.8	0	0.0
Atha_WS-0_Col-0_Root_GC_Rep4	Col-0	root	GC	light	OSD-7	microarray	OSD-7__Atha_WS-0_Col-0_Root_GC_Rep4	APEX-TAGES	BRIC	earth	leaf	9.81	1.0	0.67	22.5	-0.161	2.7	0.0461	14000	0.128	0.188	-0.161	-0.246	0.113	0.169	0.128	-0.161	0.0	100.0			98.9	3.8	5.9	2.7	sealed				2.8	0	0.0
Atha_WS-0_Col-0_Root_GC_Rep5	Col-0	root	GC	light	OSD-7	microarray	OSD-7__Atha_WS-0_Col-0_Root_GC_Rep5	APEX-TAGES	BRIC	earth	leaf	9.81	1.0	0.67	22.5	-0.161	2.7	0.0461	14000	0.128	0.188	-0.161	-0.246	0.113	0.169	0.128	-0.161	0.0	100.0			98.9	3.8	5.9	2.7	sealed				2.8	0	0.0
Atha_Col-0_sl_FLT_BA1	Col-0	whole_seedling	FLT	light	OSD-17	microarray	OSD-17__Atha_Col-0_sl_FLT_BA1	BRIC	BRIC	ug	rosette	0.0	0.291	2.29	8.8	-0.554	8.6	0.0	0	0.384	0.698	-0.554	-1.033	0.36	0.659	0.471	0.577	-0.256	1.0	3.82	0.0	96.5	13.2	24.7	8.6	sealed	7.0	9.4	6.5	11.0	0	0.0
Atha_Col-0_sl_FLT_BA2	Col-0	whole_seedling	FLT	light	OSD-17	microarray	OSD-17__Atha_Col-0_sl_FLT_BA2	BRIC	BRIC	ug	rosette	0.0	0.291	2.29	8.8	-0.554	8.6	0.0	0	0.384	0.698	-0.554	-1.033	0.36	0.659	0.471	0.577	-0.256	1.0	3.82	0.0	96.5	13.2	24.7	8.6	sealed	7.0	9.4	6.5	11.0	0	0.0
Atha_Col-0_sl_FLT_BA3	Col-0	whole_seedling	FLT	light	OSD-17	microarray	OSD-17__Atha_Col-0_sl_FLT_BA3	BRIC	BRIC	ug	rosette	0.0	0.291	2.29	8.8	-0.554	8.6	0.0	0	0.384	0.698	-0.554	-1.033	0.36	0.659	0.471	0.577	-0.256	1.0	3.82	0.0	96.5	13.2	24.7	8.6	sealed	7.0	9.4	6.5	11.0	0	0.0
Atha_Col-0_sl_FLT_BA4	Col-0	whole_seedling	FLT	light	OSD-17	microarray	OSD-17__Atha_Col-0_sl_FLT_BA4	BRIC	BRIC	ug	rosette	0.0	0.291	2.29	8.8	-0.554	8.6	0.0	0	0.384	0.698	-0.554	-1.033	0.36	0.659	0.471	0.577	-0.256	1.0	3.82	0.0	96.5	13.2	24.7	8.6	sealed	7.0	9.4	6.5	11.0	0	0.0
Atha_Col-0_sl_FLT_BA5	Col-0	whole_seedling	FLT	light	OSD-17	microarray	OSD-17__Atha_Col-0_sl_FLT_BA5	BRIC	BRIC	ug	rosette	0.0	0.291	2.29	8.8	-0.554	8.6	0.0	0	0.384	0.698	-0.554	-1.033	0.36	0.659	0.471	0.577	-0.256	1.0	3.82	0.0	96.5	13.2	24.7	8.6	sealed	7.0	9.4	6.5	11.0	0	0.0
Atha_Col-0_sl_FLT_BG1	Col-0	whole_seedling	FLT	light	OSD-17	microarray	OSD-17__Atha_Col-0_sl_FLT_BG1	BRIC	BRIC	ug	rosette	0.0	0.291	2.29	8.8	-0.554	8.6	0.0	0	0.384	0.698	-0.554	-1.033	0.36	0.659	0.471	0.577	-0.256	1.0	3.82	0.0	96.5	13.2	24.7	8.6	sealed	7.0	9.4	6.5	11.0	0	0.0
Atha_Col-0_sl_GC_BA1	Col-0	whole_seedling	GC	light	OSD-17	microarray	OSD-17__Atha_Col-0_sl_GC_BA1	BRIC	BRIC	earth	rosette	9.81	0.54	1.23	16.4	-0.298	4.8	0.0458	62000	0.225	0.509	-0.298	-0.715	0.202	0.469	0.225	-0.298	0.0	100.0				7.1	17.1	4.8	sealed				11.0	0	0.0
Atha_Col-0_sl_GC_BA2	Col-0	whole_seedling	GC	light	OSD-17	microarray	OSD-17__Atha_Col-0_sl_GC_BA2	BRIC	BRIC	earth	rosette	9.81	0.54	1.23	16.4	-0.298	4.8	0.0458	62000	0.225	0.509	-0.298	-0.715	0.202	0.469	0.225	-0.298	0.0	100.0				7.1	17.1	4.8	sealed				11.0	0	0.0
Atha_Col-0_sl_GC_BA3	Col-0	whole_seedling	GC	light	OSD-17	microarray	OSD-17__Atha_Col-0_sl_GC_BA3	BRIC	BRIC	earth	rosette	9.81	0.54	1.23	16.4	-0.298	4.8	0.0458	62000	0.225	0.509	-0.298	-0.715	0.202	0.469	0.225	-0.298	0.0	100.0				7.1	17.1	4.8	sealed				11.0	0	0.0
Atha_Col-0_sl_GC_BA4	Col-0	whole_seedling	GC	light	OSD-17	microarray	OSD-17__Atha_Col-0_sl_GC_BA4	BRIC	BRIC	earth	rosette	9.81	0.54	1.23	16.4	-0.298	4.8	0.0458	62000	0.225	0.509	-0.298	-0.715	0.202	0.469	0.225	-0.298	0.0	100.0				7.1	17.1	4.8	sealed				11.0	0	0.0
Atha_Col-0_sl_GC_BA5	Col-0	whole_seedling	GC	light	OSD-17	microarray	OSD-17__Atha_Col-0_sl_GC_BA5	BRIC	BRIC	earth	rosette	9.81	0.54	1.23	16.4	-0.298	4.8	0.0458	62000	0.225	0.509	-0.298	-0.715	0.202	0.469	0.225	-0.298	0.0	100.0				7.1	17.1	4.8	sealed				11.0	0	0.0
Atha_Col-0_sl_GC_BG1	Col-0	whole_seedling	GC	light	OSD-17	microarray	OSD-17__Atha_Col-0_sl_GC_BG1	BRIC	BRIC	earth	rosette	9.81	0.54	1.23	16.4	-0.298	4.8	0.0458	62000	0.225	0.509	-0.298	-0.715	0.202	0.469	0.225	-0.298	0.0	100.0				7.1	17.1	4.8	sealed				11.0	0	0.0
Atha_Col-0_UdCC_FLT_BB2	Col-0	undifferentiated cell culture	FLT	light	OSD-17	microarray	OSD-17__Atha_Col-0_UdCC_FLT_BB2	BRIC	BRIC	ug	leaf	0.0	0.494	1.35	11.1	-0.326	5.1	0.0	0	0.231	0.263	-0.326	-0.373	0.215	0.245	0.245	0.312	-0.103	1.0	3.82	0.0	97.9	7.8	8.9	5.1	sealed	7.0	9.4	6.5	2.8	0	0.0
Atha_Col-0_UdCC_FLT_BB3	Col-0	undifferentiated cell culture	FLT	light	OSD-17	microarray	OSD-17__Atha_Col-0_UdCC_FLT_BB3	BRIC	BRIC	ug	leaf	0.0	0.494	1.35	11.1	-0.326	5.1	0.0	0	0.231	0.263	-0.326	-0.373	0.215	0.245	0.245	0.312	-0.103	1.0	3.82	0.0	97.9	7.8	8.9	5.1	sealed	7.0	9.4	6.5	2.8	0	0.0
Atha_Col-0_UdCC_FLT_BB4	Col-0	undifferentiated cell culture	FLT	light	OSD-17	microarray	OSD-17__Atha_Col-0_UdCC_FLT_BB4	BRIC	BRIC	ug	leaf	0.0	0.494	1.35	11.1	-0.326	5.1	0.0	0	0.231	0.263	-0.326	-0.373	0.215	0.245	0.245	0.312	-0.103	1.0	3.82	0.0	97.9	7.8	8.9	5.1	sealed	7.0	9.4	6.5	2.8	0	0.0
Atha_Col-0_UdCC_FLT_BB5	Col-0	undifferentiated cell culture	FLT	light	OSD-17	microarray	OSD-17__Atha_Col-0_UdCC_FLT_BB5	BRIC	BRIC	ug	leaf	0.0	0.494	1.35	11.1	-0.326	5.1	0.0	0	0.231	0.263	-0.326	-0.373	0.215	0.245	0.245	0.312	-0.103	1.0	3.82	0.0	97.9	7.8	8.9	5.1	sealed	7.0	9.4	6.5	2.8	0	0.0
Atha_Col-0_UdCC_FLT_BG2	Col-0	undifferentiated cell culture	FLT	light	OSD-17	microarray	OSD-17__Atha_Col-0_UdCC_FLT_BG2	BRIC	BRIC	ug	leaf	0.0	0.494	1.35	11.1	-0.326	5.1	0.0	0	0.231	0.263	-0.326	-0.373	0.215	0.245	0.245	0.312	-0.103	1.0	3.82	0.0	97.9	7.8	8.9	5.1	sealed	7.0	9.4	6.5	2.8	0	0.0
Atha_Col-0_UdCC_FLT_BG3	Col-0	undifferentiated cell culture	FLT	light	OSD-17	microarray	OSD-17__Atha_Col-0_UdCC_FLT_BG3	BRIC	BRIC	ug	leaf	0.0	0.494	1.35	11.1	-0.326	5.1	0.0	0	0.231	0.263	-0.326	-0.373	0.215	0.245	0.245	0.312	-0.103	1.0	3.82	0.0	97.9	7.8	8.9	5.1	sealed	7.0	9.4	6.5	2.8	0	0.0
Atha_Col-0_UdCC_GC_BB2	Col-0	undifferentiated cell culture	GC	light	OSD-17	microarray	OSD-17__Atha_Col-0_UdCC_GC_BB2	BRIC	BRIC	earth	leaf	9.81	1.0	0.67	22.5	-0.161	2.7	0.0461	14000	0.128	0.188	-0.161	-0.246	0.113	0.169	0.128	-0.161	0.0	100.0			98.9	3.8	5.9	2.7	sealed				2.8	0	0.0
Atha_Col-0_UdCC_GC_BB3	Col-0	undifferentiated cell culture	GC	light	OSD-17	microarray	OSD-17__Atha_Col-0_UdCC_GC_BB3	BRIC	BRIC	earth	leaf	9.81	1.0	0.67	22.5	-0.161	2.7	0.0461	14000	0.128	0.188	-0.161	-0.246	0.113	0.169	0.128	-0.161	0.0	100.0			98.9	3.8	5.9	2.7	sealed				2.8	0	0.0
Atha_Col-0_UdCC_GC_BB4	Col-0	undifferentiated cell culture	GC	light	OSD-17	microarray	OSD-17__Atha_Col-0_UdCC_GC_BB4	BRIC	BRIC	earth	leaf	9.81	1.0	0.67	22.5	-0.161	2.7	0.0461	14000	0.128	0.188	-0.161	-0.246	0.113	0.169	0.128	-0.161	0.0	100.0			98.9	3.8	5.9	2.7	sealed				2.8	0	0.0
Atha_Col-0_UdCC_GC_BB5	Col-0	undifferentiated cell culture	GC	light	OSD-17	microarray	OSD-17__Atha_Col-0_UdCC_GC_BB5	BRIC	BRIC	earth	leaf	9.81	1.0	0.67	22.5	-0.161	2.7	0.0461	14000	0.128	0.188	-0.161	-0.246	0.113	0.169	0.128	-0.161	0.0	100.0			98.9	3.8	5.9	2.7	sealed				2.8	0	0.0
Atha_Col-0_UdCC_GC_BG2	Col-0	undifferentiated cell culture	GC	light	OSD-17	microarray	OSD-17__Atha_Col-0_UdCC_GC_BG2	BRIC	BRIC	earth	leaf	9.81	1.0	0.67	22.5	-0.161	2.7	0.0461	14000	0.128	0.188	-0.161	-0.246	0.113	0.169	0.128	-0.161	0.0	100.0			98.9	3.8	5.9	2.7	sealed				2.8	0	0.0
Atha_Col-0_UdCC_GC_BG3	Col-0	undifferentiated cell culture	GC	light	OSD-17	microarray	OSD-17__Atha_Col-0_UdCC_GC_BG3	BRIC	BRIC	earth	leaf	9.81	1.0	0.67	22.5	-0.161	2.7	0.0461	14000	0.128	0.188	-0.161	-0.246	0.113	0.169	0.128	-0.161	0.0	100.0			98.9	3.8	5.9	2.7	sealed				2.8	0	0.0
Atha_Col-0_HypocotylCC_ARG1-KO_FLT_Rep1	Col-0	hypocotyl	FLT	light	OSD-147	microarray	OSD-147__Atha_Col-0_HypocotylCC_ARG1-KO_FLT_Rep1	BRIC	BRIC	ug	leaf	0.0	0.494	1.35	11.1	-0.326	5.1	0.0	0	0.231	0.263	-0.326	-0.373	0.215	0.245	0.245	0.312	-0.103	1.0	3.82	0.0	97.9	7.8	8.9	5.1	sealed	7.0	9.4	6.5	2.8	0	0.0
Atha_Col-0_HypocotylCC_ARG1-KO_FLT_Rep2	Col-0	hypocotyl	FLT	light	OSD-147	microarray	OSD-147__Atha_Col-0_HypocotylCC_ARG1-KO_FLT_Rep2	BRIC	BRIC	ug	leaf	0.0	0.494	1.35	11.1	-0.326	5.1	0.0	0	0.231	0.263	-0.326	-0.373	0.215	0.245	0.245	0.312	-0.103	1.0	3.82	0.0	97.9	7.8	8.9	5.1	sealed	7.0	9.4	6.5	2.8	0	0.0
Atha_Col-0_HypocotylCC_ARG1-KO_FLT_Rep3	Col-0	hypocotyl	FLT	light	OSD-147	microarray	OSD-147__Atha_Col-0_HypocotylCC_ARG1-KO_FLT_Rep3	BRIC	BRIC	ug	leaf	0.0	0.494	1.35	11.1	-0.326	5.1	0.0	0	0.231	0.263	-0.326	-0.373	0.215	0.245	0.245	0.312	-0.103	1.0	3.82	0.0	97.9	7.8	8.9	5.1	sealed	7.0	9.4	6.5	2.8	0	0.0
Atha_Col-0_HypocotylCC_ARG1-KO_FLT_Rep4	Col-0	hypocotyl	FLT	light	OSD-147	microarray	OSD-147__Atha_Col-0_HypocotylCC_ARG1-KO_FLT_Rep4	BRIC	BRIC	ug	leaf	0.0	0.494	1.35	11.1	-0.326	5.1	0.0	0	0.231	0.263	-0.326	-0.373	0.215	0.245	0.245	0.312	-0.103	1.0	3.82	0.0	97.9	7.8	8.9	5.1	sealed	7.0	9.4	6.5	2.8	0	0.0
Atha_Col-0_HypocotylCC_ARG1-KO_GC_Rep1	Col-0	hypocotyl	GC	light	OSD-147	microarray	OSD-147__Atha_Col-0_HypocotylCC_ARG1-KO_GC_Rep1	BRIC	BRIC	earth	leaf	9.81	1.0	0.67	22.5	-0.161	2.7	0.0461	14000	0.128	0.188	-0.161	-0.246	0.113	0.169	0.128	-0.161	0.0	100.0			98.9	3.8	5.9	2.7	sealed				2.8	0	0.0
Atha_Col-0_HypocotylCC_ARG1-KO_GC_Rep2	Col-0	hypocotyl	GC	light	OSD-147	microarray	OSD-147__Atha_Col-0_HypocotylCC_ARG1-KO_GC_Rep2	BRIC	BRIC	earth	leaf	9.81	1.0	0.67	22.5	-0.161	2.7	0.0461	14000	0.128	0.188	-0.161	-0.246	0.113	0.169	0.128	-0.161	0.0	100.0			98.9	3.8	5.9	2.7	sealed				2.8	0	0.0
Atha_Col-0_HypocotylCC_ARG1-KO_GC_Rep3	Col-0	hypocotyl	GC	light	OSD-147	microarray	OSD-147__Atha_Col-0_HypocotylCC_ARG1-KO_GC_Rep3	BRIC	BRIC	earth	leaf	9.81	1.0	0.67	22.5	-0.161	2.7	0.0461	14000	0.128	0.188	-0.161	-0.246	0.113	0.169	0.128	-0.161	0.0	100.0			98.9	3.8	5.9	2.7	sealed				2.8	0	0.0
Atha_Col-0_HypocotylCC_ARG1-KO_GC_Rep4	Col-0	hypocotyl	GC	light	OSD-147	microarray	OSD-147__Atha_Col-0_HypocotylCC_ARG1-KO_GC_Rep4	BRIC	BRIC	earth	leaf	9.81	1.0	0.67	22.5	-0.161	2.7	0.0461	14000	0.128	0.188	-0.161	-0.246	0.113	0.169	0.128	-0.161	0.0	100.0			98.9	3.8	5.9	2.7	sealed				2.8	0	0.0
Atha_Col-0_HypocotylCC_WT_FLT_Rep1	Col-0	hypocotyl	FLT	light	OSD-147	microarray	OSD-147__Atha_Col-0_HypocotylCC_WT_FLT_Rep1	BRIC	BRIC	ug	leaf	0.0	0.494	1.35	11.1	-0.326	5.1	0.0	0	0.231	0.263	-0.326	-0.373	0.215	0.245	0.245	0.312	-0.103	1.0	3.82	0.0	97.9	7.8	8.9	5.1	sealed	7.0	9.4	6.5	2.8	0	0.0
Atha_Col-0_HypocotylCC_WT_FLT_Rep2	Col-0	hypocotyl	FLT	light	OSD-147	microarray	OSD-147__Atha_Col-0_HypocotylCC_WT_FLT_Rep2	BRIC	BRIC	ug	leaf	0.0	0.494	1.35	11.1	-0.326	5.1	0.0	0	0.231	0.263	-0.326	-0.373	0.215	0.245	0.245	0.312	-0.103	1.0	3.82	0.0	97.9	7.8	8.9	5.1	sealed	7.0	9.4	6.5	2.8	0	0.0
Atha_Col-0_HypocotylCC_WT_FLT_Rep3	Col-0	hypocotyl	FLT	light	OSD-147	microarray	OSD-147__Atha_Col-0_HypocotylCC_WT_FLT_Rep3	BRIC	BRIC	ug	leaf	0.0	0.494	1.35	11.1	-0.326	5.1	0.0	0	0.231	0.263	-0.326	-0.373	0.215	0.245	0.245	0.312	-0.103	1.0	3.82	0.0	97.9	7.8	8.9	5.1	sealed	7.0	9.4	6.5	2.8	0	0.0
Atha_Col-0_HypocotylCC_WT_FLT_Rep4	Col-0	hypocotyl	FLT	light	OSD-147	microarray	OSD-147__Atha_Col-0_HypocotylCC_WT_FLT_Rep4	BRIC	BRIC	ug	leaf	0.0	0.494	1.35	11.1	-0.326	5.1	0.0	0	0.231	0.263	-0.326	-0.373	0.215	0.245	0.245	0.312	-0.103	1.0	3.82	0.0	97.9	7.8	8.9	5.1	sealed	7.0	9.4	6.5	2.8	0	0.0
Atha_Col-0_HypocotylCC_WT_FLT_Rep5	Col-0	hypocotyl	FLT	light	OSD-147	microarray	OSD-147__Atha_Col-0_HypocotylCC_WT_FLT_Rep5	BRIC	BRIC	ug	leaf	0.0	0.494	1.35	11.1	-0.326	5.1	0.0	0	0.231	0.263	-0.326	-0.373	0.215	0.245	0.245	0.312	-0.103	1.0	3.82	0.0	97.9	7.8	8.9	5.1	sealed	7.0	9.4	6.5	2.8	0	0.0
Atha_Col-0_HypocotylCC_WT_GC_Rep1	Col-0	hypocotyl	GC	light	OSD-147	microarray	OSD-147__Atha_Col-0_HypocotylCC_WT_GC_Rep1	BRIC	BRIC	earth	leaf	9.81	1.0	0.67	22.5	-0.161	2.7	0.0461	14000	0.128	0.188	-0.161	-0.246	0.113	0.169	0.128	-0.161	0.0	100.0			98.9	3.8	5.9	2.7	sealed				2.8	0	0.0
Atha_Col-0_HypocotylCC_WT_GC_Rep2	Col-0	hypocotyl	GC	light	OSD-147	microarray	OSD-147__Atha_Col-0_HypocotylCC_WT_GC_Rep2	BRIC	BRIC	earth	leaf	9.81	1.0	0.67	22.5	-0.161	2.7	0.0461	14000	0.128	0.188	-0.161	-0.246	0.113	0.169	0.128	-0.161	0.0	100.0			98.9	3.8	5.9	2.7	sealed				2.8	0	0.0
Atha_Col-0_HypocotylCC_WT_GC_Rep3	Col-0	hypocotyl	GC	light	OSD-147	microarray	OSD-147__Atha_Col-0_HypocotylCC_WT_GC_Rep3	BRIC	BRIC	earth	leaf	9.81	1.0	0.67	22.5	-0.161	2.7	0.0461	14000	0.128	0.188	-0.161	-0.246	0.113	0.169	0.128	-0.161	0.0	100.0			98.9	3.8	5.9	2.7	sealed				2.8	0	0.0
Atha_Col-0_HypocotylCC_WT_GC_Rep4	Col-0	hypocotyl	GC	light	OSD-147	microarray	OSD-147__Atha_Col-0_HypocotylCC_WT_GC_Rep4	BRIC	BRIC	earth	leaf	9.81	1.0	0.67	22.5	-0.161	2.7	0.0461	14000	0.128	0.188	-0.161	-0.246	0.113	0.169	0.128	-0.161	0.0	100.0			98.9	3.8	5.9	2.7	sealed				2.8	0	0.0
Atha_Col-0_HypocotylCC_WT_GC_Rep5	Col-0	hypocotyl	GC	light	OSD-147	microarray	OSD-147__Atha_Col-0_HypocotylCC_WT_GC_Rep5	BRIC	BRIC	earth	leaf	9.81	1.0	0.67	22.5	-0.161	2.7	0.0461	14000	0.128	0.188	-0.161	-0.246	0.113	0.169	0.128	-0.161	0.0	100.0			98.9	3.8	5.9	2.7	sealed				2.8	0	0.0
Atha_Col-0_HypocotylCC_WT_FLT_Rep1	Col-0	hypocotyl	FLT	light	OSD-205	microarray	OSD-205__Atha_Col-0_HypocotylCC_WT_FLT_Rep1	BRIC	BRIC	ug	leaf	0.0	0.494	1.35	11.1	-0.326	5.1	0.0	0	0.231	0.263	-0.326	-0.373	0.215	0.245	0.245	0.312	-0.103	1.0	3.82	0.0	97.9	7.8	8.9	5.1	sealed	7.0	9.4	6.5	2.8	0	0.0
Atha_Col-0_HypocotylCC_WT_FLT_Rep2	Col-0	hypocotyl	FLT	light	OSD-205	microarray	OSD-205__Atha_Col-0_HypocotylCC_WT_FLT_Rep2	BRIC	BRIC	ug	leaf	0.0	0.494	1.35	11.1	-0.326	5.1	0.0	0	0.231	0.263	-0.326	-0.373	0.215	0.245	0.245	0.312	-0.103	1.0	3.82	0.0	97.9	7.8	8.9	5.1	sealed	7.0	9.4	6.5	2.8	0	0.0
Atha_Col-0_HypocotylCC_WT_FLT_Rep3	Col-0	hypocotyl	FLT	light	OSD-205	microarray	OSD-205__Atha_Col-0_HypocotylCC_WT_FLT_Rep3	BRIC	BRIC	ug	leaf	0.0	0.494	1.35	11.1	-0.326	5.1	0.0	0	0.231	0.263	-0.326	-0.373	0.215	0.245	0.245	0.312	-0.103	1.0	3.82	0.0	97.9	7.8	8.9	5.1	sealed	7.0	9.4	6.5	2.8	0	0.0
Atha_Col-0_HypocotylCC_WT_FLT_Rep4	Col-0	hypocotyl	FLT	light	OSD-205	microarray	OSD-205__Atha_Col-0_HypocotylCC_WT_FLT_Rep4	BRIC	BRIC	ug	leaf	0.0	0.494	1.35	11.1	-0.326	5.1	0.0	0	0.231	0.263	-0.326	-0.373	0.215	0.245	0.245	0.312	-0.103	1.0	3.82	0.0	97.9	7.8	8.9	5.1	sealed	7.0	9.4	6.5	2.8	0	0.0
Atha_Col-0_HypocotylCC_WT_FLT_Rep5	Col-0	hypocotyl	FLT	light	OSD-205	microarray	OSD-205__Atha_Col-0_HypocotylCC_WT_FLT_Rep5	BRIC	BRIC	ug	leaf	0.0	0.494	1.35	11.1	-0.326	5.1	0.0	0	0.231	0.263	-0.326	-0.373	0.215	0.245	0.245	0.312	-0.103	1.0	3.82	0.0	97.9	7.8	8.9	5.1	sealed	7.0	9.4	6.5	2.8	0	0.0
Atha_Col-0_HypocotylCC_WT_GC_Rep1	Col-0	hypocotyl	GC	light	OSD-205	microarray	OSD-205__Atha_Col-0_HypocotylCC_WT_GC_Rep1	BRIC	BRIC	earth	leaf	9.81	1.0	0.67	22.5	-0.161	2.7	0.0461	14000	0.128	0.188	-0.161	-0.246	0.113	0.169	0.128	-0.161	0.0	100.0			98.9	3.8	5.9	2.7	sealed				2.8	0	0.0
Atha_Col-0_HypocotylCC_WT_GC_Rep2	Col-0	hypocotyl	GC	light	OSD-205	microarray	OSD-205__Atha_Col-0_HypocotylCC_WT_GC_Rep2	BRIC	BRIC	earth	leaf	9.81	1.0	0.67	22.5	-0.161	2.7	0.0461	14000	0.128	0.188	-0.161	-0.246	0.113	0.169	0.128	-0.161	0.0	100.0			98.9	3.8	5.9	2.7	sealed				2.8	0	0.0
Atha_Col-0_HypocotylCC_WT_GC_Rep3	Col-0	hypocotyl	GC	light	OSD-205	microarray	OSD-205__Atha_Col-0_HypocotylCC_WT_GC_Rep3	BRIC	BRIC	earth	leaf	9.81	1.0	0.67	22.5	-0.161	2.7	0.0461	14000	0.128	0.188	-0.161	-0.246	0.113	0.169	0.128	-0.161	0.0	100.0			98.9	3.8	5.9	2.7	sealed				2.8	0	0.0
Atha_Col-0_HypocotylCC_WT_GC_Rep4	Col-0	hypocotyl	GC	light	OSD-205	microarray	OSD-205__Atha_Col-0_HypocotylCC_WT_GC_Rep4	BRIC	BRIC	earth	leaf	9.81	1.0	0.67	22.5	-0.161	2.7	0.0461	14000	0.128	0.188	-0.161	-0.246	0.113	0.169	0.128	-0.161	0.0	100.0			98.9	3.8	5.9	2.7	sealed				2.8	0	0.0
Atha_Col-0_HypocotylCC_WT_GC_Rep5	Col-0	hypocotyl	GC	light	OSD-205	microarray	OSD-205__Atha_Col-0_HypocotylCC_WT_GC_Rep5	BRIC	BRIC	earth	leaf	9.81	1.0	0.67	22.5	-0.161	2.7	0.0461	14000	0.128	0.188	-0.161	-0.246	0.113	0.169	0.128	-0.161	0.0	100.0			98.9	3.8	5.9	2.7	sealed				2.8	0	0.0
Atha_Col-0_HypocotylCC_HSFA2-KO_FLT_Rep1	Col-0	hypocotyl	FLT	light	OSD-205	microarray	OSD-205__Atha_Col-0_HypocotylCC_HSFA2-KO_FLT_Rep1	BRIC	BRIC	ug	leaf	0.0	0.494	1.35	11.1	-0.326	5.1	0.0	0	0.231	0.263	-0.326	-0.373	0.215	0.245	0.245	0.312	-0.103	1.0	3.82	0.0	97.9	7.8	8.9	5.1	sealed	7.0	9.4	6.5	2.8	0	0.0
Atha_Col-0_HypocotylCC_HSFA2-KO_FLT_Rep2	Col-0	hypocotyl	FLT	light	OSD-205	microarray	OSD-205__Atha_Col-0_HypocotylCC_HSFA2-KO_FLT_Rep2	BRIC	BRIC	ug	leaf	0.0	0.494	1.35	11.1	-0.326	5.1	0.0	0	0.231	0.263	-0.326	-0.373	0.215	0.245	0.245	0.312	-0.103	1.0	3.82	0.0	97.9	7.8	8.9	5.1	sealed	7.0	9.4	6.5	2.8	0	0.0
Atha_Col-0_HypocotylCC_HSFA2-KO_FLT_Rep3	Col-0	hypocotyl	FLT	light	OSD-205	microarray	OSD-205__Atha_Col-0_HypocotylCC_HSFA2-KO_FLT_Rep3	BRIC	BRIC	ug	leaf	0.0	0.494	1.35	11.1	-0.326	5.1	0.0	0	0.231	0.263	-0.326	-0.373	0.215	0.245	0.245	0.312	-0.103	1.0	3.82	0.0	97.9	7.8	8.9	5.1	sealed	7.0	9.4	6.5	2.8	0	0.0
Atha_Col-0_HypocotylCC_HSFA2-KO_GC_Rep1	Col-0	hypocotyl	GC	light	OSD-205	microarray	OSD-205__Atha_Col-0_HypocotylCC_HSFA2-KO_GC_Rep1	BRIC	BRIC	earth	leaf	9.81	1.0	0.67	22.5	-0.161	2.7	0.0461	14000	0.128	0.188	-0.161	-0.246	0.113	0.169	0.128	-0.161	0.0	100.0			98.9	3.8	5.9	2.7	sealed				2.8	0	0.0
Atha_Col-0_HypocotylCC_HSFA2-KO_GC_Rep2	Col-0	hypocotyl	GC	light	OSD-205	microarray	OSD-205__Atha_Col-0_HypocotylCC_HSFA2-KO_GC_Rep2	BRIC	BRIC	earth	leaf	9.81	1.0	0.67	22.5	-0.161	2.7	0.0461	14000	0.128	0.188	-0.161	-0.246	0.113	0.169	0.128	-0.161	0.0	100.0			98.9	3.8	5.9	2.7	sealed				2.8	0	0.0
Atha_Col-0_HypocotylCC_HSFA2-KO_GC_Rep3	Col-0	hypocotyl	GC	light	OSD-205	microarray	OSD-205__Atha_Col-0_HypocotylCC_HSFA2-KO_GC_Rep3	BRIC	BRIC	earth	leaf	9.81	1.0	0.67	22.5	-0.161	2.7	0.0461	14000	0.128	0.188	-0.161	-0.246	0.113	0.169	0.128	-0.161	0.0	100.0			98.9	3.8	5.9	2.7	sealed				2.8	0	0.0
