pathway	cfd_covariate	correlation	p_value	n	fdr
auxin_biosynthesis	g_bl_mol_m2_s	-0.22984665041481767	4.795639887907515e-05	307	5.300444086634621e-05
auxin_biosynthesis	carbon_12h_pct_earth	0.2398766062288047	2.1567164311623117e-05	307	2.481701098871701e-05
auxin_biosynthesis	delta_mm	0.220078295452243	0.0001010199833884401	307	0.0001074136532231515
auxin_signaling	g_bl_mol_m2_s	-0.3717385453453649	1.702445755658258e-11	307	1.5889493719477075e-10
auxin_signaling	carbon_12h_pct_earth	0.22406048604421896	7.485289205347679e-05	307	8.061080682682115e-05
auxin_signaling	delta_mm	0.36122792496494965	6.798211725727496e-11	307	5.710497849611097e-10
auxin_transport	g_bl_mol_m2_s	-0.24863442843928216	1.042952088671148e-05	307	1.2696808035996585e-05
auxin_transport	carbon_12h_pct_earth	0.2727038304059624	1.2289239065774206e-06	307	1.911659410231543e-06
auxin_transport	delta_mm	0.2498591535840305	9.401568959563132e-06	307	1.1613702832401516e-05
auxin_response_genes	g_bl_mol_m2_s	-0.3783311884135562	6.960650514504763e-12	307	7.308683040230002e-11
auxin_response_genes	carbon_12h_pct_earth	0.15748220782737632	0.005686505929765062	307	0.005897117260497102
auxin_response_genes	delta_mm	0.38214144490966173	4.112759714285416e-12	307	4.935311657142499e-11
cytokinin_biosynthesis	g_bl_mol_m2_s	-0.32366094797917244	6.442139078583107e-09	307	2.0813064715422347e-08
cytokinin_biosynthesis	carbon_12h_pct_earth	0.2565842710540271	5.267431168098882e-06	307	6.704003304853123e-06
cytokinin_biosynthesis	delta_mm	0.3060718916564242	4.428914026897675e-08	307	9.539199442548837e-08
cytokinin_signaling	g_bl_mol_m2_s	-0.3300573497793595	3.0968735770980594e-09	307	1.1310320890271173e-08
cytokinin_signaling	carbon_12h_pct_earth	0.2585242464634566	4.443320132057401e-06	307	5.74213678604341e-06
cytokinin_signaling	delta_mm	0.31599741919585544	1.5153567077288423e-08	307	3.857271619673417e-08
ethylene_biosynthesis	g_bl_mol_m2_s	-0.33910530067429406	1.0671753201963219e-09	307	5.273101582146532e-09
ethylene_biosynthesis	carbon_12h_pct_earth	0.2388847144453261	2.337711685060165e-05	307	2.653618669527755e-05
ethylene_biosynthesis	delta_mm	0.3280288426777507	3.9138573283022e-09	307	1.36985006490577e-08
ethylene_signaling	g_bl_mol_m2_s	-0.3246814965280776	5.738124021235273e-09	307	1.9280096711350517e-08
ethylene_signaling	carbon_12h_pct_earth	0.2639021448844416	2.752775235674263e-06	307	3.700511393862947e-06
ethylene_signaling	delta_mm	0.3176421426414536	1.2637628020176083e-08	307	3.538535845649303e-08
aba_biosynthesis	g_bl_mol_m2_s	-0.3522827932884739	2.1239709806512934e-10	307	1.4867796864559053e-09
aba_biosynthesis	carbon_12h_pct_earth	0.24197440408854465	1.8166931093574747e-05	307	2.119475294250387e-05
aba_biosynthesis	delta_mm	0.33847301324500495	1.1509560061188927e-09	307	5.371128028554833e-09
aba_signaling	g_bl_mol_m2_s	-0.3493117527463907	3.076653247396986e-10	307	1.9879913290872833e-09
aba_signaling	carbon_12h_pct_earth	0.2671345072304012	2.0539269723305427e-06	307	2.87549776126276e-06
aba_signaling	delta_mm	0.3348388091427359	1.7712671526604889e-09	307	7.243508913400781e-09
ga_biosynthesis	g_bl_mol_m2_s	-0.27078659128037735	1.4685062748174248e-06	307	2.1641145102572575e-06
ga_biosynthesis	carbon_12h_pct_earth	0.2420246141573358	1.8092140305942695e-05	307	2.119475294250387e-05
ga_biosynthesis	delta_mm	0.2715688999788378	1.3657938738954625e-06	307	2.085939734676706e-06
ga_signaling	g_bl_mol_m2_s	-0.3144822111082271	1.789507035379537e-08	307	4.4211350285847385e-08
ga_signaling	carbon_12h_pct_earth	0.2638112555476752	2.7753835453972102e-06	307	3.700511393862947e-06
ga_signaling	delta_mm	0.3036194074966569	5.737924086081643e-08	307	1.204964058077145e-07
ja_biosynthesis	g_bl_mol_m2_s	-0.3346510876984477	1.8108772283501952e-09	307	7.243508913400781e-09
ja_biosynthesis	carbon_12h_pct_earth	0.25973424565162695	3.993197903994314e-06	307	5.241072248992538e-06
ja_biosynthesis	delta_mm	0.3199969542574016	9.72615754909644e-09	307	2.917847264728932e-08
ja_signaling	g_bl_mol_m2_s	-0.3576077750206229	1.0826470669036772e-10	307	8.267486692718989e-10
ja_signaling	carbon_12h_pct_earth	0.22767958556276163	5.6734646174395766e-05	307	6.189234128115902e-05
ja_signaling	delta_mm	0.34318741583542367	6.52438256536578e-10	307	3.6536542366048367e-09
sa_biosynthesis	g_bl_mol_m2_s	-0.2979178027232454	1.0380509044516316e-07	307	1.9376950216430458e-07
sa_biosynthesis	carbon_12h_pct_earth	0.2929148012818685	1.7281903524634892e-07	307	3.024333116811106e-07
sa_biosynthesis	delta_mm	0.28427226271207134	4.075010280251123e-07	307	6.985731909001924e-07
sa_signaling	g_bl_mol_m2_s	-0.29544326263910115	1.33733482865315e-07	307	2.4420896871057515e-07
sa_signaling	carbon_12h_pct_earth	0.293711948686447	1.5944172198195757e-07	307	2.8495967332945607e-07
sa_signaling	delta_mm	0.2819648913630761	5.099106633424898e-07	307	8.566499144153829e-07
photosynthesis_light_reactions	g_bl_mol_m2_s	-0.46700080307285774	4.916002320210504e-18	307	4.1294419489768237e-16
photosynthesis_light_reactions	carbon_12h_pct_earth	0.00554863958826049	0.9228660260011408	307	0.9228660260011408
photosynthesis_light_reactions	delta_mm	0.4602858499717287	1.6712830787029013e-17	307	7.019388930552186e-16
calvin_cycle	g_bl_mol_m2_s	-0.4224700868801139	1.0151750144028014e-14	307	2.0799710622266105e-13
calvin_cycle	carbon_12h_pct_earth	0.14563357190411183	0.010620836627044007	307	0.010879881422825569
calvin_cycle	delta_mm	0.41524269717182805	3.162937975618106e-14	307	4.4281131658653487e-13
starch_metabolism	g_bl_mol_m2_s	-0.3024790584554403	6.466854524821095e-08	307	1.2632925118255162e-07
starch_metabolism	carbon_12h_pct_earth	0.2795385980171688	6.440715529444353e-07	307	1.0404232778333185e-06
starch_metabolism	delta_mm	0.30219132426678913	6.664430191552682e-08	307	1.272300309296421e-07
sucrose_metabolism	g_bl_mol_m2_s	-0.3077193884657333	3.71680497302586e-08	307	8.216095203530849e-08
sucrose_metabolism	carbon_12h_pct_earth	0.19709498846769252	0.0005138552035261216	307	0.0005395479637024278
sucrose_metabolism	delta_mm	0.30839251515798166	3.4588430922082075e-08	307	7.852508641769985e-08
glycolysis	g_bl_mol_m2_s	-0.3182950918330064	1.1755204370801266e-08	307	3.404955748783815e-08
glycolysis	carbon_12h_pct_earth	0.2690859126678665	1.7178873159837376e-06	307	2.487974733493689e-06
glycolysis	delta_mm	0.3103350889552823	2.8076168702289714e-08	307	6.738280488549532e-08
trehalose_metabolism	g_bl_mol_m2_s	-0.3472445205642896	3.972500588032783e-10	307	2.38350035281967e-09
trehalose_metabolism	carbon_12h_pct_earth	0.24237310985742033	1.7581023003086208e-05	307	2.109722760370345e-05
trehalose_metabolism	delta_mm	0.3352772525115595	1.6819981548198396e-09	307	7.243508913400781e-09
cell_wall_biosynthesis	g_bl_mol_m2_s	-0.3204869519274133	9.207749401394276e-09	307	2.864633147100441e-08
cell_wall_biosynthesis	carbon_12h_pct_earth	0.23737375546793416	2.641294725654057e-05	307	2.958250092732544e-05
cell_wall_biosynthesis	delta_mm	0.31666457863341924	1.4079533675744465e-08	307	3.8150994476210804e-08
lignin_biosynthesis	g_bl_mol_m2_s	-0.27468023066288516	1.0213303584580859e-06	307	1.6187122662354568e-06
lignin_biosynthesis	carbon_12h_pct_earth	0.28125013999064025	5.463578433394394e-07	307	8.998835066767238e-07
lignin_biosynthesis	delta_mm	0.2677356984233979	1.944221811915312e-06	307	2.7680446135743425e-06
oxidative_stress	g_bl_mol_m2_s	-0.34051287593445745	9.013642099206523e-10	307	4.732162102083425e-09
oxidative_stress	carbon_12h_pct_earth	0.26470028240412585	2.56165445340022e-06	307	3.527524165338008e-06
oxidative_stress	delta_mm	0.333280971759661	2.1271426323741458e-09	307	8.121817323610375e-09
heat_shock	g_bl_mol_m2_s	-0.42769270000391885	4.389959080194334e-15	307	1.2291885424544135e-13
heat_shock	carbon_12h_pct_earth	0.12809399750908987	0.02480111691130896	307	0.02509992554879461
heat_shock	delta_mm	0.4212201303306482	1.2380780132301252e-14	307	2.0799710622266105e-13
dna_damage_response	g_bl_mol_m2_s	-0.3091595156750542	3.1859551201037296e-08	307	7.433895280242036e-08
dna_damage_response	carbon_12h_pct_earth	0.27120685264853917	1.412443450285597e-06	307	2.1186651754283955e-06
dna_damage_response	delta_mm	0.3026671591001313	6.340758535781882e-08	307	1.2632925118255162e-07
gravitropism_signaling	g_bl_mol_m2_s	-0.3160095992105613	1.5133267529210492e-08	307	3.857271619673417e-08
gravitropism_signaling	carbon_12h_pct_earth	0.25199330114665924	7.836445769840952e-06	307	9.82479768159164e-06
gravitropism_signaling	delta_mm	0.30295427227905986	6.152846927467918e-08	307	1.2605832729446468e-07
